#TITLE,KEY,VALUE,SWMH,,,,,,,,,,,x
d_esthonia,d_esthonia,,Estonia,,,,,,,,,,,x
d_esthonia,d_esthonia_adj,,Estonian,,,,,,,,,,,x
c_reval,PROV378,,Kalevan,,,,,,,,,,,x
c_reval,c_reval_adj,,Kalevanian,,,,,,,,,,,x
c_reval,c_reval_adj_danish,,Revalian,,,,,,,,,,,x
c_reval,c_reval_adj_german,,Revalian,,,,,,,,,,,x
c_reval,c_reval_adj_norwegian,,Revalian,,,,,,,,,,,x
c_reval,c_reval_adj_swedish,,Revalian,,,,,,,,,,,x
c_reval,danish,,Reval,,,,,,,,,,,x
c_reval,german,,Reval,,,,,,,,,,,x
c_reval,norse,,Reval,,,,,,,,,,,x
c_reval,norwegian,,Reval,,,,,,,,,,,x
c_reval,swedish,,Reval,,,,,,,,,,,x
b_reval,b_reval,,Kalevan,,,,,,,,,,,x
b_reval,danish,,Reval,,,,,,,,,,,x
b_reval,german,,Reval,,,,,,,,,,,x
b_reval,norse,,Reval,,,,,,,,,,,x
b_reval,norwegian,,Reval,,,,,,,,,,,x
b_reval,swedish,,Reval,,,,,,,,,,,x
b_hapsal,b_hapsal,,Haapsalu,,,,,,,,,,,x
b_hapsal,danish,,Hapsal,,,,,,,,,,,x
b_hapsal,german,,Hapsal,,,,,,,,,,,x
b_hapsal,norse,,Hapsal,,,,,,,,,,,x
b_hapsal,norwegian,,Hapsal,,,,,,,,,,,x
b_hapsal,swedish,,Hapsal,,,,,,,,,,,x
b_toompea,b_toompea,,Toompea,,,,,,,,,,,x
b_toompea,danish,,Domberg,,,,,,,,,,,x
b_toompea,german,,Domberg,,,,,,,,,,,x
b_toompea,norse,,Domberg,,,,,,,,,,,x
b_toompea,norwegian,,Domberg,,,,,,,,,,,x
b_toompea,swedish,,Domberg,,,,,,,,,,,x
b_leal,b_leal,,Lihula,,,,,,,,,,,x
b_leal,danish,,Lehal,,,,,,,,,,,x
b_leal,german,,Leal,,,,,,,,,,,x
b_leal,norse,,Leal,,,,,,,,,,,x
b_leal,norwegian,,Lehal,,,,,,,,,,,x
b_leal,swedish,,Lehal,,,,,,,,,,,x
b_borpeal,b_borpeal,,Borpeal,,,,,,,,,,,x
b_laane,b_laane,,Lääne,,,,,,,,,,,x
b_pades,b_pades,,Pades,,,,,,,,,,,x
b_parnaw,b_parnaw,,Parnaw,,,,,,,,,,,x
c_narva,PROV380,,Narva,,,,,,,,,,,x
c_narva,c_narva_adj,,Narvaian,,,,,,,,,,,x
b_narva,b_narva,,Narva,,,,,,,,,,,x
b_agelinde,b_agelinde,,Agelinde,,,,,,,,,,,x
b_wesenberg,b_wesenberg,,Wesenber,,,,,,,,,,,x
b_telsborg,b_telsborg,,Telsborg,,,,,,,,,,,x
b_pudiviru,b_pudiviru,,Pudiviru,,,,,,,,,,,x
b_askala,b_askala,,Äskälä,,,,,,,,,,,x
b_repel,b_repel,,Repel,,,,,,,,,,,x
b_alentagh,b_alentagh,,Alentagh,,,,,,,,,,,x
c_vodi,PROV411,,Ingria,,,,,,,,,,,x
c_vodi,c_vodi_adj,,Ingrian,,,,,,,,,,,x
c_vodi,finnish,,Inkeri,,,,,,,,,,,x
c_vodi,ilmenian,,Ingriya,,,,,,,,,,,x
c_vodi,russian,,Ingriya,,,,,,,,,,,x
c_vodi,severian,,Ingriya,,,,,,,,,,,x
c_vodi,swedish,,Ingermanland,,,,,,,,,,,x
b_nyen,b_nyen,,Nyen,,,,,,,,,,,x
b_nyen,finnish,,Nevanlinna,,,,,,,,,,,x
b_noteborg,b_noteborg,,Pähkinälinna,,,,,,,,,,,x
b_noteborg,danish,,Nøteborg,,,,,,,,,,,x
b_noteborg,german,,Schlüsselburg,,,,,,,,,,,x
b_noteborg,norse,,Nöteborg,,,,,,,,,,,x
b_noteborg,norwegian,,Nøteborg,,,,,,,,,,,x
b_noteborg,russian,,Oreshek,,,,,,,,,,,x
b_noteborg,swedish,,Nöteborg,,,,,,,,,,,x
b_valaam,b_valaam,,Valaam,,,,,,,,,,,x
b_valaam,finnish,,Valamo,,,,,,,,,,,x
b_valaam,norse,,Valamo,,,,,,,,,,,x
b_valaam,swedish,,Valamo,,,,,,,,,,,x
b_jogopera,b_jogopera,,Jõgõperä,,,,,,,,,,,x
b_ivanovskaya,b_ivanovskaya,,Täysinä,,,,,,,,,,,x
b_ivanovskaya,danish,,Teusina,,,,,,,,,,,x
b_ivanovskaya,norse,,Teusina,,,,,,,,,,,x
b_ivanovskaya,norwegian,,Teusina,,,,,,,,,,,x
b_ivanovskaya,russian,,Tyavzino,,,,,,,,,,,x
b_ivanovskaya,swedish,,Teusina,,,,,,,,,,,x
b_nosok,b_nosok,,Nosok,,,,,,,,,,,x
b_liivtsula,b_liivtsula,,Liivtšülä,,,,,,,,,,,x
b_khotchino,b_khotchino,,Khotchino,,,,,,,,,,,x
b_khotchino,finnish,,Hatsina,,,,,,,,,,,x
b_khotchino,norse,,Hatsina,,,,,,,,,,,x
b_khotchino,swedish,,Hatsina,,,,,,,,,,,x
d_livonia,d_livonia,,Livonia,,,,,,,,,,,x
d_livonia,d_livonia_adj,,Livonian,,,,,,,,,,,x
c_lettigalians,PROV375,,Liivimaa,,,,,,,,,,,x
c_lettigalians,c_lettigalians_adj,,Lettigallian,,,,,,,,,,,x
c_lettigalians,danish,,Livland,,,,,,,,,,,x
c_lettigalians,german,,Livland,,,,,,,,,,,x
c_lettigalians,norse,,Livland,,,,,,,,,,,x
c_lettigalians,norwegian,,Livland,,,,,,,,,,,x
c_lettigalians,swedish,,Livland,,,,,,,,,,,x
b_gaujiena,b_gaujiena,,Gaujiena,,,,,,,,,,,x
b_gaujiena,german,,Adsel,,,,,,,,,,,x
b_gaujiena,lithuanian,,Atzeles,,,,,,,,,,,x
b_gaujiena,ugricbaltic,,Atsela,,,,,,,,,,,x
b_kokenois,b_kokenois,,Kokenois,,,,,,,,,,,x
b_kokenois,german,,Kokenhusen,,,,,,,,,,,x
b_kokenois,lithuanian,,Koknese,,,,,,,,,,,x
b_kokenois,polish,,Koknese,,,,,,,,,,,x
b_kokenois,ugricbaltic,,Koknese,,,,,,,,,,,x
b_uxkull,b_uxkull,,Ikskila,,,,,,,,,,,x
b_uxkull,danish,,Yxkull,,,,,,,,,,,x
b_uxkull,german,,Üxküll,,,,,,,,,,,x
b_uxkull,lithuanian,,Ikškile,,,,,,,,,,,x
b_uxkull,norse,,Yxkull,,,,,,,,,,,x
b_uxkull,norwegian,,Yxkull,,,,,,,,,,,x
b_uxkull,polish,,Ikškile,,,,,,,,,,,x
b_uxkull,swedish,,Yxkull,,,,,,,,,,,x
b_uxkull,ugricbaltic,,Ikškila,,,,,,,,,,,x
b_wenden,b_wenden,,Wenden,,,,,,,,,,,x
b_wenden,lithuanian,,Cesys,,,,,,,,,,,x
b_wenden,polish,,Kies,,,,,,,,,,,x
b_wenden,ugricbaltic,,Võnnu,,,,,,,,,,,x
b_wolmer,b_wolmer,,Wolmer,,,,,,,,,,,x
b_wolmer,german,,Wolmar,,,,,,,,,,,x
b_wolmer,lithuanian,,Valmiera,,,,,,,,,,,x
b_wolmer,polish,,Valmiera,,,,,,,,,,,x
b_wolmer,ugricbaltic,,Valmiera,,,,,,,,,,,x
b_lemisele,b_lemisele,,Lemisele,,,,,,,,,,,x
b_lemisele,danish,,Lemsal,,,,,,,,,,,x
b_lemisele,german,,Lemsal,,,,,,,,,,,x
b_lemisele,lithuanian,,Limbažiai,,,,,,,,,,,x
b_lemisele,norse,,Lemsal,,,,,,,,,,,x
b_lemisele,norwegian,,Lemsal,,,,,,,,,,,x
b_lemisele,polish,,Limbaži,,,,,,,,,,,x
b_lemisele,swedish,,Lemsal,,,,,,,,,,,x
b_lemisele,ugricbaltic,,Lemsalu,,,,,,,,,,,x
b_seswegen,b_seswegen,,Seswegen,,,,,,,,,,,x
b_seswegen,german,,Sesswegen,,,,,,,,,,,x
b_seswegen,lithuanian,,Cesvaine,,,,,,,,,,,x
b_seswegen,polish,,Cesvaine,,,,,,,,,,,x
b_seswegen,ugricbaltic,,Cesvaine,,,,,,,,,,,x
c_livs,PROV377,,Läänemaa,,,,,,,,,,,x
c_livs,c_livs_adj,,Livonian,,,,,,,,,,,x
c_livs,danish,,Lääne,,,,,,,,,,,x
c_livs,swedish,,Lääne,,,,,,,,,,,x
b_salaspils,b_salaspils,,Salaspils,,,,,,,,,,,x
b_haapsalu,b_haapsalu,,Haapsalu,,,,,,,,,,,x
b_lihula,b_lihula,,Lihula,,,,,,,,,,,x
b_lihula,german,,Leal,,,,,,,,,,,x
b_parnu,b_parnu,,Parnu,,,,,,,,,,,x
b_parnu,german,,Pernau,,,,,,,,,,,x
b_parnu,lithuanian,,Pernu,,,,,,,,,,,x
b_parnu,polish,,Parnawa,,,,,,,,,,,x
b_parnu,ugricbaltic,,Pärnu,,,,,,,,,,,x
b_martna,b_martna,,Martna,,,,,,,,,,,x
b_kullamaa,b_kullamaa,,Kullamaa,,,,,,,,,,,x
b_karuse,b_karuse,,Karuse,,,,,,,,,,,x
b_pooravere,b_pooravere,,Pööravere,,,,,,,,,,,x
b_piirsalu,b_piirsalu,,Piirsalu,,,,,,,,,,,x
c_dorpat,PROV379,,Tartu,,,,,,,,,,,x
c_dorpat,c_dorpat_adj,,Dorpatian,,,,,,,,,,,x
c_dorpat,danish,,Dorpat,,,,,,,,,,,x
c_dorpat,german,,Dorpat,,,,,,,,,,,x
c_dorpat,norse,,Dorpat,,,,,,,,,,,x
c_dorpat,norwegian,,Dorpat,,,,,,,,,,,x
c_dorpat,swedish,,Dorpat,,,,,,,,,,,x
b_tartu,b_tartu,,Tartu,,,,,,,,,,,x
b_tartu,danish,,Dorpat,,,,,,,,,,,x
b_tartu,german,,Dorpat,,,,,,,,,,,x
b_tartu,norse,,Dorpat,,,,,,,,,,,x
b_tartu,norwegian,,Dorpat,,,,,,,,,,,x
b_tartu,swedish,,Dorpat,,,,,,,,,,,x
b_jarva,b_jarva,,Järva,,,,,,,,,,,x
b_fellin,b_fellin,,Fellin,,,,,,,,,,,x
b_odenpah,b_odenpah,,Odenpäh,,,,,,,,,,,x
b_lais,b_lais,,Lais,,,,,,,,,,,x
b_vastseliina,b_vastseliina,,Vastseliina,,,,,,,,,,,x
b_kirrumpa,b_kirrumpa,,Kirrumpä,,,,,,,,,,,x
b_vanakastre,b_vanakastre,,Vana-Kastre,,,,,,,,,,,x
c_osel,PROV376,,Saaremaa,,,,,,,,,,,x
c_osel,c_osel_adj,,Öselian,,,,,,,,,,,x
c_osel,danish,,Øsel,,,,,,,,,,,x
c_osel,german,,Ösel,,,,,,,,,,,x
c_osel,norse,,Ösel,,,,,,,,,,,x
c_osel,norwegian,,Øsel,,,,,,,,,,,x
c_osel,swedish,,Ösel,,,,,,,,,,,x
b_kuressare,b_kuressare,,Kuressaare,,,,,,,,,,,x
b_kuressare,danish,,Arensborg,,,,,,,,,,,x
b_kuressare,german,,Arensburg,,,,,,,,,,,x
b_kuressare,norse,,Arensborg,,,,,,,,,,,x
b_kuressare,norwegian,,Arensborg,,,,,,,,,,,x
b_kuressare,swedish,,Arensborg,,,,,,,,,,,x
b_hiiumaa,b_hiiumaa,,Hiiumaa,,,,,,,,,,,x
b_hiiumaa,danish,,Dagø,,,,,,,,,,,x
b_hiiumaa,german,,Dagö,,,,,,,,,,,x
b_hiiumaa,norse,,Dagö,,,,,,,,,,,x
b_hiiumaa,norwegian,,Dagø,,,,,,,,,,,x
b_hiiumaa,swedish,,Dagö,,,,,,,,,,,x
b_muhu,b_muhu,,Muhu,,,,,,,,,,,x
b_muhu,danish,,Moon,,,,,,,,,,,x
b_muhu,german,,Mohn,,,,,,,,,,,x
b_muhu,norse,,Moon,,,,,,,,,,,x
b_muhu,norwegian,,Moon,,,,,,,,,,,x
b_muhu,swedish,,Moon,,,,,,,,,,,x
b_valjala,b_valjala,,Valjala,,,,,,,,,,,x
b_poide,b_poide,,Pöide,,,,,,,,,,,x
b_leisi,b_leisi,,Leisi,,,,,,,,,,,x
b_orisaare,b_orisaare,,Orisaare,,,,,,,,,,,x
b_kaarma,b_kaarma,,Kaarma,,,,,,,,,,,x
e_wendish_empire,e_wendish_empire,,Wendish Empire,,,,,,,,,,,x
e_wendish_empire,e_wendish_empire_adj,,Wendish,,,,,,,,,,,x
e_wendish_empire,short_name,,yes,,,,,,,,,,,x
k_poland,k_poland,,Poland,,,,,,,,,,,x
k_poland,k_poland_adj,,Polish,,,,,,,,,,,x
d_mazovia,d_mazovia,,Mazovia,,,,,,,,,,,x
d_mazovia,d_mazovia_adj,,Mazovian,,,,,,,,,,,x
c_plock,PROV529,,Plock,,,,,,,,,,,x
c_plock,c_plock_adj,,Plockian,,,,,,,,,,,x
b_plock,b_plock,,Plock,,,,,,,,,,,x
b_pruszkow,b_pruszkow,,Pruszkow,,,,,,,,,,,x
b_warszawa,b_warszawa,,Warszawa,,,,,,,,,,,x
b_ostroleka,b_ostroleka,,Ostroleka,,,,,,,,,,,x
b_pultusk,b_pultusk,,Pultusk,,,,,,,,,,,x
b_plonsk,b_plonsk,,Plonsk,,,,,,,,,,,x
b_ciechanow,b_ciechanow,,Ciechanow,,,,,,,,,,,x
b_wyszkow,b_wyszkow,,Wyszkow,,,,,,,,,,,x
c_czersk,PROV530,,Czersk,,,,,,,,,,,x
c_czersk,c_czersk_adj,,Czerskian,,,,,,,,,,,x
b_czersk,b_czersk,,Czersk,,,,,,,,,,,x
b_radom,b_radom,,Radom,,,,,,,,,,,x
b_garwolin,b_garwolin,,Garwolin,,,,,,,,,,,x
b_siedlce,b_siedlce,,Siedlce,,,,,,,,,,,x
b_losice,b_losice,,Losice,,,,,,,,,,,x
b_gorzno,b_gorzno,,Gorzno,,,,,,,,,,,x
b_borowie,b_borowie,,Borowie,,,,,,,,,,,x
b_grojec,b_grojec,,Grojec,,,,,,,,,,,x
d_greater_poland,d_greater_poland,,Greater Poland,,,,,,,,,,,x
d_greater_poland,d_greater_poland_adj,,Greater Polish,,,,,,,,,,,x
c_lubusz,PROV430,,Lubusz,,,,,,,,,,,x
c_lubusz,c_lubusz_adj,,Lubuszian,,,,,,,,,,,x
c_lubusz,danish,,Lebus,,,,,,,,,,,x
c_lubusz,german,,Lebus,,,,,,,,,,,x
c_lubusz,norse,,Lebus,,,,,,,,,,,x
c_lubusz,norwegian,,Lebus,,,,,,,,,,,x
c_lubusz,swedish,,Lebus,,,,,,,,,,,x
b_lubusz,b_lubusz,,Lubusz,,,,,,,,,,,x
b_lubusz,danish,,Lebus,,,,,,,,,,,x
b_lubusz,german,,Lebus,,,,,,,,,,,x
b_lubusz,norse,,Lebus,,,,,,,,,,,x
b_lubusz,norwegian,,Lebus,,,,,,,,,,,x
b_lubusz,swedish,,Lebus,,,,,,,,,,,x
b_mysliborz,b_mysliborz,,Mysliborz,,,,,,,,,,,x
b_kostrzyn,b_kostrzyn,,Kostrzyn,,,,,,,,,,,x
b_cedynia,b_cedynia,,Cedynia,,,,,,,,,,,x
b_pryzyce,b_pryzyce,,Pryzyce,,,,,,,,,,,x
b_sulecin,b_sulecin,,Sulecin,,,,,,,,,,,x
b_santok,b_santok,,Santok,,,,,,,,,,,x
b_zielonagora,b_zielonagora,,Zielona Góra,,,,,,,,,,,x
c_gnieznienskie,PROV429,,Gniezno,,,,,,,,,,,x
c_gnieznienskie,c_gnieznienskie_adj,,Gnieznienskian,,,,,,,,,,,x
c_gnieznienskie,danish,,Gnesen,,,,,,,,,,,x
c_gnieznienskie,german,,Gnesen,,,,,,,,,,,x
c_gnieznienskie,norse,,Gnesen,,,,,,,,,,,x
c_gnieznienskie,norwegian,,Gnesen,,,,,,,,,,,x
c_gnieznienskie,swedish,,Gnesen,,,,,,,,,,,x
b_gniezno,b_gniezno,,Gniezno,,,,,,,,,,,x
b_gniezno,danish,,Gnesen,,,,,,,,,,,x
b_gniezno,german,,Gnesen,,,,,,,,,,,x
b_gniezno,norse,,Gnesen,,,,,,,,,,,x
b_gniezno,norwegian,,Gnesen,,,,,,,,,,,x
b_gniezno,swedish,,Gnesen,,,,,,,,,,,x
b_lekno,b_lekno,,Lekno,,,,,,,,,,,x
b_znin,b_znin,,Znin,,,,,,,,,,,x
b_giecz,b_giecz,,Giecz,,,,,,,,,,,x
b_wagrowiec,b_wagrowiec,,Wagrowiec,,,,,,,,,,,x
b_naklo,b_naklo,,Naklo,,,,,,,,,,,x
b_wyszo,b_wyszo,,Wyszo,,,,,,,,,,,x
b_pyzdry,b_pyzdry,,Pyzdry,,,,,,,,,,,x
c_poznanskie,PROV431,,Poznan,,,,,,,,,,,x
c_poznanskie,c_poznanskie_adj,,Poznanskian,,,,,,,,,,,x
c_poznanskie,danish,,Posen,,,,,,,,,,,x
c_poznanskie,german,,Posen,,,,,,,,,,,x
c_poznanskie,norse,,Posen,,,,,,,,,,,x
c_poznanskie,norwegian,,Posen,,,,,,,,,,,x
c_poznanskie,swedish,,Posen,,,,,,,,,,,x
b_poznan,b_poznan,,Poznan,,,,,,,,,,,x
b_poznan,danish,,Posen,,,,,,,,,,,x
b_poznan,german,,Posen,,,,,,,,,,,x
b_poznan,norse,,Posen,,,,,,,,,,,x
b_poznan,norwegian,,Posen,,,,,,,,,,,x
b_poznan,swedish,,Posen,,,,,,,,,,,x
b_obrzycko,b_obrzycko,,Obrzycko,,,,,,,,,,,x
b_czarkow,b_czarkow,,Czarkow,,,,,,,,,,,x
b_miedryrzecz,b_miedryrzecz,,Miedryrzecz,,,,,,,,,,,x
b_drzen,b_drzen,,Drzen,,,,,,,,,,,x
b_zbaszyn,b_zbaszyn,,Zbaszyn,,,,,,,,,,,x
b_strarygrode,b_strarygrode,,Strarygrode,,,,,,,,,,,x
b_srem,b_srem,,Srem,,,,,,,,,,,x
c_kaliskie,PROV432,,Kalisz,,,,,,,,,,,x
c_kaliskie,c_kaliskie_adj,,Kaliskian,,,,,,,,,,,x
b_kalisz,b_kalisz,,Kalisz,,,,,,,,,,,x
b_krotoszyn,b_krotoszyn,,Krotoszyn,,,,,,,,,,,x
b_jarocin,b_jarocin,,Jarocin,,,,,,,,,,,x
b_ostrowielkopolski,b_ostrowielkopolski,,Ostrów Wielkopolski,,,,,,,,,,,x
b_konin,b_konin,,Konin,,,,,,,,,,,x
b_pieszew,b_pieszew,,Pieszew,,,,,,,,,,,x
b_rawick,b_rawick,,Rawick,,,,,,,,,,,x
b_tureck,b_tureck,,Tureck,,,,,,,,,,,x
d_silesia,d_silesia,,Silesia,,,,,,,,,,,x
d_silesia,d_silesia_adj,,Silesian,,,,,,,,,,,x
c_lower_silesia,PROV434,,Lower Silesia,,,,,,,,,,,x
c_lower_silesia,c_lower_silesia_adj,,Lower Silesian,,,,,,,,,,,x
b_glogow,b_glogow,,Glogow,,,,,,,,,,,x
b_glogow,danish,,Glogau,,,,,,,,,,,x
b_glogow,german,,Glogau,,,,,,,,,,,x
b_glogow,norse,,Glogau,,,,,,,,,,,x
b_glogow,norwegian,,Glogau,,,,,,,,,,,x
b_glogow,swedish,,Glogau,,,,,,,,,,,x
b_legnica,b_legnica,,Legnica,,,,,,,,,,,x
b_legnica,danish,,Liegnitz,,,,,,,,,,,x
b_legnica,german,,Liegnitz,,,,,,,,,,,x
b_legnica,norse,,Liegnitz,,,,,,,,,,,x
b_legnica,norwegian,,Liegnitz,,,,,,,,,,,x
b_legnica,swedish,,Liegnitz,,,,,,,,,,,x
b_krosno,b_krosno,,Krosno,,,,,,,,,,,x
b_krosno,danish,,Krossen,,,,,,,,,,,x
b_krosno,german,,Krossen,,,,,,,,,,,x
b_krosno,norse,,Krossen,,,,,,,,,,,x
b_krosno,norwegian,,Krossen,,,,,,,,,,,x
b_krosno,swedish,,Krossen,,,,,,,,,,,x
b_jawor,b_jawor,,Jawor,,,,,,,,,,,x
b_lwowek,b_lwowek,,Lwowek,,,,,,,,,,,x
b_swidnica,b_swidnica,,Swidnica,,,,,,,,,,,x
b_boleslawiec,b_boleslawiec,,Boleslawiec,,,,,,,,,,,x
b_zagan,b_zagan,,Zagan,,,,,,,,,,,x
b_zagan,danish,,Sagan,,,,,,,,,,,x
b_zagan,german,,Sagan,,,,,,,,,,,x
b_zagan,norse,,Sagan,,,,,,,,,,,x
b_zagan,norwegian,,Sagan,,,,,,,,,,,x
b_zagan,swedish,,Sagan,,,,,,,,,,,x
c_upper_silesia,PROV435,,Upper Silesia,,,,,,,,,,,x
c_upper_silesia,c_upper_silesia_adj,,Upper Silesian,,,,,,,,,,,x
b_wroclaw,b_wroclaw,,Wroclaw,,,,,,,,,,,x
b_wroclaw,danish,,Breslau,,,,,,,,,,,x
b_wroclaw,german,,Breslau,,,,,,,,,,,x
b_wroclaw,norse,,Breslau,,,,,,,,,,,x
b_wroclaw,norwegian,,Breslau,,,,,,,,,,,x
b_wroclaw,swedish,,Breslau,,,,,,,,,,,x
b_brzeg,b_brzeg,,Brzeg,,,,,,,,,,,x
b_brzeg,danish,,Brieg,,,,,,,,,,,x
b_brzeg,german,,Brieg,,,,,,,,,,,x
b_brzeg,norse,,Brieg,,,,,,,,,,,x
b_brzeg,norwegian,,Brieg,,,,,,,,,,,x
b_brzeg,swedish,,Brieg,,,,,,,,,,,x
b_zmigrod,b_zmigrod,,Zmigrod,,,,,,,,,,,x
b_zmigrod,danish,,Trachtenberg,,,,,,,,,,,x
b_zmigrod,german,,Trachtenberg,,,,,,,,,,,x
b_zmigrod,norse,,Trachtenberg,,,,,,,,,,,x
b_zmigrod,norwegian,,Trachtenberg,,,,,,,,,,,x
b_zmigrod,swedish,,Trachtenberg,,,,,,,,,,,x
b_milicz,b_milicz,,Milicz,,,,,,,,,,,x
b_olesnica,b_olesnica,,Olesnica,,,,,,,,,,,x
b_nysa,b_nysa,,Nysa,,,,,,,,,,,x
b_niemcza,b_niemcza,,Niemcza,,,,,,,,,,,x
b_henrykow,b_henrykow,,Henrykow,,,,,,,,,,,x
b_henrykow,danish,,Heinrichau,,,,,,,,,,,x
b_henrykow,german,,Heinrichau,,,,,,,,,,,x
b_henrykow,norse,,Heinrichau,,,,,,,,,,,x
b_henrykow,norwegian,,Heinrichau,,,,,,,,,,,x
b_henrykow,swedish,,Heinrichau,,,,,,,,,,,x
c_opole,PROV433,,Opole,,,,,,,,,,,x
c_opole,c_opole_adj,,Opolian,,,,,,,,,,,x
c_opole,danish,,Uppeln,,,,,,,,,,,x
c_opole,german,,Uppeln,,,,,,,,,,,x
c_opole,norse,,Uppeln,,,,,,,,,,,x
c_opole,norwegian,,Uppeln,,,,,,,,,,,x
c_opole,swedish,,Uppeln,,,,,,,,,,,x
b_opole,b_opole,,Opole,,,,,,,,,,,x
b_opole,danish,,Uppeln,,,,,,,,,,,x
b_opole,german,,Uppeln,,,,,,,,,,,x
b_opole,norse,,Uppeln,,,,,,,,,,,x
b_opole,norwegian,,Uppeln,,,,,,,,,,,x
b_opole,swedish,,Uppeln,,,,,,,,,,,x
b_czestochowa,b_czestochowa,,Czestochowa,,,,,,,,,,,x
b_kozle,b_kozle,,Kozle,,,,,,,,,,,x
b_strzelce,b_strzelce,,Strzelce,,,,,,,,,,,x
b_lelow,b_lelow,,Lelow,,,,,,,,,,,x
b_olezno,b_olezno,,Olezno,,,,,,,,,,,x
b_raciborz,b_raciborz,,Raciborz,,,,,,,,,,,x
b_namyslow,b_namyslow,,Namyslów,,,,,,,,,,,x
c_cieszyn,PROV526,,Cieszyn,,,,,,,,,,,x
c_cieszyn,c_cieszyn_adj,,Cieszyan,,,,,,,,,,,x
c_cieszyn,danish,,Teschen,,,,,,,,,,,x
c_cieszyn,german,,Teschen,,,,,,,,,,,x
c_cieszyn,norse,,Teschen,,,,,,,,,,,x
c_cieszyn,norwegian,,Teschen,,,,,,,,,,,x
c_cieszyn,swedish,,Teschen,,,,,,,,,,,x
b_cieszyn,b_cieszyn,,Cieszyn,,,,,,,,,,,x
b_cieszyn,danish,,Teschen,,,,,,,,,,,x
b_cieszyn,german,,Teschen,,,,,,,,,,,x
b_cieszyn,norse,,Teschen,,,,,,,,,,,x
b_cieszyn,norwegian,,Teschen,,,,,,,,,,,x
b_cieszyn,swedish,,Teschen,,,,,,,,,,,x
b_oswiecim,b_oswiecim,,Oswiecim,,,,,,,,,,,x
b_jabloskow,b_jabloskow,,Jabloskow,,,,,,,,,,,x
b_skoczow,b_skoczow,,Skoczow,,,,,,,,,,,x
b_goleszow,b_goleszow,,Goleszow,,,,,,,,,,,x
b_ustron,b_ustron,,Ustron,,,,,,,,,,,x
b_bielskobiala,b_bielskobiala,,Bielsko-Biala,,,,,,,,,,,x
b_zebrydowice,b_zebrydowice,,Zebrydowice,,,,,,,,,,,x
d_lesser_poland,d_lesser_poland,,Lesser Poland,,,,,,,,,,,x
d_lesser_poland,d_lesser_poland_adj,,Lesser Polish,,,,,,,,,,,x
c_krakowskie,PROV527,,Krakow,,,,,,,,,,,x
c_krakowskie,c_krakowskie_adj,,Krakowskian,,,,,,,,,,,x
c_krakowskie,danish,,Krakau,,,,,,,,,,,x
c_krakowskie,german,,Krakau,,,,,,,,,,,x
c_krakowskie,norse,,Krakau,,,,,,,,,,,x
c_krakowskie,norwegian,,Krakau,,,,,,,,,,,x
c_krakowskie,swedish,,Krakau,,,,,,,,,,,x
b_krakow,b_krakow,,Krakow,,,,,,,,,,,x
b_krakow,danish,,Krakau,,,,,,,,,,,x
b_krakow,german,,Krakau,,,,,,,,,,,x
b_krakow,norse,,Krakau,,,,,,,,,,,x
b_krakow,norwegian,,Krakau,,,,,,,,,,,x
b_krakow,swedish,,Krakau,,,,,,,,,,,x
b_jedrzejow,b_jedrzejow,,Jedrzejow,,,,,,,,,,,x
b_tarnow,b_tarnow,,Tarnów,,,,,,,,,,,x
b_kielce,b_kielce,,Kielce,,,,,,,,,,,x
b_brzesko,b_brzesko,,Brzesko,,,,,,,,,,,x
b_chrzanow,b_chrzanow,,Chrzanów,,,,,,,,,,,x
b_olkusz,b_olkusz,,Olkusz,,,,,,,,,,,x
b_skawina,b_skawina,,Skawina,,,,,,,,,,,x
c_sacz,PROV532,,Sacz,,,,,,,,,,,x
c_sacz,c_sacz_adj,,Saczian,,,,,,,,,,,x
c_sacz,danish,,Sandez,,,,,,,,,,,x
c_sacz,german,,Sandez,,,,,,,,,,,x
c_sacz,norse,,Sandez,,,,,,,,,,,x
c_sacz,norwegian,,Sandez,,,,,,,,,,,x
c_sacz,swedish,,Sandez,,,,,,,,,,,x
b_nowysacz,b_nowysacz,,Nowy Sacz,,,,,,,,,,,x
b_nowysacz,danish,,Nysand,,,,,,,,,,,x
b_nowysacz,german,,Neu Sandez,,,,,,,,,,,x
b_nowysacz,norse,,Nysand,,,,,,,,,,,x
b_nowysacz,norwegian,,Nysand,,,,,,,,,,,x
b_nowysacz,swedish,,Nysand,,,,,,,,,,,x
b_gorlice,b_gorlice,,Gorlice,,,,,,,,,,,x
b_szczyrzycz,b_szczyrzycz,,Szczyrzyc,,,,,,,,,,,x
b_zakopane,b_zakopane,,Zakopane,,,,,,,,,,,x
b_grybow,b_grybow,,Grybow,,,,,,,,,,,x
b_brzozow,b_brzozow,,Brzozow,,,,,,,,,,,x
b_limanowa,b_limanowa,,Limanowa,,,,,,,,,,,x
b_jasto,b_jasto,,Jasto,,,,,,,,,,,x
c_sandomierskie,PROV531,,Sandomierz,,,,,,,,,,,x
c_sandomierskie,c_sandomierskie_adj,,Sandomierskian,,,,,,,,,,,x
b_sandomierz,b_sandomierz,,Sandomierz,,,,,,,,,,,x
b_koprzywnica,b_koprzywnica,,Koprzywnica,,,,,,,,,,,x
b_zawichost,b_zawichost,,Zawichost,,,,,,,,,,,x
b_dwikozy,b_dwikozy,,Dwikozy,,,,,,,,,,,x
b_klimontow,b_klimontow,,Klimontow,,,,,,,,,,,x
b_loniow,b_loniow,,Loniow,,,,,,,,,,,x
b_samborzec,b_samborzec,,Samborzec,,,,,,,,,,,x
b_wilczyce,b_wilczyce,,Wilczyce,,,,,,,,,,,x
d_kuyavia,d_kuyavia,,Kuyavia,,,,,,,,,,,x
d_kuyavia,d_kuyavia_adj,,Kuyavian,,,,,,,,,,,x
c_sieradzko-leczyckie,PROV528,,Sieradzko-Leczyckie,,,,,,,,,,,x
c_sieradzko-leczyckie,c_sieradzko-leczyckie_adj,,Sieradzko-Leczyckian,,,,,,,,,,,x
c_sieradzko-leczyckie,danish,,Schieratz,,,,,,,,,,,x
c_sieradzko-leczyckie,german,,Schieratz,,,,,,,,,,,x
c_sieradzko-leczyckie,norse,,Schieratz,,,,,,,,,,,x
c_sieradzko-leczyckie,norwegian,,Schieratz,,,,,,,,,,,x
c_sieradzko-leczyckie,swedish,,Schieratz,,,,,,,,,,,x
b_sieradz,b_sieradz,,Sieradz,,,,,,,,,,,x
b_sieradz,danish,,Schieratz,,,,,,,,,,,x
b_sieradz,german,,Schieratz,,,,,,,,,,,x
b_sieradz,norse,,Schieratz,,,,,,,,,,,x
b_sieradz,norwegian,,Schieratz,,,,,,,,,,,x
b_sieradz,swedish,,Schieratz,,,,,,,,,,,x
b_radomsko,b_radomsko,,Radomsko,,,,,,,,,,,x
b_leczyka,b_leczyka,,Leczyka,,,,,,,,,,,x
b_warta,b_warta,,Warta,,,,,,,,,,,x
b_sochaczew,b_sochaczew,,Sochaczew,,,,,,,,,,,x
b_piotrkow,b_piotrkow,,Piotrkow,,,,,,,,,,,x
b_wachock,b_wachock,,Wachock,,,,,,,,,,,x
b_blaski,b_blaski,,Blaski,,,,,,,,,,,x
c_kujawy,PROV428,,Kujawy,,,,,,,,,,,x
c_kujawy,c_kujawy_adj,,Kujawian,,,,,,,,,,,x
b_inowroclaw,b_inowroclaw,,Inowroclaw,,,,,,,,,,,x
b_kruszwica,b_kruszwica,,Kruszwica,,,,,,,,,,,x
b_radziejow,b_radziejow,,Radziejów,,,,,,,,,,,x
b_brzesckujawskie,b_brzesckujawskie,,Bresz Kujawski,,,,,,,,,,,x
b_bydgoszcz,b_bydgoszcz,,Bydgoszcz,,,,,,,,,,,x
b_topolka,b_topolka,,Topólka,,,,,,,,,,,x
b_wlocawek,b_wlocawek,,Wlocawek,,,,,,,,,,,x
b_lubanie,b_lubanie,,Lubanie,,,,,,,,,,,x
k_lithuania,k_lithuania,,Lithuania,,,,,,,,,,,x
k_lithuania,k_lithuania_adj,,Lithuanian,,,,,,,,,,,x
d_prussia,d_prussia,,Prussia,,,,,,,,,,,x
d_prussia,d_prussia_adj,,Prussian,,,,,,,,,,,x
d_prussia,lettigallish,,Pruthenia,,,,,,,,,,,x
d_prussia,lithuanian,,Pruthenia,,,,,,,,,,,x
d_prussia,prussian,,Pruthenia,,,,,,,,,,,x
c_marienburg,PROV370,,Marienburg,,,,,,,,,,,x
c_marienburg,c_marienburg_adj,,Marienburgian,,,,,,,,,,,x
b_marienburg,b_marienburg,,Marienburg,,,,,,,,,,,x
b_braunsberg,b_braunsberg,,Braunsberg,,,,,,,,,,,x
b_elbing,b_elbing,,Elbing,,,,,,,,,,,x
b_christburg,b_christburg,,Christburg,,,,,,,,,,,x
b_heilsberg,b_heilsberg,,Heilsberg,,,,,,,,,,,x
b_bartenstein,b_bartenstein,,Bartenstein,,,,,,,,,,,x
b_marienwerder,b_marienwerder,,Marienwerder,,,,,,,,,,,x
b_balga,b_balga,,Balga,,,,,,,,,,,x
c_galindia,PROV427,,Galindia,,,,,,,,,,,x
c_galindia,c_galindia_adj,,Galindian,,,,,,,,,,,x
b_angerburg,b_angerburg,,Angerburg,,,,,,,,,,,x
b_osterode,b_osterode,,Osterode,,,,,,,,,,,x
b_nikelshagen,b_nikelshagen,,Nikelshagen,,,,,,,,,,,x
b_gilgenburg,b_gilgenburg,,Gilgenburg,,,,,,,,,,,x
b_treuburg,b_treuburg,,Treuburg,,,,,,,,,,,x
b_hohenstein,b_hohenstein,,Hohenstein,,,,,,,,,,,x
b_neidenburg,b_neidenburg,,Neidenburg,,,,,,,,,,,x
b_wielbark,b_wielbark,,Wielbark,,,,,,,,,,,x
c_sambia,PROV371,,Sambia,,,,,,,,,,,x
c_sambia,c_sambia_adj,,Sambian,,,,,,,,,,,x
c_sambia,danish,,Samland,,,,,,,,,,,x
c_sambia,german,,Samland,,,,,,,,,,,x
c_sambia,lettigallish,,Semba,,,,,,,,,,,x
c_sambia,lithuanian,,Semba,,,,,,,,,,,x
c_sambia,norse,,Samland,,,,,,,,,,,x
c_sambia,norwegian,,Samland,,,,,,,,,,,x
c_sambia,swedish,,Samland,,,,,,,,,,,x
b_konigsberg,b_konigsberg,,Königsberg,,,,,,,,,,,x
b_konigsberg,bohemian,,Krolewiec,,,,,,,,,,,x
b_konigsberg,lettigallish,,Krolewiec,,,,,,,,,,,x
b_konigsberg,lithuanian,,Krolewiec,,,,,,,,,,,x
b_konigsberg,polish,,Krolewiec,,,,,,,,,,,x
b_konigsberg,pommeranian,,Krolewiec,,,,,,,,,,,x
b_konigsberg,prussian,,Krolewiec,,,,,,,,,,,x
b_fischhausen,b_fischhausen,,Fischhausen,,,,,,,,,,,x
b_fischhausen,lettigallish,,Romowe,,,,,,,,,,,x
b_fischhausen,lithuanian,,Romowe,,,,,,,,,,,x
b_fischhausen,pommeranian,,Romowe,,,,,,,,,,,x
b_fischhausen,prussian,,Romowe,,,,,,,,,,,x
b_sambrandenburg,b_sambrandenburg,,Brandenburg,,,,,,,,,,,x
b_sambrandenburg,polish,,Bramborska,,,,,,,,,,,x
b_sambrandenburg,pommeranian,,Bramborska,,,,,,,,,,,x
b_sambrandenburg,prussian,,Bramborska,,,,,,,,,,,x
b_tapiau,b_tapiau,,Tapiau,,,,,,,,,,,x
b_labiau,b_labiau,,Labiau,,,,,,,,,,,x
b_frombork,b_frombork,,Frombork,,,,,,,,,,,x
b_wiskiauten,b_wiskiauten,,Wisikiauten,,,,,,,,,,,x
b_cranz,b_cranz,,Cranz,,,,,,,,,,,x
c_chelminskie,PROV369,,Chelmno,,,,,,,,,,,x
c_chelminskie,c_chelminskie_adj,,Chelminskian,,,,,,,,,,,x
c_chelminskie,danish,,Kulm,,,,,,,,,,,x
c_chelminskie,german,,Kulm,,,,,,,,,,,x
c_chelminskie,norse,,Kulm,,,,,,,,,,,x
c_chelminskie,norwegian,,Kulm,,,,,,,,,,,x
c_chelminskie,swedish,,Kulm,,,,,,,,,,,x
b_chelmno,b_chelmno,,Chelmno,,,,,,,,,,,x
b_chelmno,danish,,Kulm,,,,,,,,,,,x
b_chelmno,german,,Kulm,,,,,,,,,,,x
b_chelmno,norse,,Kulm,,,,,,,,,,,x
b_chelmno,norwegian,,Kulm,,,,,,,,,,,x
b_chelmno,swedish,,Kulm,,,,,,,,,,,x
b_kulm,b_kulm,,Loza,,,,,,,,,,,x
b_thorn,b_thorn,,Thorn,,,,,,,,,,,x
b_niedenburg,b_niedenburg,,Niedenburg,,,,,,,,,,,x
b_rehden,b_rehden,,Rehden,,,,,,,,,,,x
b_lobau,b_lobau,,Lobau,,,,,,,,,,,x
b_eylau,b_eylau,,Eylau,,,,,,,,,,,x
b_briesen,b_briesen,,Briesen,,,,,,,,,,,x
d_polotsk,d_polotsk,,Polotsk,,,,,,,,,,,x
d_polotsk,d_polotsk_adj,,Polotskian,,,,,,,,,,,x
c_polotsk,PROV419,,Polotsk,,,,,,,,,,,x
c_polotsk,c_polotsk_adj,,Polotskian,,,,,,,,,,,x
c_polotsk,danish,,Pallteskja,,,,,,,,,,,x
c_polotsk,norse,,Pallteskja,,,,,,,,,,,x
c_polotsk,norwegian,,Pallteskja,,,,,,,,,,,x
c_polotsk,swedish,,Pallteskja,,,,,,,,,,,x
b_polotsk,b_polotsk,,Polotsk,,,,,,,,,,,x
b_polotsk,danish,,Pallteskja,,,,,,,,,,,x
b_polotsk,norse,,Pallteskja,,,,,,,,,,,x
b_polotsk,norwegian,,Pallteskja,,,,,,,,,,,x
b_polotsk,swedish,,Pallteskja,,,,,,,,,,,x
b_braslaw,b_braslaw,,Braslaw,,,,,,,,,,,x
b_dzisna,b_dzisna,,Dzisna,,,,,,,,,,,x
b_miory,b_miory,,Miory,,,,,,,,,,,x
b_rasony,b_rasony,,Rasony,,,,,,,,,,,x
b_pastavy,b_pastavy,,Pastavy,,,,,,,,,,,x
b_myadzel,b_myadzel,,Myadzel,,,,,,,,,,,x
c_lepiel,PROV934,,Lepiel,,,,,,,,,,,x
c_lepiel,c_lepiel_adj,,Lepielian,,,,,,,,,,,x
b_lepiel,b_lepiel,,Lepiel,,,,,,,,,,,x
b_chashniki,b_chashniki,,Chashniki,,,,,,,,,,,x
b_novolukoml,b_novolukoml,,Novolukoml,,,,,,,,,,,x
c_west_dvina,PROV416,,Latgale,,,,,,,,,,,x
c_west_dvina,c_west_dvina_adj,,West Dvinian,,,,,,,,,,,x
c_west_dvina,danish,,Lettgallen,,,,,,,,,,,x
c_west_dvina,german,,Lettgallen,,,,,,,,,,,x
c_west_dvina,norse,,Lettgallen,,,,,,,,,,,x
c_west_dvina,norwegian,,Lettgallen,,,,,,,,,,,x
c_west_dvina,swedish,,Lettgallen,,,,,,,,,,,x
b_erle,b_erle,,Erle,,,,,,,,,,,x
b_jersika,b_jersika,,Jersika,,,,,,,,,,,x
b_jersika,german,,Gerzika,,,,,,,,,,,x
b_kreuzburg,b_kreuzburg,,Kreuzburg,,,,,,,,,,,x
b_kreuzburg,lithuanian,,Krustpils,,,,,,,,,,,x
b_kreuzburg,polish,,Krzyzbork,,,,,,,,,,,x
b_kreuzburg,ugricbaltic,,Krustpilsi,,,,,,,,,,,x
b_daugavpils,b_daugavpils,,Daugavpils,,,,,,,,,,,x
b_daugavpils,danish,,Dynaborg,,,,,,,,,,,x
b_daugavpils,finnish,,Väinänlinna,,,,,,,,,,,x
b_daugavpils,german,,Dünaburg,,,,,,,,,,,x
b_daugavpils,lithuanian,,Daugpilis,,,,,,,,,,,x
b_daugavpils,norse,,Dynaborg,,,,,,,,,,,x
b_daugavpils,norwegian,,Dynaborg,,,,,,,,,,,x
b_daugavpils,polish,,Dyneburg,,,,,,,,,,,x
b_daugavpils,russian,,Dvinsk,,,,,,,,,,,x
b_daugavpils,swedish,,Dynaborg,,,,,,,,,,,x
b_daugavpils,ugricbaltic,,Väinalinn,,,,,,,,,,,x
b_balvi,b_balvi,,Balvi,,,,,,,,,,,x
b_balvi,lithuanian,,Balvai,,,,,,,,,,,x
b_rezekne,b_rezekne,,Rezekne,,,,,,,,,,,x
b_rezekne,polish,,Rzezyca,,,,,,,,,,,x
b_kraslava,b_kraslava,,Kraslava,,,,,,,,,,,x
b_kraslava,polish,,Kraslaw,,,,,,,,,,,x
b_vilaka,b_vilaka,,Vilaka,,,,,,,,,,,x
b_vilaka,lithuanian,,Viliaka,,,,,,,,,,,x
b_varakjani,b_varakjani,,Varakjani,,,,,,,,,,,x
b_varakjani,german,,Varaklani,,,,,,,,,,,x
b_varakjani,ugricbaltic,,Varaklani,,,,,,,,,,,x
b_ludza,b_ludza,,Ludza,,,,,,,,,,,x
b_ludza,polish,,Lucyn,,,,,,,,,,,x
d_lithuanians,d_lithuanians,,Lithuania,,,,,,,,,,,x
d_lithuanians,d_lithuanians_adj,,Lithuanian,,,,,,,,,,,x
c_aukshayts,PROV420,,Vilnius,,,,,,,,,,,x
c_aukshayts,c_aukshayts_adj,,Vilnian,,,,,,,,,,,x
b_kaunas,b_kaunas,,Kaunas,,,,,,,,,,,x
b_vilnius,b_vilnius,,Vilnius,,,,,,,,,,,x
b_lida,b_lida,,Lida,,,,,,,,,,,x
b_utena,b_utena,,Utena,,,,,,,,,,,x
b_kernave,b_kernave,,Kernave,,,,,,,,,,,x
b_bralaus,b_bralaus,,Bralaus,,,,,,,,,,,x
b_kreva,b_kreva,,Kreva,,,,,,,,,,,x
b_zirmunai,b_zirmunai,,Žirmunai,,,,,,,,,,,x
c_sudovia,PROV423,,Trakai,,,,,,,,,,,x
c_sudovia,c_sudovia_adj,,Trakian,,,,,,,,,,,x
b_vilkaviskis,b_vilkaviskis,,Vilkaviskis,,,,,,,,,,,x
b_suvalkai,b_suvalkai,,Suvalkai,,,,,,,,,,,x
b_trakai,b_trakai,,Trakai,,,,,,,,,,,x
b_hrodna,b_hrodna,,Hrodna,,,,,,,,,,,x
b_raiziai,b_raiziai,,Raiziai,,,,,,,,,,,x
b_augustavas,b_augustavas,,Augustavas,,,,,,,,,,,x
b_seiniai,b_seiniai,,Seiniai,,,,,,,,,,,x
b_merkine,b_merkine,,Merkine,,,,,,,,,,,x
c_yatvyagi,PROV426,,Yatvyagi,,,,,,,,,,,x
c_yatvyagi,c_yatvyagi_adj,,Yatvyagian,,,,,,,,,,,x
b_lyck,b_lyck,,Lyck,,,,,,,,,,,x
b_johannisburg,b_johannisburg,,Johannisburg,,,,,,,,,,,x
b_eckersberg,b_eckersberg,,Eckersberg,,,,,,,,,,,x
b_druskininkai,b_druskininkai,,Druskininkai,,,,,,,,,,,x
b_yatvarena,b_yatvarena,,Varena,,,,,,,,,,,x
b_valkininkai,b_valkininkai,,Valkininkai,,,,,,,,,,,x
b_lotzen,b_lotzen,,Lötzen,,,,,,,,,,,x
b_gailen,b_gailen,,Gailen,,,,,,,,,,,x
d_yatviags,d_yatviags,,Yatvingia,,,,,,,,,,,x
d_yatviags,d_yatviags_adj,,Yatviag,,,,,,,,,,,x
c_jacwiez,PROV424,,Grodno,,,,,,,,,,,x
c_jacwiez,c_jacwiez_adj,,Grodnian,,,,,,,,,,,x
b_jacwiez,b_jacwiez,,Jacwiez,,,,,,,,,,,x
b_novogrudok,b_novogrudok,,Novogrudok,,,,,,,,,,,x
b_grodno,b_grodno,,Grodno,,,,,,,,,,,x
b_iuje,b_iuje,,Iuje,,,,,,,,,,,x
b_slonim,b_slonim,,Slonim,,,,,,,,,,,x
b_mir,b_mir,,Mir,,,,,,,,,,,x
b_niasvizh,b_niasvizh,,Niasvizh,,,,,,,,,,,x
b_zirmuny,b_zirmuny,,Zirmuny,,,,,,,,,,,x
c_podlasie,PROV425,,Podlasie,,,,,,,,,,,x
c_podlasie,c_podlasie_adj,,Podlasian,,,,,,,,,,,x
b_drohiczyn,b_drohiczyn,,Drohiczyn,,,,,,,,,,,x
b_kolno,b_kolno,,Kolno,,,,,,,,,,,x
b_sejny,b_sejny,,Sejny,,,,,,,,,,,x
b_lomza,b_lomza,,Lomza,,,,,,,,,,,x
b_tykocin,b_tykocin,,Tykocin,,,,,,,,,,,x
b_zambrow,b_zambrow,,Zambrów,,,,,,,,,,,x
b_lapy,b_lapy,,Lapy,,,,,,,,,,,x
b_krynki,b_krynki,,Krynki,,,,,,,,,,,x
d_courland,d_courland,,Courland,,,,,,,,,,,x
d_courland,d_courland_adj,,Courlander,,,,,,,,,,,x
d_courland,danish,,Kurland,,,,,,,,,,,x
d_courland,german,,Kurland,,,,,,,,,,,x
d_courland,lettigallish,,Curonia,,,,,,,,,,,x
d_courland,lithuanian,,Curonia,,,,,,,,,,,x
d_courland,norse,,Kurland,,,,,,,,,,,x
d_courland,norwegian,,Kurland,,,,,,,,,,,x
d_courland,prussian,,Curonia,,,,,,,,,,,x
d_courland,swedish,,Kurland,,,,,,,,,,,x
c_zemigalians,PROV374,,Zemgale,,,,,,,,,,,x
c_zemigalians,c_zemigalians_adj,,Zemigallian,,,,,,,,,,,x
c_zemigalians,danish,,Riga,,,,,,,,,,,x
c_zemigalians,german,,Riga,,,,,,,,,,,x
c_zemigalians,norse,,Riga,,,,,,,,,,,x
c_zemigalians,norwegian,,Riga,,,,,,,,,,,x
c_zemigalians,swedish,,Riga,,,,,,,,,,,x
b_riga,b_riga,,Riga,,,,,,,,,,,x
b_bauska,b_bauska,,Bauska,,,,,,,,,,,x
b_skaistkalne,b_skaistkalne,,Skaistkalne,,,,,,,,,,,x
b_mezotne,b_mezotne,,Mežotne,,,,,,,,,,,x
b_cruczeborch,b_cruczeborch,,Cruczeborch,,,,,,,,,,,x
b_selpils,b_selpils,,Selpils,,,,,,,,,,,x
b_remigala,b_remigala,,Remigala,,,,,,,,,,,x
b_jelgava,b_jelgava,,Jelgava,,,,,,,,,,,x
c_kurs,PROV373,,Kurzeme,,,,,,,,,,,x
c_kurs,c_kurs_adj,,Kursian,,,,,,,,,,,x
c_kurs,danish,,Kurland,,,,,,,,,,,x
c_kurs,german,,Kurland,,,,,,,,,,,x
c_kurs,norse,,Kurland,,,,,,,,,,,x
c_kurs,norwegian,,Kurland,,,,,,,,,,,x
c_kurs,swedish,,Kurland,,,,,,,,,,,x
b_grobin,b_grobin,,Grobin,,,,,,,,,,,x
b_piltene,b_piltene,,Piltene,,,,,,,,,,,x
b_ventava,b_ventava,,Ventava,,,,,,,,,,,x
b_vanemane,b_vanemane,,Vanemane,,,,,,,,,,,x
b_duvzare,b_duvzare,,Duvzare,,,,,,,,,,,x
b_megava,b_megava,,Megava,,,,,,,,,,,x
b_bandava,b_bandava,,Bandava,,,,,,,,,,,x
b_ceklis,b_ceklis,,Ceklis,,,,,,,,,,,x
b_dungada,b_dungada,,Dungada,,,,,,,,,,,x
d_samogitia,d_samogitia,,Samogitia,,,,,,,,,,,x
d_samogitia,d_samogitia_adj,,Samogitian,,,,,,,,,,,x
d_samogitia,bohemian,,Zhmud,,,,,,,,,,,x
d_samogitia,german,,Sameiten,,,,,,,,,,,x
d_samogitia,lettigallish,,Zemaiteje,,,,,,,,,,,x
d_samogitia,lithuanian,,Zemaitija,,,,,,,,,,,x
d_samogitia,polish,,Zhmudz,,,,,,,,,,,x
d_samogitia,pommeranian,,Zhmud,,,,,,,,,,,x
d_samogitia,prussian,,Zhmud,,,,,,,,,,,x
d_samogitia,russian,,Zhmud,,,,,,,,,,,x
c_scalovia,PROV422,,Scalovia,,,,,,,,,,,x
c_scalovia,c_scalovia_adj,,Scalovian,,,,,,,,,,,x
b_ragnit,b_ragnit,,Ragnit,,,,,,,,,,,x
b_ragnit,bohemian,,Ragneta,,,,,,,,,,,x
b_ragnit,lettigallish,,Ragaine,,,,,,,,,,,x
b_ragnit,lithuanian,,Ragaine,,,,,,,,,,,x
b_ragnit,polish,,Ragneta,,,,,,,,,,,x
b_ragnit,pommeranian,,Ragneta,,,,,,,,,,,x
b_ragnit,prussian,,Ragnita,,,,,,,,,,,x
b_ragnit,russian,,Ragneta,,,,,,,,,,,x
b_russ,b_russ,,Russ,,,,,,,,,,,x
b_jurgaiten,b_jurgaiten,,Jurgaiten,,,,,,,,,,,x
b_jomsberg,b_jomsberg,,Jomsberg,,,,,,,,,,,x
b_tilgit,b_tilgit,,Tilgit,,,,,,,,,,,x
b_splitter,b_splitter,,Splitter,,,,,,,,,,,x
b_strewa,b_strewa,,Strewa,,,,,,,,,,,x
b_skomanten,b_skomanten,,Skomanten,,,,,,,,,,,x
c_memel,PROV372,,Memel,,,,,,,,,,,x
c_memel,c_memel_adj,,Memelian,,,,,,,,,,,x
b_memel,b_memel,,Memel,,,,,,,,,,,x
b_kretingale,b_kretingale,,Kretingale,,,,,,,,,,,x
b_gargzdai,b_gargzdai,,Gargzdai,,,,,,,,,,,x
b_gargzdai,danish,,Garsden,,,,,,,,,,,x
b_gargzdai,german,,Garsden,,,,,,,,,,,x
b_gargzdai,norse,,Garsden,,,,,,,,,,,x
b_gargzdai,norwegian,,Garsden,,,,,,,,,,,x
b_gargzdai,polish,,Gorzdy,,,,,,,,,,,x
b_gargzdai,russian,,Gorzhdy,,,,,,,,,,,x
b_gargzdai,swedish,,Garsden,,,,,,,,,,,x
b_kaup,b_kaup,,Kaup,,,,,,,,,,,x
b_juodkrante,b_juodkrante,,Juodkrante,,,,,,,,,,,x
b_nida,b_nida,,Nida,,,,,,,,,,,x
b_nida,german,,Nidden,,,,,,,,,,,x
b_dreverna,b_dreverna,,Dreverna,,,,,,,,,,,x
b_palanga,b_palanga,,Palanga,,,,,,,,,,,x
c_zhmud,PROV421,,Samogitia,,,,,,,,,,,x
c_zhmud,c_zhmud_adj,,Lithuanian,,,,,,,,,,,x
c_zhmud,bohemian,,Zhmud,,,,,,,,,,,x
c_zhmud,german,,Sameiten,,,,,,,,,,,x
c_zhmud,lettigallish,,Zemaiteje,,,,,,,,,,,x
c_zhmud,lithuanian,,Zemaitija,,,,,,,,,,,x
c_zhmud,polish,,Zhmudz,,,,,,,,,,,x
c_zhmud,pommeranian,,Zhmud,,,,,,,,,,,x
c_zhmud,prussian,,Zhmud,,,,,,,,,,,x
c_zhmud,russian,,Zhmud,,,,,,,,,,,x
b_raseiniai,b_raseiniai,,Raseiniai,,,,,,,,,,,x
b_raseiniai,danish,,Raseinen,,,,,,,,,,,x
b_raseiniai,german,,Raseinen,,,,,,,,,,,x
b_raseiniai,norse,,Raseinen,,,,,,,,,,,x
b_raseiniai,norwegian,,Raseinen,,,,,,,,,,,x
b_raseiniai,swedish,,Raseinen,,,,,,,,,,,x
b_jurbarkas,b_jurbarkas,,Jurbarkas,,,,,,,,,,,x
b_jurbarkas,danish,,Georgsborg,,,,,,,,,,,x
b_jurbarkas,german,,Georgenburg,,,,,,,,,,,x
b_jurbarkas,norse,,Georgsborg,,,,,,,,,,,x
b_jurbarkas,norwegian,,Georgsborg,,,,,,,,,,,x
b_jurbarkas,swedish,,Georgsborg,,,,,,,,,,,x
b_varviai,b_varviai,,Varviai,,,,,,,,,,,x
b_taurage,b_taurage,,Taurage,,,,,,,,,,,x
b_kraziai,b_kraziai,,Kraziai,,,,,,,,,,,x
b_upyte,b_upyte,,Upyte,,,,,,,,,,,x
b_panemune,b_panemune,,Panemüne,,,,,,,,,,,x
b_joniskis,b_joniskis,,Joniskis,,,,,,,,,,,x
e_russia,e_russia,,Russia,,,,,,,,,,,x
e_russia,e_russia_adj,,Russian,,,,,,,,,,,x
e_russia,finnish,,Suomi,,,,,,,,,,,x
e_russia,komi,,Suomi,,,,,,,,,,,x
e_russia,lappish,,Suomi,,,,,,,,,,,x
e_russia,mordvin,,Suomi,,,,,,,,,,,x
e_russia,samoyed,,Suomi,,,,,,,,,,,x
e_russia,ugricbaltic,,Suomi,,,,,,,,,,,x
k_rus,k_rus,,Rus,,,,,,,,,,,x
k_rus,k_rus_adj,,Russian,,,,,,,,,,,x
k_rus,norse,,Garðariki,,,,,,,,,,,x
d_beloozero,d_beloozero,,Belo Ozero,,,,,,,,,,,x
d_beloozero,d_beloozero_adj,,Belo Ozerian,,,,,,,,,,,x
d_beloozero,finnish,,Chud,,,,,,,,,,,x
d_beloozero,komi,,Chud,,,,,,,,,,,x
d_beloozero,lappish,,Chud,,,,,,,,,,,x
d_beloozero,mordvin,,Chud,,,,,,,,,,,x
d_beloozero,samoyed,,Chud,,,,,,,,,,,x
c_beloozero,PROV408,,Belo Ozero,,,,,,,,,,,x
c_beloozero,c_beloozero_adj,,Belo Ozerian,,,,,,,,,,,x
b_belozersk,b_belozersk,,Belo Ozero,,,,,,,,,,,x
b_kirillobelozersky,b_kirillobelozersky,,Kirillo-Belozersky,,,,,,,,,,,x
b_fedosyevo,b_fedosyevo,,Fedosyevo,,,,,,,,,,,x
b_babayevo,b_babayevo,,Babayevo,,,,,,,,,,,x
b_kinilov,b_kinilov,,Kinilov,,,,,,,,,,,x
b_kaduy,b_kaduy,,Kaduy,,,,,,,,,,,x
b_khoklovo,b_khoklovo,,Khoklovo,,,,,,,,,,,x
b_glushkovo,b_glushkovo,,Glushkovo,,,,,,,,,,,x
c_zaozerye,PROV404,,Zaozerye,,,,,,,,,,,x
c_zaozerye,c_zaozerye_adj,,Zaozeryian,,,,,,,,,,,x
b_zarechnaya,b_zarechnaya,,Zarechnaya,,,,,,,,,,,x
b_nazankha,b_nazankha,,Nazankha,,,,,,,,,,,x
b_kharovsk,b_kharovsk,,Kharovsk,,,,,,,,,,,x
b_afoninskaya,b_afoninskaya,,Afoninskaya,,,,,,,,,,,x
b_borisovskaya,b_borisovskaya,,Borisovskaya,,,,,,,,,,,x
b_konechnaya,b_konechnaya,,Konechnaya,,,,,,,,,,,x
b_pashuchikha,b_pashuchikha,,Pashuchikha,,,,,,,,,,,x
b_bolshaya,b_bolshaya,,Bol'shaya,,,,,,,,,,,x
c_chud,PROV405,,Chud,,,,,,,,,,,x
c_chud,c_chud_adj,,Chudian,,,,,,,,,,,x
b_totma,b_totma,,Tot'ma,,,,,,,,,,,x
b_krbor,b_krbor,,Kr'Bor,,,,,,,,,,,x
b_kamchuga,b_kamchuga,,Kamchuga,,,,,,,,,,,x
b_chunlovka,b_chunlovka,,Chunlovka,,,,,,,,,,,x
b_zalese,b_zalese,,Zales'e,,,,,,,,,,,x
b_krutayaosyp,b_krutayaosyp,,Krutaya Osyp,,,,,,,,,,,x
b_veldvor,b_veldvor,,Vel'Dvor,,,,,,,,,,,x
b_zaytsevo,b_zaytsevo,,Zaytsevo,,,,,,,,,,,x
d_novgorod,d_novgorod,,Novgorod,,,,,,,,,,,x
d_novgorod,d_novgorod_adj,,Novgorodian,,,,,,,,,,,x
d_novgorod,d_novgorod_adj_danish,,Holmgårdian,,,,,,,,,,,x
d_novgorod,d_novgorod_adj_norse,,Holmgardian,,,,,,,,,,,x
d_novgorod,d_novgorod_adj_norwegian,,Holmgårdian,,,,,,,,,,,x
d_novgorod,d_novgorod_adj_swedish,,Holmgårdian,,,,,,,,,,,x
d_novgorod,danish,,Holmgård,,,,,,,,,,,x
d_novgorod,finnish,,Ilmen,,,,,,,,,,,x
d_novgorod,ilmenian,,Ilmen,,,,,,,,,,,x
d_novgorod,khanty,,Ilmen,,,,,,,,,,,x
d_novgorod,komi,,Ilmen,,,,,,,,,,,x
d_novgorod,lappish,,Ilmen,,,,,,,,,,,x
d_novgorod,mordvin,,Ilmen,,,,,,,,,,,x
d_novgorod,norse,,Holmgarðr,,,,,,,,,,,x
d_novgorod,norwegian,,Holmgård,,,,,,,,,,,x
d_novgorod,samoyed,,Ilmen,,,,,,,,,,,x
d_novgorod,severian,,Ilmen,,,,,,,,,,,x
d_novgorod,swedish,,Holmgård,,,,,,,,,,,x
d_novgorod,ugricbaltic,,Ilmen,,,,,,,,,,,x
c_bezhetsky_verh,PROV409,,Ladoga,,,,,,,,,,,x
c_bezhetsky_verh,c_bezhetsky_verh_adj,,Ladogan,,,,,,,,,,,x
c_bezhetsky_verh,finnish,,Nevajärvi,,,,,,,,,,,x
b_bezhetsk,b_bezhetsk,,Staraya Ladoga,,,,,,,,,,,x
b_bezhetsk,danish,,Aldeigjuborg,,,,,,,,,,,x
b_bezhetsk,finnish,,Alodejoki,,,,,,,,,,,x
b_bezhetsk,norse,,Aldeigjuborg,,,,,,,,,,,x
b_bezhetsk,norwegian,,Aldeigjuborg,,,,,,,,,,,x
b_bezhetsk,swedish,,Aldeigjuborg,,,,,,,,,,,x
b_spasnakholmu,b_spasnakholmu,,Spas-na-Kholmu,,,,,,,,,,,x
b_spasnakholmu,danish,,Spångsholm,,,,,,,,,,,x
b_spasnakholmu,norse,,Spångsholmr,,,,,,,,,,,x
b_spasnakholmu,norwegian,,Spngsholm,,,,,,,,,,,x
b_spasnakholmu,swedish,,Spångsholm,,,,,,,,,,,x
b_sonkovo,b_sonkovo,,Gorodishche,,,,,,,,,,,x
b_sonkovo,danish,,Alaborg,,,,,,,,,,,x
b_sonkovo,norse,,Alaborg,,,,,,,,,,,x
b_sonkovo,norwegian,,Alaborg,,,,,,,,,,,x
b_sonkovo,swedish,,Alaborg,,,,,,,,,,,x
b_kyasovagora,b_kyasovagora,,Duboviki,,,,,,,,,,,x
b_maksatikha,b_maksatikha,,Maksatikha,,,,,,,,,,,x
b_molokovo,b_molokovo,,Stolbova,,,,,,,,,,,x
b_rameshki,b_rameshki,,Diderino,,,,,,,,,,,x
b_obrosovo,b_obrosovo,,Obrosovo,,,,,,,,,,,x
c_torzhok,PROV412,,Torzhok,,,,,,,,,,,x
c_torzhok,c_torzhok_adj,,Torzhokian,,,,,,,,,,,x
b_yamskygorodok,b_yamskygorodok,,Yamsky Gorodok,,,,,,,,,,,x
b_shcheremenski,b_shcheremenski,,Scheremenski,,,,,,,,,,,x
b_kingisepp,b_kingisepp,,Yama,,,,,,,,,,,x
b_kingisepp,danish,,Jamburg,,,,,,,,,,,x
b_kingisepp,finnish,,Jaama,,,,,,,,,,,x
b_kingisepp,german,,Jamburg,,,,,,,,,,,x
b_kingisepp,komi,,Jaama,,,,,,,,,,,x
b_kingisepp,lappish,,Jaama,,,,,,,,,,,x
b_kingisepp,mordvin,,Jaama,,,,,,,,,,,x
b_kingisepp,norse,,Jamborg,,,,,,,,,,,x
b_kingisepp,norwegian,,Jamburg,,,,,,,,,,,x
b_kingisepp,samoyed,,Jaama,,,,,,,,,,,x
b_kingisepp,swedish,,Jamborg,,,,,,,,,,,x
b_volosovo,b_volosovo,,Volosovo,,,,,,,,,,,x
b_konnovo,b_konnovo,,Konnovo,,,,,,,,,,,x
b_vistino,b_vistino,,Vistino,,,,,,,,,,,x
b_komarovka,b_komarovka,,Komarovka,,,,,,,,,,,x
b_vassakara,b_vassakara,,Vassakara,,,,,,,,,,,x
c_novgorod,PROV414,,Novgorod,,,,,,,,,,,x
c_novgorod,c_novgorod_adj,,Novgorodian,,,,,,,,,,,x
c_novgorod,danish,,Holmgård,,,,,,,,,,,x
c_novgorod,norse,,Holmgarðr,,,,,,,,,,,x
c_novgorod,norwegian,,Holmgård,,,,,,,,,,,x
c_novgorod,swedish,,Holmgård,,,,,,,,,,,x
b_borovichi,b_borovichi,,Borovichi,,,,,,,,,,,x
b_borovichi,danish,,Nygård,,,,,,,,,,,x
b_borovichi,norse,,Nygarðr,,,,,,,,,,,x
b_borovichi,norwegian,,Nygård,,,,,,,,,,,x
b_borovichi,swedish,,Nygård,,,,,,,,,,,x
b_novgorod,b_novgorod,,Novgorod,,,,,,,,,,,x
b_novgorod,danish,,Holmgård,,,,,,,,,,,x
b_novgorod,norse,,Holmgarðr,,,,,,,,,,,x
b_novgorod,norwegian,,Holmgård,,,,,,,,,,,x
b_novgorod,swedish,,Holmgård,,,,,,,,,,,x
b_tikhvin,b_tikhvin,,Tikhvin,,,,,,,,,,,x
b_chudovo,b_chudovo,,Chudovo,,,,,,,,,,,x
b_okulovka,b_okulovka,,Okulovka,,,,,,,,,,,x
b_boldorki,b_boldorki,,Bol Dorki,,,,,,,,,,,x
b_pestovo,b_pestovo,,Pestovo,,,,,,,,,,,x
b_luga,b_luga,,Luga,,,,,,,,,,,x
c_toropets,PROV410,,Toropets,,,,,,,,,,,x
c_toropets,c_toropets_adj,,Toropetsian,,,,,,,,,,,x
b_staryarussa,b_staryarussa,,Starya Russa,,,,,,,,,,,x
b_valday,b_valday,,Valday,,,,,,,,,,,x
b_toropets,b_toropets,,Toropets,,,,,,,,,,,x
b_demyansk,b_demyansk,,Demyansk,,,,,,,,,,,x
b_shimsk,b_shimsk,,Shimsk,,,,,,,,,,,x
b_dno,b_dno,,Dno,,,,,,,,,,,x
b_lychkovo,b_lychkovo,,Lychkovo,,,,,,,,,,,x
b_kresttsy,b_kresttsy,,Kresttsy,,,,,,,,,,,x
d_pskov,d_pskov,,Pskov,,,,,,,,,,,x
d_pskov,d_pskov_adj,,Pskovian,,,,,,,,,,,x
d_pskov,german,,Pleskau,,,,,,,,,,,x
c_pskov,PROV413,,Pskov,,,,,,,,,,,x
c_pskov,c_pskov_adj,,Pskovian,,,,,,,,,,,x
c_pskov,german,,Pleskau,,,,,,,,,,,x
b_ostrov,b_ostrov,,Ostrov,,,,,,,,,,,x
b_pskov,b_pskov,,Pskov,,,,,,,,,,,x
b_pechory,b_pechory,,Pechory,,,,,,,,,,,x
b_gdov,b_gdov,,Gdov,,,,,,,,,,,x
b_porkhov,b_porkhov,,Porkhov,,,,,,,,,,,x
b_dedovichi,b_dedovichi,,Dedovichi,,,,,,,,,,,x
b_svyatogorki,b_svyatogorki,,Svyatogorki,,,,,,,,,,,x
b_soltchi,b_soltchi,,Soltchi,,,,,,,,,,,x
c_velikiye_luki,PROV415,,Luki,,,,,,,,,,,x
c_velikiye_luki,c_velikiye_luki_adj,,Lukian,,,,,,,,,,,x
b_velikiyeluki,b_velikiyeluki,,Luki,,,,,,,,,,,x
b_sebezh,b_sebezh,,Sebezh,,,,,,,,,,,x
b_nevel,b_nevel,,Nevel,,,,,,,,,,,x
b_opochka,b_opochka,,Opochka,,,,,,,,,,,x
b_bely,b_bely,,Bely,,,,,,,,,,,x
b_usvyaty,b_usvyaty,,Usvyaty,,,,,,,,,,,x
b_loknya,b_loknya,,Lokna,,,,,,,,,,,x
b_staryatoropa,b_staryatoropa,,Starya Toropa,,,,,,,,,,,x
d_rostov,d_rostov,,Rostov,,,,,,,,,,,x
d_rostov,d_rostov_adj,,Rostovan,,,,,,,,,,,x
c_pereyaslavl_zalessky,PROV573,,Pereyaslavl Zalessky,,,,,,,,,,,x
c_pereyaslavl_zalessky,c_pereyaslavl_zalessky_adj,,Pereyaslavl Zalesskyian,,,,,,,,,,,x
b_pereyaslavlzalessky,b_pereyaslavlzalessky,,Pereyaslavl,,,,,,,,,,,x
b_sergiyevposad,b_sergiyevposad,,Sergiyev Posad,,,,,,,,,,,x
b_aleksandrov,b_aleksandrov,,Aleksandrov,,,,,,,,,,,x
b_strunino,b_strunino,,Strunino,,,,,,,,,,,x
b_karabanovo,b_karabanovo,,Karabanovo,,,,,,,,,,,x
b_kubrinsk,b_kubrinsk,,Kubrinsk,,,,,,,,,,,x
b_kupanskoye,b_kupanskoye,,Kupanskoye,,,,,,,,,,,x
b_khmelniki,b_khmelniki,,Khmelniki,,,,,,,,,,,x
c_rostov,PROV574,,Rostov,,,,,,,,,,,x
c_rostov,c_rostov_adj,,Rostovian,,,,,,,,,,,x
c_rostov,danish,,Radstofa,,,,,,,,,,,x
c_rostov,finnish,,Merya,,,,,,,,,,,x
c_rostov,komi,,Merya,,,,,,,,,,,x
c_rostov,lappish,,Merya,,,,,,,,,,,x
c_rostov,mordvin,,Merya,,,,,,,,,,,x
c_rostov,norse,,Radstofa,,,,,,,,,,,x
c_rostov,norwegian,,Radstofa,,,,,,,,,,,x
c_rostov,samoyed,,Merya,,,,,,,,,,,x
c_rostov,swedish,,Radstofa,,,,,,,,,,,x
b_sarskoyegorodishche,b_sarskoyegorodishche,,Sarskoye Gorodishche,,,,,,,,,,,x
b_sarskoyegorodishche,finnish,,Merya,,,,,,,,,,,x
b_sarskoyegorodishche,komi,,Merya,,,,,,,,,,,x
b_sarskoyegorodishche,lappish,,Merya,,,,,,,,,,,x
b_sarskoyegorodishche,mordvin,,Merya,,,,,,,,,,,x
b_sarskoyegorodishche,samoyed,,Merya,,,,,,,,,,,x
b_spasoyakovlevsky,b_spasoyakovlevsky,,Spaso-Yakovlevsky,,,,,,,,,,,x
b_rostov,b_rostov,,Rostov,,,,,,,,,,,x
b_rostov,danish,,Radstofa,,,,,,,,,,,x
b_rostov,norse,,Radstofa,,,,,,,,,,,x
b_rostov,norwegian,,Radstofa,,,,,,,,,,,x
b_rostov,swedish,,Radstofa,,,,,,,,,,,x
b_petrovskoye,b_petrovskoye,,Petrovskoye,,,,,,,,,,,x
b_gavrilovyam,b_gavrilovyam,,Gavrilov-Yam,,,,,,,,,,,x
b_borisoglebsky,b_borisoglebsky,,Borisoglebsky,,,,,,,,,,,x
b_karash,b_karash,,Karash,,,,,,,,,,,x
b_shurskol,b_shurskol,,Shurskol,,,,,,,,,,,x
c_uglich,PROV571,,Uglich,,,,,,,,,,,x
c_uglich,c_uglich_adj,,Uglichian,,,,,,,,,,,x
b_uglich,b_uglich,,Uglich,,,,,,,,,,,x
b_pertoma,b_pertoma,,Pertoma,,,,,,,,,,,x
b_kashin,b_kashin,,Kashin,,,,,,,,,,,x
b_kalyazin,b_kalyazin,,Kalyazin,,,,,,,,,,,x
b_ustscheksna,b_ustscheksna,,Ust-Scheksna,,,,,,,,,,,x
b_myshkin,b_myshkin,,Myshkin,,,,,,,,,,,x
b_tikhmenevo,b_tikhmenevo,,Tikhmenevo,,,,,,,,,,,x
b_novynekouz,b_novynekouz,,Novy Nekouz,,,,,,,,,,,x
d_tver,d_tver,,Tver,,,,,,,,,,,x
d_tver,d_tver_adj,,Tverian,,,,,,,,,,,x
d_tver,ilmenian,,Vyatich,,,,,,,,,,,x
d_tver,severian,,Vyatich,,,,,,,,,,,x
c_tver,PROV570,,Tver,,,,,,,,,,,x
c_tver,c_tver_adj,,Tverian,,,,,,,,,,,x
b_tver,b_tver,,Tver,,,,,,,,,,,x
b_torzhok,b_torzhok,,Torzhok,,,,,,,,,,,x
b_ostashkov,b_ostashkov,,Ostashkov,,,,,,,,,,,x
b_bezhichi,b_bezhichi,,Bezhichi,,,,,,,,,,,x
b_tvergorodok,b_tvergorodok,,Gorodok,,,,,,,,,,,x
b_vyshnyvolochyok,b_vyshnyvolochyok,,Vyshny Volochyok,,,,,,,,,,,x
b_zubtsov,b_zubtsov,,Zubtsov,,,,,,,,,,,x
b_udomelski,b_udomelski,,Udomelski,,,,,,,,,,,x
c_vyazma,PROV569,,Vyazma,,,,,,,,,,,x
c_vyazma,c_vyazma_adj,,Vyazmian,,,,,,,,,,,x
b_vyazma,b_vyazma,,Vyazma,,,,,,,,,,,x
b_dukhov,b_dukhov,,Dukhov,,,,,,,,,,,x
b_yelnya,b_yelnya,,Yelnya,,,,,,,,,,,x
b_gzhatsky,b_gzhatsky,,Gzhatsky,,,,,,,,,,,x
b_dorogobuzh,b_dorogobuzh,,Dorogobuzh,,,,,,,,,,,x
b_vyazkholm,b_vyazkholm,,Kholm,,,,,,,,,,,x
b_ugra,b_ugra,,Ugra,,,,,,,,,,,x
b_safonovo,b_safonovo,,Safonovo,,,,,,,,,,,x
d_yaroslavl,d_yaroslavl,,Yaroslavl,,,,,,,,,,,x
d_yaroslavl,d_yaroslavl_adj,,Yaroslavian,,,,,,,,,,,x
d_yaroslavl,finnish,,Merya,,,,,,,,,,,x
d_yaroslavl,komi,,Merya,,,,,,,,,,,x
d_yaroslavl,lappish,,Merya,,,,,,,,,,,x
d_yaroslavl,mordvin,,Merya,,,,,,,,,,,x
d_yaroslavl,samoyed,,Merya,,,,,,,,,,,x
d_yaroslavl,ugricbaltic,,Merya,,,,,,,,,,,x
c_kostroma,PROV407,,Kostroma,,,,,,,,,,,x
c_kostroma,c_kostroma_adj,,Kostromian,,,,,,,,,,,x
b_kostroma,b_kostroma,,Kostroma,,,,,,,,,,,x
b_sudislavl,b_sudislavl,,Sudislavl,,,,,,,,,,,x
b_plyos,b_plyos,,Plyos,,,,,,,,,,,x
b_nerektha,b_nerektha,,Nerektha,,,,,,,,,,,x
b_apraksino,b_apraksino,,Apraksino,,,,,,,,,,,x
b_kosmynino,b_kosmynino,,Kosmynino,,,,,,,,,,,x
b_zavolzhsk,b_zavolzhsk,,Zavolzhsk,,,,,,,,,,,x
b_nekrasoskoye,b_nekrasoskoye,,Nekrasoskoye,,,,,,,,,,,x
c_yaroslavl,PROV572,,Yaroslavl,,,,,,,,,,,x
c_yaroslavl,c_yaroslavl_adj,,Yaroslavlian,,,,,,,,,,,x
c_yaroslavl,c_yaroslavl_adj_finno_ugric,,Meryan,,,,,,,,,,,x
b_timerevo,b_timerevo,,Timerevo,,,,,,,,,,,x
b_yaroslavl,b_yaroslavl,,Yaroslavl,,,,,,,,,,,x
b_tolga,b_tolga,,Tolga,,,,,,,,,,,x
b_romanov,b_romanov,,Romanov,,,,,,,,,,,x
b_semibratovo,b_semibratovo,,Semibratovo,,,,,,,,,,,x
b_karabikha,b_karabikha,,Karabikha,,,,,,,,,,,x
b_putyatino,b_putyatino,,Putyatino,,,,,,,,,,,x
b_volgostroy,b_volgostroy,,Volgostroy,,,,,,,,,,,x
c_vologda,PROV406,,Vologda,,,,,,,,,,,x
c_vologda,c_vologda_adj,,Vologdan,,,,,,,,,,,x
b_vologda,b_vologda,,Vologda,,,,,,,,,,,x
b_kadnikovskaya,b_kadnikovskaya,,Kadnikovskaya,,,,,,,,,,,x
b_sokol,b_sokol,,Sokol,,,,,,,,,,,x
b_uste,b_uste,,Ust'e,,,,,,,,,,,x
b_bolshayamurga,b_bolshayamurga,,Bol'shaya Murga,,,,,,,,,,,x
b_dvinitsa,b_dvinitsa,,Dvinitsa,,,,,,,,,,,x
b_motyn,b_motyn,,Motyn,,,,,,,,,,,x
b_staroye,b_staroye,,Staroye,,,,,,,,,,,x
d_vladimir,d_vladimir,,Vladimir,,,,,,,,,,,x
d_vladimir,d_vladimir_adj,,Vladimiran,,,,,,,,,,,x
d_vladimir,mordvin,,Murom,,,,,,,,,,,x
d_vladimir,samoyed,,Murom,,,,,,,,,,,x
c_galich_mersky,PROV586,,Galich Mersky,,,,,,,,,,,x
c_galich_mersky,c_galich_mersky_adj,,Galich Merskyian,,,,,,,,,,,x
b_galichmersky,b_galichmersky,,Galich Mersky,,,,,,,,,,,x
b_levkovo,b_levkovo,,Levkovo,,,,,,,,,,,x
b_gradmersky,b_gradmersky,,Grad Mersky,,,,,,,,,,,x
b_buy,b_buy,,Buy,,,,,,,,,,,x
b_chistyebory,b_chistyebory,,Chistye Bory,,,,,,,,,,,x
b_susanino,b_susanino,,Susanino,,,,,,,,,,,x
b_kadyy,b_kadyy,,Kadyy,,,,,,,,,,,x
b_isaevo,b_isaevo,,Isaevo,,,,,,,,,,,x
c_gorodez,PROV585,,Gorodez,,,,,,,,,,,x
c_gorodez,c_gorodez_adj,,Gorodezian,,,,,,,,,,,x
b_gorodez,b_gorodez,,Gorodez,,,,,,,,,,,x
b_feodorovsky,b_feodorovsky,,Feodorovsky,,,,,,,,,,,x
b_kitezh,b_kitezh,,Kitezh,,,,,,,,,,,x
b_puchishche,b_puchishche,,Puchishche,,,,,,,,,,,x
b_pravdinsk,b_pravdinsk,,Pravdinsk,,,,,,,,,,,x
b_lukh,b_lukh,,Lukh,,,,,,,,,,,x
b_gorkovskoye,b_gorkovskoye,,Gorkovskoye,,,,,,,,,,,x
b_sokolskoye,b_sokolskoye,,Sokolskoye,,,,,,,,,,,x
c_nizhny_novgorod,PROV584,,Nizhny Novgorod,,,,,,,,,,,x
c_nizhny_novgorod,c_nizhny_novgorod_adj,,Nizhny Novgorodian,,,,,,,,,,,x
c_nizhny_novgorod,c_nizhny_novgorod_adj_altaic,,Obran Osh,,,,,,,,,,,x
c_nizhny_novgorod,c_nizhny_novgorod_adj_finno_ugric,,Obran Osh,,,,,,,,,,,x
c_nizhny_novgorod,avar,,Obran Osh,,,,,,,,,,,x
c_nizhny_novgorod,cuman,,Obran Osh,,,,,,,,,,,x
c_nizhny_novgorod,finnish,,Obran Osh,,,,,,,,,,,x
c_nizhny_novgorod,komi,,Obran Osh,,,,,,,,,,,x
c_nizhny_novgorod,lappish,,Obran Osh,,,,,,,,,,,x
c_nizhny_novgorod,mongol,,Obran Osh,,,,,,,,,,,x
c_nizhny_novgorod,mordvin,,Obran Osh,,,,,,,,,,,x
c_nizhny_novgorod,pecheneg,,Obran Osh,,,,,,,,,,,x
c_nizhny_novgorod,samoyed,,Obran Osh,,,,,,,,,,,x
c_nizhny_novgorod,turkish,,Obran Osh,,,,,,,,,,,x
b_nizhnynovgorod,b_nizhnynovgorod,,Nizhy Novgorod,,,,,,,,,,,x
b_nizhnynovgorod,avar,,Obran Osh,,,,,,,,,,,x
b_nizhnynovgorod,cuman,,Obran Osh,,,,,,,,,,,x
b_nizhnynovgorod,finnish,,Obran Osh,,,,,,,,,,,x
b_nizhnynovgorod,komi,,Obran Osh,,,,,,,,,,,x
b_nizhnynovgorod,lappish,,Obran Osh,,,,,,,,,,,x
b_nizhnynovgorod,mongol,,Obran Osh,,,,,,,,,,,x
b_nizhnynovgorod,mordvin,,Obran Osh,,,,,,,,,,,x
b_nizhnynovgorod,pecheneg,,Obran Osh,,,,,,,,,,,x
b_nizhnynovgorod,samoyed,,Obran Osh,,,,,,,,,,,x
b_nizhnynovgorod,turkish,,Obran Osh,,,,,,,,,,,x
b_sarov,b_sarov,,Sarov,,,,,,,,,,,x
b_bor,b_bor,,Bor,,,,,,,,,,,x
b_kstovo,b_kstovo,,Kstovo,,,,,,,,,,,x
b_knyaginino,b_knyaginino,,Knyaginino,,,,,,,,,,,x
b_vasilyeva,b_vasilyeva,,Vasilyeva,,,,,,,,,,,x
b_balakhna,b_balakhna,,Balakhna,,,,,,,,,,,x
b_bogorodsk,b_bogorodsk,,Bogorodsk,,,,,,,,,,,x
c_suzdal,PROV583,,Suzdal,,,,,,,,,,,x
c_suzdal,c_suzdal_adj,,Suzdalian,,,,,,,,,,,x
c_suzdal,danish,,Sursdalar,,,,,,,,,,,x
c_suzdal,norse,,Sursdalar,,,,,,,,,,,x
c_suzdal,norwegian,,Sursdalar,,,,,,,,,,,x
c_suzdal,swedish,,Sursdalar,,,,,,,,,,,x
b_suzdal,b_suzdal,,Suzdal,,,,,,,,,,,x
b_suzdal,danish,,Sursdalar,,,,,,,,,,,x
b_suzdal,norse,,Sursdalar,,,,,,,,,,,x
b_suzdal,norwegian,,Sursdalar,,,,,,,,,,,x
b_suzdal,swedish,,Sursdalar,,,,,,,,,,,x
b_bogolyubovo,b_bogolyubovo,,Bogolyubovo,,,,,,,,,,,x
b_suzstarodub,b_suzstarodub,,Starodub,,,,,,,,,,,x
b_suzivanovo,b_suzivanovo,,Ivanovo,,,,,,,,,,,x
b_kovrov,b_kovrov,,Kovrov,,,,,,,,,,,x
b_seredaupino,b_seredaupino,,Sereda-Upino ,,,,,,,,,,,x
b_teykovo,b_teykovo,,Teykovo,,,,,,,,,,,x
b_lezhnevo,b_lezhnevo,,Lezhnevo,,,,,,,,,,,x
c_vladimir,PROV582,,Vladimir,,,,,,,,,,,x
c_vladimir,c_vladimir_adj,,Vladimiran,,,,,,,,,,,x
b_vladimir,b_vladimir,,Vladimir,,,,,,,,,,,x
b_yuryevpolsky,b_yuryevpolsky,,Yuryev-Polsky,,,,,,,,,,,x
b_volochok,b_volochok,,Volochok,,,,,,,,,,,x
b_undol,b_undol,,Undol,,,,,,,,,,,x
b_petuschki,b_petuschki,,Petuschki,,,,,,,,,,,x
b_sudogda,b_sudogda,,Sudogda,,,,,,,,,,,x
b_sobinka,b_sobinka,,Sobinka,,,,,,,,,,,x
b_kosterevo,b_kosterevo,,Kosterevo,,,,,,,,,,,x
d_moskva,d_moskva,,Moskva,,,,,,,,,,,x
d_moskva,d_moskva_adj,,Muscovite,,,,,,,,,,,x
d_moskva,mordvin,,Mochkava,,,,,,,,,,,x
c_mozhaysk,PROV587,,Mozhaysk,,,,,,,,,,,x
c_mozhaysk,c_mozhaysk_adj,,Mozhayskian,,,,,,,,,,,x
b_volgamozhaysk,b_volgamozhaysk,,Mozhaysk,,,,,,,,,,,x
b_shakhunya,b_shakhunya,,Shakhunya,,,,,,,,,,,x
b_yaransk,b_yaransk,,Yaransk,,,,,,,,,,,x
b_vakhtan,b_vakhtan,,Vakhtan,,,,,,,,,,,x
b_varnavino,b_varnavino,,Varnavino,,,,,,,,,,,x
b_kiknur,b_kiknur,,Kiknur,,,,,,,,,,,x
b_tonshaevo,b_tonshaevo,,Tonshaevo,,,,,,,,,,,x
b_uren,b_uren,,Uren,,,,,,,,,,,x
c_moskva,PROV575,,Moskva,,,,,,,,,,,x
c_moskva,c_moskva_adj,,Muscovite,,,,,,,,,,,x
c_moskva,mordvin,,Mochkava,,,,,,,,,,,x
b_moskva,b_moskva,,Moskva,,,,,,,,,,,x
b_moskva,mordvin,,Mochkava,,,,,,,,,,,x
b_rogozhi,b_rogozhi,,Rogozhi,,,,,,,,,,,x
b_kaluga,b_kaluga,,Kaluga,,,,,,,,,,,x
b_serpukhov,b_serpukhov,,Serpukhov,,,,,,,,,,,x
b_belyov,b_belyov,,Belyov,,,,,,,,,,,x
b_mozhaysk,b_mozhaysk,,Mozhaysk,,,,,,,,,,,x
b_rzhev,b_rzhev,,Rzhev,,,,,,,,,,,x
b_klin,b_klin,,Klin,,,,,,,,,,,x
k_ruthenia,k_ruthenia,,Ruthenia,,,,,,,,,,,x
k_ruthenia,k_ruthenia_adj,,Ruthenian,,,,,,,,,,,x
k_ruthenia,k_ruthenia_adj_danish,,Kønugardian,,,,,,,,,,,x
k_ruthenia,k_ruthenia_adj_norse,,Könugardian,,,,,,,,,,,x
k_ruthenia,k_ruthenia_adj_norwegian,,Kønugardian,,,,,,,,,,,x
k_ruthenia,k_ruthenia_adj_swedish,,Könugardian,,,,,,,,,,,x
k_ruthenia,danish,,Kønugård,,,,,,,,,,,x
k_ruthenia,norse,,Könugarðr,,,,,,,,,,,x
k_ruthenia,norwegian,,Kønugård,,,,,,,,,,,x
k_ruthenia,swedish,,Könugård,,,,,,,,,,,x
d_kiev,d_kiev,,Kiev,,,,,,,,,,,x
d_kiev,d_kiev_adj,,Kievan,,,,,,,,,,,x
d_kiev,d_kiev_adj_danish,,Kønugardian,,,,,,,,,,,x
d_kiev,d_kiev_adj_norse,,Könugardian,,,,,,,,,,,x
d_kiev,d_kiev_adj_norwegian,,Kønugardian,,,,,,,,,,,x
d_kiev,d_kiev_adj_swedish,,Könugardian,,,,,,,,,,,x
d_kiev,danish,,Kønugård,,,,,,,,,,,x
d_kiev,norse,,Könugarðr,,,,,,,,,,,x
d_kiev,norwegian,,Kønugård,,,,,,,,,,,x
d_kiev,swedish,,Könugård,,,,,,,,,,,x
c_korsun,PROV544,,Korsun,,,,,,,,,,,x
c_korsun,c_korsun_adj,,Korsunian,,,,,,,,,,,x
b_korsun,b_korsun,,Korsun,,,,,,,,,,,x
b_kaniv,b_kaniv,,Kaniv,,,,,,,,,,,x
b_cherkassy,b_cherkassy,,Cherkassy,,,,,,,,,,,x
b_smila,b_smila,,Smila,,,,,,,,,,,x
b_zolotonosha,b_zolotonosha,,Zolotonosha,,,,,,,,,,,x
b_uman,b_uman,,Uman,,,,,,,,,,,x
b_zhuravky,b_zhuravky,,Zhuravky,,,,,,,,,,,x
b_mirov,b_mirov,,Mirov,,,,,,,,,,,x
c_kiev,PROV547,,Kiev,,,,,,,,,,,x
c_kiev,c_kiev_adj,,Kievian,,,,,,,,,,,x
c_kiev,danish,,Kønugård,,,,,,,,,,,x
c_kiev,norse,,Könugarðr,,,,,,,,,,,x
c_kiev,norwegian,,Kønugård,,,,,,,,,,,x
c_kiev,swedish,,Könugård,,,,,,,,,,,x
b_kiev,b_kiev,,Kiev,,,,,,,,,,,x
b_kiev,danish,,Kønugård,,,,,,,,,,,x
b_kiev,norse,,Könugarðr,,,,,,,,,,,x
b_kiev,norwegian,,Kønugård,,,,,,,,,,,x
b_kiev,swedish,,Könugård,,,,,,,,,,,x
b_yuriev,b_yuriev,,Yuriev,,,,,,,,,,,x
b_iskorosten,b_iskorosten,,Iskorosten,,,,,,,,,,,x
b_vyshhorod,b_vyshhorod,,Vyshhorod,,,,,,,,,,,x
b_ovruch,b_ovruch,,Ovruch,,,,,,,,,,,x
b_zhitomir,b_zhitomir,,Zhitomir,,,,,,,,,,,x
b_malyn,b_malyn,,Malyn,,,,,,,,,,,x
b_fastiv,b_fastiv,,Fastiv,,,,,,,,,,,x
d_galich,d_galich,,Galich,,,,,,,,,,,x
d_galich,d_galich_adj,,Galichian,,,,,,,,,,,x
c_terebovl,PROV546,,Terebovl,,,,,,,,,,,x
c_terebovl,c_terebovl_adj,,Terebovlian,,,,,,,,,,,x
b_terebovl,b_terebovl,,Terebovl,,,,,,,,,,,x
b_pochayivlavra,b_pochayivlavra,,Pochayiv Lavra,,,,,,,,,,,x
b_bratslav,b_bratslav,,Bratslav,,,,,,,,,,,x
b_kremenets,b_kremenets,,Kremenets,,,,,,,,,,,x
b_borschiv,b_borschiv,,Borschiv,,,,,,,,,,,x
b_vinnytsia,b_vinnytsia,,Vinnytsia,,,,,,,,,,,x
b_buchach,b_buchach,,Buchach,,,,,,,,,,,x
b_zalischyky,b_zalischyky,,Zalischyky,,,,,,,,,,,x
c_galich,PROV536,,Galich,,,,,,,,,,,x
c_galich,c_galich_adj,,Galichian,,,,,,,,,,,x
b_galich,b_galich,,Galich,,,,,,,,,,,x
b_lvov,b_lvov,,Lviv,,,,,,,,,,,x
b_dubno,b_dubno,,Dubno,,,,,,,,,,,x
b_vasyliv,b_vasyliv,,Vasyliv,,,,,,,,,,,x
b_kolomyia,b_kolomyia,,Kolomyia,,,,,,,,,,,x
b_ternopil,b_ternopil,,Ternopil,,,,,,,,,,,x
b_buzhsk,b_buzhsk,,Buzhsk,,,,,,,,,,,x
b_brody,b_brody,,Brody,,,,,,,,,,,x
c_peremyshl,PROV534,,Peremyshl,,,,,,,,,,,x
c_peremyshl,c_peremyshl_adj,,Peremyshlian,,,,,,,,,,,x
b_peremyshl,b_peremyshl,,Peremyshl,,,,,,,,,,,x
b_jaroslav,b_jaroslav,,Jaroslav,,,,,,,,,,,x
b_sanok,b_sanok,,Sanok,,,,,,,,,,,x
b_lubaczow,b_lubaczow,,Lubaczów,,,,,,,,,,,x
b_grodek,b_grodek,,Gródek,,,,,,,,,,,x
b_rzeszow,b_rzeszow,,Rzeszów,,,,,,,,,,,x
b_volkrosno,b_volkrosno,,Krosno,,,,,,,,,,,x
b_jaslo,b_jaslo,,Jaslo,,,,,,,,,,,x
d_volhynia,d_volhynia,,Volhynia,,,,,,,,,,,x
d_volhynia,d_volhynia_adj,,Volhynian,,,,,,,,,,,x
c_vladimir_volynsky,PROV535,,Vladimir Volynsky,,,,,,,,,,,x
c_vladimir_volynsky,c_vladimir_volynsky_adj,,Vladimir Volynskyan,,,,,,,,,,,x
b_vladimirvolynsky,b_vladimirvolynsky,,Vladimir Volynsky,,,,,,,,,,,x
b_kovel,b_kovel,,Kovel,,,,,,,,,,,x
b_kholm,b_kholm,,Kholm,,,,,,,,,,,x
b_ivanichy,b_ivanichy,,Ivanichy,,,,,,,,,,,x
b_hrubieszow,b_hrubieszow,,Hrubieszów,,,,,,,,,,,x
b_torchyn,b_torchyn,,Torchyn,,,,,,,,,,,x
b_cherven,b_cherven,,Cherven,,,,,,,,,,,x
b_luboml,b_luboml,,Luboml,,,,,,,,,,,x
c_beresty,PROV549,,Beresty,,,,,,,,,,,x
c_beresty,c_beresty_adj,,Berestian,,,,,,,,,,,x
b_beresty,b_beresty,,Beresty,,,,,,,,,,,x
b_bielsk,b_bielsk,,Bielsk,,,,,,,,,,,x
b_kobryn,b_kobryn,,Kobryn,,,,,,,,,,,x
b_kamyanyets,b_kamyanyets,,Kamyanyets,,,,,,,,,,,x
b_mielnik,b_mielnik,,Mielnik,,,,,,,,,,,x
b_lublin,b_lublin,,Lublin,,,,,,,,,,,x
b_wlodawa,b_wlodawa,,Wlodawa,,,,,,,,,,,x
b_parczew,b_parczew,,Parczew,,,,,,,,,,,x
d_turov,d_turov,,Turov,,,,,,,,,,,x
d_turov,d_turov_adj,,Turovian,,,,,,,,,,,x
d_turov,ilmenian,,Dregovichia,,,,,,,,,,,x
c_turov,PROV552,,Turov,,,,,,,,,,,x
c_turov,c_turov_adj,,Turovian,,,,,,,,,,,x
b_turov,b_turov,,Turov,,,,,,,,,,,x
b_dubrovitsya,b_dubrovitsya,,Dubrovitsya,,,,,,,,,,,x
b_mazyr,b_mazyr,,Mazyr,,,,,,,,,,,x
b_slutsk,b_slutsk,,Slutsk,,,,,,,,,,,x
b_zhytkavichy,b_zhytkavichy,,Zhytkavichy,,,,,,,,,,,x
b_bobruisk,b_bobruisk,,Bobruisk,,,,,,,,,,,x
b_petrykaw,b_petrykaw,,Petrykaw,,,,,,,,,,,x
b_yelsk,b_yelsk,,Yelsk,,,,,,,,,,,x
c_pinsk,PROV548,,Pinsk,,,,,,,,,,,x
c_pinsk,c_pinsk_adj,,Pinskian,,,,,,,,,,,x
b_pinsk,b_pinsk,,Pinsk,,,,,,,,,,,x
b_lutsk,b_lutsk,,Lutsk,,,,,,,,,,,x
b_porkhovo,b_porkhovo,,Porkhovo,,,,,,,,,,,x
b_biaroza,b_biaroza,,Biaroza,,,,,,,,,,,x
b_stepan,b_stepan,,Stepan,,,,,,,,,,,x
b_kosava,b_kosava,,Kosava,,,,,,,,,,,x
b_luninets,b_luninets,,Luninets,,,,,,,,,,,x
b_dabuchin,b_dabuchin,,Dabuchin,,,,,,,,,,,x
d_vitebsk,d_vitebsk,,Vitebsk,,,,,,,,,,,x
d_vitebsk,d_vitebsk_adj,,Vitebskian,,,,,,,,,,,x
d_vitebsk,ilmenian,,Kryvia,,,,,,,,,,,x
c_minsk,PROV550,,Minsk,,,,,,,,,,,x
c_minsk,c_minsk_adj,,Minskian,,,,,,,,,,,x
b_minsk,b_minsk,,Minsk,,,,,,,,,,,x
b_maladzyechna,b_maladzyechna,,Maladzyechna,,,,,,,,,,,x
b_borisow,b_borisow,,Borisow,,,,,,,,,,,x
b_kletsk,b_kletsk,,Kletsk,,,,,,,,,,,x
b_berezino,b_berezino,,Berezino,,,,,,,,,,,x
b_nesvizh,b_nesvizh,,Nesvizh,,,,,,,,,,,x
b_valozhyn,b_valozhyn,,Valozhyn,,,,,,,,,,,x
b_kapyl,b_kapyl,,Kapyl,,,,,,,,,,,x
c_orsha,PROV418,,Orsha,,,,,,,,,,,x
c_orsha,c_orsha_adj,,Orshian,,,,,,,,,,,x
b_orsha,b_orsha,,Orsha,,,,,,,,,,,x
b_novolukomi,b_novolukomi,,Novolukomi,,,,,,,,,,,x
b_talachyn,b_talachyn,,Talachyn,,,,,,,,,,,x
b_sianno,b_sianno,,Sianno,,,,,,,,,,,x
b_shklou,b_shklou,,Shklou,,,,,,,,,,,x
b_kopys,b_kopys,,Kopys,,,,,,,,,,,x
b_horki,b_horki,,Horki,,,,,,,,,,,x
b_larynouka,b_larynouka,,Larynouka,,,,,,,,,,,x
c_vitebsk,PROV417,,Vitebsk,,,,,,,,,,,x
c_vitebsk,c_vitebsk_adj,,Vitebskian,,,,,,,,,,,x
b_vitebsk,b_vitebsk,,Vitebsk,,,,,,,,,,,x
b_sakolniki,b_sakolniki,,Sakolniki,,,,,,,,,,,x
b_haradok,b_haradok,,Haradok,,,,,,,,,,,x
b_drazdy,b_drazdy,,Drazdy,,,,,,,,,,,x
b_ruba,b_ruba,,Ruba,,,,,,,,,,,x
b_liozno,b_liozno,,Liozno,,,,,,,,,,,x
b_stryzhava,b_stryzhava,,Stryzhava,,,,,,,,,,,x
b_baroniki,b_baroniki,,Baroniki,,,,,,,,,,,x
d_smolensk,d_smolensk,,Smolensk,,,,,,,,,,,x
d_smolensk,d_smolensk_adj,,Smolenskian,,,,,,,,,,,x
d_smolensk,ilmenian,,Radimichia,,,,,,,,,,,x
d_smolensk,severian,,Radimichia,,,,,,,,,,,x
c_smolensk,PROV568,,Smolensk,,,,,,,,,,,x
c_smolensk,c_smolensk_adj,,Smolenskian,,,,,,,,,,,x
c_smolensk,danish,,Smaleskja,,,,,,,,,,,x
c_smolensk,norse,,Smaleskja,,,,,,,,,,,x
c_smolensk,norwegian,,Smaleskja,,,,,,,,,,,x
c_smolensk,swedish,,Smaleskja,,,,,,,,,,,x
b_smolensk,b_smolensk,,Smolensk,,,,,,,,,,,x
b_smolensk,danish,,Smaleskja,,,,,,,,,,,x
b_smolensk,norse,,Smaleskja,,,,,,,,,,,x
b_smolensk,norwegian,,Smaleskja,,,,,,,,,,,x
b_smolensk,swedish,,Smaleskja,,,,,,,,,,,x
b_velizh,b_velizh,,Velizh,,,,,,,,,,,x
b_demidov,b_demidov,,Demidov,,,,,,,,,,,x
b_krasnoi,b_krasnoi,,Krasnoi,,,,,,,,,,,x
b_przhevalskoye,b_przhevalskoye,,Przhevalskoye,,,,,,,,,,,x
b_rodnya,b_rodnya,,Rodnya,,,,,,,,,,,x
b_yartsevo,b_yartsevo,,Yartsevo,,,,,,,,,,,x
c_roslavl,PROV933,,Roslavl,,,,,,,,,,,x
c_roslavl,c_roslavl_adj,,Roslavlian,,,,,,,,,,,x
b_roslavl,b_roslavl,,Roslavl,,,,,,,,,,,x
b_pochinok,b_pochinok,,Pochinok,,,,,,,,,,,x
b_chocimsk,b_chocimsk,,Chocimsk,,,,,,,,,,,x
c_mstislavl,PROV551,,Mstislavl,,,,,,,,,,,x
c_mstislavl,c_mstislavl_adj,,Mstislavlian,,,,,,,,,,,x
b_mstitslavl,b_mstitslavl,,Mstitslavl,,,,,,,,,,,x
b_krychaw,b_krychaw,,Krychaw,,,,,,,,,,,x
b_mogilev,b_mogilev,,Mogilev,,,,,,,,,,,x
b_bychaw,b_bychaw,,Bychaw,,,,,,,,,,,x
b_chavusy,b_chavusy,,Chavusy,,,,,,,,,,,x
b_zhlobin,b_zhlobin,,Zhlobin,,,,,,,,,,,x
b_chachersk,b_chachersk,,Chachersk,,,,,,,,,,,x
b_rahacou,b_rahacou,,Rahacou,,,,,,,,,,,x
d_chernigov,d_chernigov,,Chernigov,,,,,,,,,,,x
d_chernigov,d_chernigov_adj,,Chernigovan,,,,,,,,,,,x
d_chernigov,ilmenian,,Severia,,,,,,,,,,,x
d_chernigov,mordvin,,Severia,,,,,,,,,,,x
d_chernigov,severian,,Severia,,,,,,,,,,,x
c_lyubech,PROV553,,Lyubech,,,,,,,,,,,x
c_lyubech,c_lyubech_adj,,Lyubechian,,,,,,,,,,,x
b_lyubech,b_lyubech,,Lyubech,,,,,,,,,,,x
b_rechytsa,b_rechytsa,,Rechtytsa,,,,,,,,,,,x
b_gomel,b_gomel,,Gomel,,,,,,,,,,,x
b_brahin,b_brahin,,Brahin,,,,,,,,,,,x
b_loyew,b_loyew,,Loyew,,,,,,,,,,,x
b_zlynka,b_zlynka,,Zlynka,,,,,,,,,,,x
b_klimovo,b_klimovo,,Klimovo,,,,,,,,,,,x
b_novozybkov,b_novozybkov,,Novozybkov,,,,,,,,,,,x
c_chernigov,PROV554,,Chernigov,,,,,,,,,,,x
c_chernigov,c_chernigov_adj,,Chernigovian,,,,,,,,,,,x
b_chernigov,b_chernigov,,Chernigov,,,,,,,,,,,x
b_kozelets,b_kozelets,,Kozelets,,,,,,,,,,,x
b_nizhyn,b_nizhyn,,Nizhyn,,,,,,,,,,,x
b_borzna,b_borzna,,Borzna,,,,,,,,,,,x
b_horodnia,b_horodnia,,Horodnia,,,,,,,,,,,x
b_gorodets,b_gorodets,,Gorodets,,,,,,,,,,,x
b_sosnytsia,b_sosnytsia,,Sosnytsia,,,,,,,,,,,x
b_mglin,b_mglin,,Mglin,,,,,,,,,,,x
d_novgorod-seversk,d_novgorod-seversk,,Bryansk,,,,,,,,,,,x
d_novgorod-seversk,d_novgorod-seversk_adj,,Bryanskian,,,,,,,,,,,x
c_novgorod_seversky,PROV567,,Novgorod Seversky,,,,,,,,,,,x
c_novgorod_seversky,c_novgorod_seversky_adj,,Novgorod-Severskian,,,,,,,,,,,x
b_novgorodseversky,b_novgorodseversky,,Novgorod-Seversky,,,,,,,,,,,x
b_starodub,b_starodub,,Starodub,,,,,,,,,,,x
b_glukhov,b_glukhov,,Glukhov,,,,,,,,,,,x
b_rysk,b_rysk,,Rysk,,,,,,,,,,,x
b_putivl,b_putivl,,Putivl,,,,,,,,,,,x
b_trubchevsk,b_trubchevsk,,Trubchevsk,,,,,,,,,,,x
b_sevsk,b_sevsk,,Sevsk,,,,,,,,,,,x
b_semenivka,b_semenivka,,Semenivka,,,,,,,,,,,x
c_bryansk,PROV576,,Bryansk,,,,,,,,,,,x
c_bryansk,c_bryansk_adj,,Bryanskian,,,,,,,,,,,x
b_bryansk,b_bryansk,,Bryansk,,,,,,,,,,,x
b_pochep,b_pochep,,Pochep,,,,,,,,,,,x
b_orel,b_orel,,Orel,,,,,,,,,,,x
b_karachev,b_karachev,,Karachev,,,,,,,,,,,x
b_dyatkovo,b_dyatkovo,,Dyatkovo,,,,,,,,,,,x
b_klynov,b_klynov,,Klynov,,,,,,,,,,,x
b_belev,b_belev,,Belev,,,,,,,,,,,x
b_mtsensk,b_mtsensk,,Mtsensk,,,,,,,,,,,x
d_ryazan,d_ryazan,,Ryazan,,,,,,,,,,,x
d_ryazan,d_ryazan_adj,,Ryazanian,,,,,,,,,,,x
d_ryazan,mordvin,,Meshchera,,,,,,,,,,,x
c_pronsk,PROV577,,Pronsk,,,,,,,,,,,x
c_pronsk,c_pronsk_adj,,Pronskian,,,,,,,,,,,x
b_pronsk,b_pronsk,,Pronsk,,,,,,,,,,,x
b_yelets,b_yelets,,Yelets,,,,,,,,,,,x
b_tula,b_tula,,Tula,,,,,,,,,,,x
b_mikhaylov,b_mikhaylov,,Mikhaylov,,,,,,,,,,,x
b_skopin,b_skopin,,Skopin,,,,,,,,,,,x
b_ryazhsk,b_ryazhsk,,Ryazhsk,,,,,,,,,,,x
b_sergijewskoje,b_sergijewskoje,,Sergijewskoje,,,,,,,,,,,x
b_bogoroditsk,b_bogoroditsk,,Bogoroditsk,,,,,,,,,,,x
c_murom,PROV581,,Murom,,,,,,,,,,,x
c_murom,c_murom_adj,,Muromian,,,,,,,,,,,x
c_murom,danish,,Moramar,,,,,,,,,,,x
c_murom,norse,,Moramar,,,,,,,,,,,x
c_murom,norwegian,,Moramar,,,,,,,,,,,x
c_murom,swedish,,Moramar,,,,,,,,,,,x
b_murom,b_murom,,Murom,,,,,,,,,,,x
b_murom,danish,,Moramar,,,,,,,,,,,x
b_murom,norse,,Moramar,,,,,,,,,,,x
b_murom,norwegian,,Moramar,,,,,,,,,,,x
b_murom,swedish,,Moramar,,,,,,,,,,,x
b_moramar,b_moramar,,Moramar,,,,,,,,,,,x
b_melenki,b_melenki,,Melenki,,,,,,,,,,,x
b_vyksa,b_vyksa,,Vyksa,,,,,,,,,,,x
b_kulebaki,b_kulebaki,,Kulebaki,,,,,,,,,,,x
b_vilya,b_vilya,,Vilya,,,,,,,,,,,x
b_mordovshchikovo,b_mordovshchikovo,,Mordovshchikovo,,,,,,,,,,,x
b_lipnya,b_lipnya,,Lipnya,,,,,,,,,,,x
c_ryazan,PROV580,,Ryazan,,,,,,,,,,,x
c_ryazan,c_ryazan_adj,,Ryazanian,,,,,,,,,,,x
b_ryazan,b_ryazan,,Ryazan,,,,,,,,,,,x
b_solotcha,b_solotcha,,Solotcha,,,,,,,,,,,x
b_grodets,b_grodets,,Grodets,,,,,,,,,,,x
b_spassk,b_spassk,,Spassk,,,,,,,,,,,x
b_korablino,b_korablino,,Korablino,,,,,,,,,,,x
b_rybnino,b_rybnino,,Rybnino,,,,,,,,,,,x
b_sasovo,b_sasovo,,Sasovo,,,,,,,,,,,x
b_klepiki,b_klepiki,,Klepiki,,,,,,,,,,,x
c_kolomna,PROV578,,Kolomna,,,,,,,,,,,x
c_kolomna,c_kolomna_adj,,Kolomnian,,,,,,,,,,,x
b_kolomna,b_kolomna,,Kolomna,,,,,,,,,,,x
b_glukhovichi,b_glukhovichi,,Glukhovichi,,,,,,,,,,,x
b_zaraysk,b_zaraysk,,Zaraysk,,,,,,,,,,,x
b_bronnitsy,b_bronnitsy,,Bronnitsy,,,,,,,,,,,x
b_ramenskoye,b_ramenskoye,,Ramenskoye,,,,,,,,,,,x
b_egorevsk,b_egorevsk,,Egorevsk,,,,,,,,,,,x
b_peski,b_peski,,Peski,,,,,,,,,,,x
b_cherkizovo,b_cherkizovo,,Cherkizovo,,,,,,,,,,,x
d_pereyaslavl,d_pereyaslavl,,Pereyaslavl,,,,,,,,,,,x
d_pereyaslavl,d_pereyaslavl_adj,,Pereyaslavian,,,,,,,,,,,x
c_pereyaslavl,PROV555,,Pereyaslavl,,,,,,,,,,,x
c_pereyaslavl,c_pereyaslavl_adj,,Pereyaslavian,,,,,,,,,,,x
b_pereyaslavl,b_pereyaslavl,,Pereyaslavl,,,,,,,,,,,x
b_myrhorod,b_myrhorod,,Myrhorod,,,,,,,,,,,x
b_hadyach,b_hadyach,,Hadyach,,,,,,,,,,,x
b_chornukhy,b_chornukhy,,Chornukhy,,,,,,,,,,,x
b_hrebinka,b_hrebinka,,Hrebinka,,,,,,,,,,,x
b_lokhvytsia,b_lokhvytsia,,Lokhvytsia,,,,,,,,,,,x
b_boryspil,b_boryspil,,Boryspil,,,,,,,,,,,x
b_velykisorochyntsi,b_velykisorochyntsi,,Velyki Sorochyntsi,,,,,,,,,,,x
c_chortitza,PROV556,,Chortitza,,,,,,,,,,,x
c_chortitza,c_chortitza_adj,,Chortitzian,,,,,,,,,,,x
b_ltava,b_ltava,,Ltava,,,,,,,,,,,x
b_chortitza,b_chortitza,,Chortitza,,,,,,,,,,,x
b_baszmacka,b_baszmacka,,Baszmacka,,,,,,,,,,,x
b_lubny,b_lubny,,Lubny,,,,,,,,,,,x
b_alexandrowsk,b_alexandrowsk,,Alexandrowsk,,,,,,,,,,,x
b_rasumowka,b_rasumowka,,Rasumowka,,,,,,,,,,,x
b_vosnesjensk,b_vosnesjensk,,Vosnesjensk,,,,,,,,,,,x
b_khorol,b_khorol,,Khorol,,,,,,,,,,,x
k_perm,k_perm,,Perm,,,,,,,,,,,x
k_perm,k_perm_adj,,Permian,,,,,,,,,,,x
d_hlynov,d_hlynov,,Ugra,,,,,,,,,,,x
d_hlynov,d_hlynov_adj,,Ugran,,,,,,,,,,,x
c_zyriane,PROV400,,Zyriane,,,,,,,,,,,x
c_zyriane,c_zyriane_adj,,Zyrian,,,,,,,,,,,x
b_kungur,b_kungur,,Kungur,,,,,,,,,,,x
b_kordon,b_kordon,,Kordon,,,,,,,,,,,x
b_suksun,b_suksun,,Suksun,,,,,,,,,,,x
b_kukushtan,b_kukushtan,,Kukushtan,,,,,,,,,,,x
b_gari,b_gari,,Gari,,,,,,,,,,,x
b_lek,b_lek,,Lek,,,,,,,,,,,x
b_ergach,b_ergach,,Ergach,,,,,,,,,,,x
b_posad,b_posad,,Posad,,,,,,,,,,,x
c_ugra,PROV398,,Ugra,,,,,,,,,,,x
c_ugra,c_ugra_adj,,Ugraian,,,,,,,,,,,x
b_ukhta,b_ukhta,,Ukhta,,,,,,,,,,,x
b_sosnogorsk,b_sosnogorsk,,Sosnogorsk,,,,,,,,,,,x
b_yarega,b_yarega,,Yarega,,,,,,,,,,,x
b_vodnyy,b_vodnyy,,Vodnyy,,,,,,,,,,,x
b_nizhodes,b_nizhodes,,Nizh Odes,,,,,,,,,,,x
b_vuktyl,b_vuktyl,,Vuktyl,,,,,,,,,,,x
b_kadzherom,b_kadzherom,,Kadzherom,,,,,,,,,,,x
b_voyvozh,b_voyvozh,,Voyvozh,,,,,,,,,,,x
c_syrj,PROV399,,Syrj,,,,,,,,,,,x
c_syrj,c_syrj_adj,,Syrjian,,,,,,,,,,,x
b_syktyvkar,b_syktyvkar,,Syktyvar,,,,,,,,,,,x
b_pyras,b_pyras,,Pyras,,,,,,,,,,,x
b_yugydyag,b_yugydyag,,Yugyd'yag,,,,,,,,,,,x
b_mikun,b_mikun,,Mikun',,,,,,,,,,,x
b_emva,b_emva,,Emva,,,,,,,,,,,x
b_ezhva,b_ezhva,,Ezhva,,,,,,,,,,,x
b_sindor,b_sindor,,Sindor,,,,,,,,,,,x
b_zheshart,b_zheshart,,Zheshart,,,,,,,,,,,x
c_veliky_ustug,PROV402,,Veliky Ustug,,,,,,,,,,,x
c_veliky_ustug,c_veliky_ustug_adj,,Veliky Ustugian,,,,,,,,,,,x
b_velikyustug,b_velikyustug,,Veliky Ustug,,,,,,,,,,,x
b_gleden,b_gleden,,Gleden,,,,,,,,,,,x
b_krasavino,b_krasavino,,Krasavino,,,,,,,,,,,x
b_luza,b_luza,,Luza,,,,,,,,,,,x
b_pinyug,b_pinyug,,Pinyug,,,,,,,,,,,x
b_podosinovets,b_podosinovets,,Podosinovets,,,,,,,,,,,x
b_maromitsa,b_maromitsa,,Maromitsa,,,,,,,,,,,x
b_oparino,b_oparino,,Oparino,,,,,,,,,,,x
d_bjarmia,d_bjarmia,,Bjarmia,,,,,,,,,,,x
d_bjarmia,d_bjarmia_adj,,Bjarmian,,,,,,,,,,,x
c_romny,PROV403,,Romny,,,,,,,,,,,x
c_romny,c_romny_adj,,Romnyian,,,,,,,,,,,x
b_romny,b_romny,,Romny,,,,,,,,,,,x
b_ugol,b_ugol,,Ugol,,,,,,,,,,,x
b_vozhega,b_vozhega,,Vozhega,,,,,,,,,,,x
b_marinskaya,b_marinskaya,,Marinskaya,,,,,,,,,,,x
b_yuchka,b_yuchka,,Yuchka,,,,,,,,,,,x
b_bykovskaya,b_bykovskaya,,Bykovskaya,,,,,,,,,,,x
b_kholuy,b_kholuy,,Kholuy,,,,,,,,,,,x
b_vysokaya,b_vysokaya,,Vysokaya,,,,,,,,,,,x
c_trans-portage,PROV394,,Pomorye,,,,,,,,,,,x
c_trans-portage,c_trans-portage_adj,,Onegian,,,,,,,,,,,x
b_kargopol,b_kargopol,,Kargopol,,,,,,,,,,,x
b_solovetsky,b_solovetsky,,Solovetsky,,,,,,,,,,,x
b_shenkursk,b_shenkursk,,Shenkursk,,,,,,,,,,,x
b_konosha,b_konosha,,Konosha,,,,,,,,,,,x
b_nyandoma,b_nyandoma,,Nyandoma,,,,,,,,,,,x
b_plesetsk,b_plesetsk,,Plesetsk,,,,,,,,,,,x
b_samoded,b_samoded,,Samoded,,,,,,,,,,,x
b_obozerskiy,b_obozerskiy,,Obozerskiy,,,,,,,,,,,x
c_north_dvina,PROV395,,Dvina,,,,,,,,,,,x
c_north_dvina,c_north_dvina_adj,,North Dvinian,,,,,,,,,,,x
b_kholmogory,b_kholmogory,,Kholmogory,,,,,,,,,,,x
b_nikolokorelski,b_nikolokorelski,,Nikolo-Korelski,,,,,,,,,,,x
b_solvychegodsk,b_solvychegodsk,,Solvychegodsk,,,,,,,,,,,x
b_novokholmogory,b_novokholmogory,,Novokholmogory,,,,,,,,,,,x
b_antonievosiysky,b_antonievosiysky,,Antonievo-Siysky,,,,,,,,,,,x
b_koryazhma,b_koryazhma,,Koryazhma,,,,,,,,,,,x
b_usolsk,b_usolsk,,Usolsk,,,,,,,,,,,x
b_archangelsk,b_archangelsk,,Archangelsk,,,,,,,,,,,x
c_bjarmia,PROV396,,Bjarmia,,,,,,,,,,,x
c_bjarmia,c_bjarmia_adj,,Bjarmian,,,,,,,,,,,x
b_okladnikowa,b_okladnikowa,,Okladnikowa,,,,,,,,,,,x
b_okulovsky,b_okulovsky,,Okulovsky,,,,,,,,,,,x
b_kusnezowa,b_kusnezowa,,Kusnezowa,,,,,,,,,,,x
b_kamenka,b_kamenka,,Kamenka,,,,,,,,,,,x
b_pinega,b_pinega,,Pinega,,,,,,,,,,,x
b_mezen,b_mezen,,Mezen,,,,,,,,,,,x
b_kimzha,b_kimzha,,Kimzha,,,,,,,,,,,x
b_lampozhnya,b_lampozhnya,,Lampozhnya,,,,,,,,,,,x
c_samoyeds,PROV397,,Saamod,,,,,,,,,,,x
c_samoyeds,c_samoyeds_adj,,Saamod,,,,,,,,,,,x
b_verkhmgla,b_verkhmgla,,Verkh Mgla,,,,,,,,,,,x
b_yazhma,b_yazhma,,Yazhma,,,,,,,,,,,x
b_sukhanikha,b_sukhanikha,,Sukhanikha,,,,,,,,,,,x
b_arkhipovo,b_arkhipovo,,Arkhipovo,,,,,,,,,,,x
b_vizhas,b_vizhas,,Vizhas,,,,,,,,,,,x
b_tarasova,b_tarasova,,Tarasova,,,,,,,,,,,x
b_chizha,b_chizha,,Chizha,,,,,,,,,,,x
b_kiya,b_kiya,,Kiya,,,,,,,,,,,x
e_carpathia,e_carpathia,,Carpathia,,,,,,,,,,,x
e_carpathia,e_carpathia_adj,,Carpathian,,,,,,,,,,,x
k_dacia,k_dacia,,Wallachia,,,,,,,,,,,x
k_dacia,k_dacia_adj,,Wallachian,,,,,,,,,,,x
d_wallachia,d_wallachia,,Wallachia,,,,,,,,,,,x
d_wallachia,d_wallachia_adj,,Wallachian,,,,,,,,,,,x
c_turnu,PROV514,,Turnu,,,,,,,,,,,x
c_turnu,c_turnu_adj,,Turnuian,,,,,,,,,,,x
b_turnu,b_turnu,,Turnu,,,,,,,,,,,x
b_giurgiu,b_giurgiu,,Giurgiu,,,,,,,,,,,x
b_bucuresti,b_bucuresti,,Bucuresti,,,,,,,,,,,x
b_dristra,b_dristra,,Dristra,,,,,,,,,,,x
b_strehaia,b_strehaia,,Strehaia,,,,,,,,,,,x
b_oltenita,b_oltenita,,Oltenita,,,,,,,,,,,x
b_rosiorriidevede,b_rosiorriidevede,,Rosiorii de Vede,,,,,,,,,,,x
b_corabia,b_corabia,,Corabia,,,,,,,,,,,x
c_tirgoviste,PROV515,,Tirgoviste,,,,,,,,,,,x
c_tirgoviste,c_tirgoviste_adj,,Tirgovistian,,,,,,,,,,,x
b_targoviste,b_targoviste,,Târgoviste,,,,,,,,,,,x
b_curteadearges,b_curteadearges,,Curtea de Arges,,,,,,,,,,,x
b_pitesti,b_pitesti,,Pitesti,,,,,,,,,,,x
b_campulung,b_campulung,,Câmpulung,,,,,,,,,,,x
b_calimanesti,b_calimanesti,,Calimanesti,,,,,,,,,,,x
b_poenari,b_poenari,,Poenari,,,,,,,,,,,x
b_cotmeana,b_cotmeana,,Cotmeana,,,,,,,,,,,x
b_ploiesti,b_ploiesti,,Ploiesti,,,,,,,,,,,x
c_severin,PROV516,,Severin,,,,,,,,,,,x
c_severin,c_severin_adj,,Severinian,,,,,,,,,,,x
b_severin,b_severin,,Severin,,,,,,,,,,,x
b_ursova,b_ursova,,Ursova,,,,,,,,,,,x
b_craiova,b_craiova,,Craiova,,,,,,,,,,,x
b_ramnic,b_ramnic,,Ramnic,,,,,,,,,,,x
b_tirgujiu,b_tirgujiu,,Tirgu Jiu,,,,,,,,,,,x
b_slatina,b_slatina,,Slatina,,,,,,,,,,,x
b_caracal,b_caracal,,Caracal,,,,,,,,,,,x
b_bals,b_bals,,Bals,,,,,,,,,,,x
c_galaz,PROV511,,Galaz,,,,,,,,,,,x
c_galaz,c_galaz_adj,,Galazian,,,,,,,,,,,x
b_galaz,b_galaz,,Galaz,,,,,,,,,,,x
b_vicina,b_vicina,,Vicina,,,,,,,,,,,x
b_aegyssus,b_aegyssus,,Aegyssus,,,,,,,,,,,x
b_isaccea,b_isaccea,,Isaccea,,,,,,,,,,,x
b_macin,b_macin,,Macin,,,,,,,,,,,x
b_sulina,b_sulina,,Sulina,,,,,,,,,,,x
b_tulcea,b_tulcea,,Tulcea,,,,,,,,,,,x
b_crisan,b_crisan,,Crisan,,,,,,,,,,,x
d_moldau,d_moldau,,Moldau,,,,,,,,,,,x
d_moldau,d_moldau_adj,,Moldovian,,,,,,,,,,,x
d_moldau,pecheneg,,Pecheneg,,,,,,,,,,,x
c_peresechen,PROV541,,Peresechen,,,,,,,,,,,x
c_peresechen,c_peresechen_adj,,Peresechenian,,,,,,,,,,,x
b_iasi,b_iasi,,Iasi,,,,,,,,,,,x
b_varzaresti,b_varzaresti,,Varzaresti,,,,,,,,,,,x
b_orhei,b_orhei,,Orhei,,,,,,,,,,,x
b_chisinau,b_chisinau,,Chisinau,,,,,,,,,,,x
b_harlau,b_harlau,,Hârlau,,,,,,,,,,,x
b_tuzara,b_tuzara,,Tuzara,,,,,,,,,,,x
b_baltile,b_baltile,,Baltile,,,,,,,,,,,x
b_tutora,b_tutora,,Tutora,,,,,,,,,,,x
c_torki,PROV545,,Torki,,,,,,,,,,,x
c_torki,c_torki_adj,,Torkian,,,,,,,,,,,x
b_torki,b_torki,,Torki,,,,,,,,,,,x
b_bogdana,b_bogdana,,Bogdana,,,,,,,,,,,x
b_suceava,b_suceava,,Suceava,,,,,,,,,,,x
b_cernauti,b_cernauti,,Cernauti,,,,,,,,,,,x
b_hotin,b_hotin,,Hotin,,,,,,,,,,,x
b_lipcani,b_lipcani,,Lipcani,,,,,,,,,,,x
b_herta,b_herta,,Herta,,,,,,,,,,,x
b_siret,b_siret,,Siret,,,,,,,,,,,x
c_olvia,PROV542,,Olvia,,,,,,,,,,,x
c_olvia,c_olvia_adj,,Olvian,,,,,,,,,,,x
b_olvia,b_olvia,,Olvia,,,,,,,,,,,x
b_ophusia,b_ophusia,,Ophusia,,,,,,,,,,,x
b_cetateaalba,b_cetateaalba,,Cetatea Alba,,,,,,,,,,,x
b_tighina,b_tighina,,Tighina,,,,,,,,,,,x
b_causeni,b_causeni,,Causeni,,,,,,,,,,,x
b_cainari,b_cainari,,Cainari,,,,,,,,,,,x
b_alibei,b_alibei,,Alibei,,,,,,,,,,,x
b_basarabeasca,b_basarabeasca,,Basarabeasca,,,,,,,,,,,x
c_belgorod,PROV512,,Belgorod,,,,,,,,,,,x
c_belgorod,c_belgorod_adj,,Belgorodian,,,,,,,,,,,x
b_belgorod,b_belgorod,,Belgorod,,,,,,,,,,,x
b_oblucita,b_oblucita,,Oblucita,,,,,,,,,,,x
b_chilia,b_chilia,,Chilia,,,,,,,,,,,x
b_palada,b_palada,,Palada,,,,,,,,,,,x
b_oancea,b_oancea,,Oancea,,,,,,,,,,,x
b_scheia,b_scheia,,Scheia,,,,,,,,,,,x
b_tigheci,b_tigheci,,Tigheci,,,,,,,,,,,x
b_falciu,b_falciu,,Falciu,,,,,,,,,,,x
c_birlad,PROV513,,Birlad,,,,,,,,,,,x
c_birlad,c_birlad_adj,,Birladian,,,,,,,,,,,x
b_barlad,b_barlad,,Bârlad,,,,,,,,,,,x
b_husi,b_husi,,Husi,,,,,,,,,,,x
b_vaslui,b_vaslui,,Vaslui,,,,,,,,,,,x
b_galati,b_galati,,Galati,,,,,,,,,,,x
b_tecuci,b_tecuci,,Tecuci,,,,,,,,,,,x
b_braila,b_braila,,Braila,,,,,,,,,,,x
b_buzau,b_buzau,,Buzau,,,,,,,,,,,x
b_ramnicusarat,b_ramnicusarat,,Râmnicu Sarat,,,,,,,,,,,x
k_hungary,k_hungary,,Hungary,,,,,,,,,,,x
k_hungary,k_hungary_adj,,Hungarian,,,,,,,,,,,x
d_pecs,d_pecs,,Pecs,,,,,,,,,,,x
d_pecs,d_pecs_adj,,Pecsian,,,,,,,,,,,x
d_pecs,d_pecs_adj_bohemian,,Balaton,,,,,,,,,,,x
d_pecs,bohemian,,Balaton,,,,,,,,,,,x
c_pecs,PROV452,,Pecs,,,,,,,,,,,x
c_pecs,c_pecs_adj,,Pecsian,,,,,,,,,,,x
c_pecs,c_pecs_adj_bohemian,,Balaton,,,,,,,,,,,x
c_pecs,bohemian,,Balaton,,,,,,,,,,,x
c_pecs,croatian,,Pecuh,,,,,,,,,,,x
c_pecs,german,,Fünfkirchen,,,,,,,,,,,x
c_pecs,serbian,,Pecuj,,,,,,,,,,,x
b_pecs,b_pecs,,Pécs,,,,,,,,,,,x
b_kalocsa,b_kalocsa,,Kalocsa,,,,,,,,,,,x
b_mohacs,b_mohacs,,Mohács,,,,,,,,,,,x
b_sasd,b_sasd,,Sásd,,,,,,,,,,,x
b_pecsvarad,b_pecsvarad,,Pécsvárad,,,,,,,,,,,x
b_siklos,b_siklos,,Siklós,,,,,,,,,,,x
b_szentlorinc,b_szentlorinc,,Szentlörinc,,,,,,,,,,,x
b_darda,b_darda,,Darda,,,,,,,,,,,x
c_szekezfehervar,PROV453,,Szekesfehervar,,,,,,,,,,,x
c_szekezfehervar,c_szekezfehervar_adj,,Szekesfehervarian,,,,,,,,,,,x
c_szekezfehervar,german,,Stuhlweissenburg,,,,,,,,,,,x
b_szekezfehervar,b_szekezfehervar,,Székezfehérvár,,,,,,,,,,,x
b_csurgo,b_csurgo,,Csurgó,,,,,,,,,,,x
b_kaposvar,b_kaposvar,,Kaposvár,,,,,,,,,,,x
b_szigetvar,b_szigetvar,,Szigetvár,,,,,,,,,,,x
b_barcs,b_barcs,,Barcs,,,,,,,,,,,x
b_marcali,b_marcali,,Marcali,,,,,,,,,,,x
b_nagyatad,b_nagyatad,,Nagytád,,,,,,,,,,,x
b_lengyeltoti,b_lengyeltoti,,Lengyeltóti,,,,,,,,,,,x
c_vas,PROV454,,Vas,,,,,,,,,,,x
c_vas,c_vas_adj,,Vasian,,,,,,,,,,,x
c_vas,croatian,,Zelezna,,,,,,,,,,,x
c_vas,german,,Eisenburg,,,,,,,,,,,x
b_szombathely,b_szombathely,,Szombathely,,,,,,,,,,,x
b_szentgotthard,b_szentgotthard,,Szentgotthárd,,,,,,,,,,,x
b_vasvar,b_vasvar,,Vasvár,,,,,,,,,,,x
b_sarvar,b_sarvar,,Sárvár,,,,,,,,,,,x
b_celldomolk,b_celldomolk,,Celldömölk,,,,,,,,,,,x
b_kormend,b_kormend,,Körmend,,,,,,,,,,,x
b_koszeg,b_koszeg,,Köszeg,,,,,,,,,,,x
b_nemetujvar,b_nemetujvar,,Németújvár,,,,,,,,,,,x
c_fejer,PROV451,,Fejer,,,,,,,,,,,x
c_fejer,c_fejer_adj,,Fejerian,,,,,,,,,,,x
c_fejer,croatian,,Bila,,,,,,,,,,,x
c_fejer,german,,Stuhlweiss,,,,,,,,,,,x
b_sarbogard,b_sarbogard,,Sárbogárd,,,,,,,,,,,x
b_adony,b_adony,,Adony,,,,,,,,,,,x
b_mor,b_mor,,Mör,,,,,,,,,,,x
b_val,b_val,,Vál,,,,,,,,,,,x
b_szekszard,b_szekszard,,Szekszárd,,,,,,,,,,,x
b_dombovar,b_dombovar,,Dombóvár,,,,,,,,,,,x
b_tamasi,b_tamasi,,Tamási,,,,,,,,,,,x
b_bonyhad,b_bonyhad,,Bonyhád,,,,,,,,,,,x
d_esztergom,d_esztergom,,Esztergom,,,,,,,,,,,x
d_esztergom,d_esztergom_adj,,Esztergomite,,,,,,,,,,,x
d_esztergom,bohemian,,Ostrihom,,,,,,,,,,,x
d_esztergom,croatian,,Ostrogon,,,,,,,,,,,x
d_esztergom,german,,Gran,,,,,,,,,,,x
c_sopron,PROV450,,Sopron,,,,,,,,,,,x
c_sopron,c_sopron_adj,,Sopronian,,,,,,,,,,,x
c_sopron,german,,Ödenburg,,,,,,,,,,,x
b_sopron,b_sopron,,Sopron,,,,,,,,,,,x
b_gyor,b_gyor,,Györ,,,,,,,,,,,x
b_csorna,b_csorna,,Csorna,,,,,,,,,,,x
b_borsmonostor,b_borsmonostor,,Borsmonostor,,,,,,,,,,,x
b_csepreg,b_csepreg,,Csepreg,,,,,,,,,,,x
b_kapuvar,b_kapuvar,,Kapuvár,,,,,,,,,,,x
b_kismarton,b_kismarton,,Kismarton,,,,,,,,,,,x
b_nagymarton,b_nagymarton,,Nagymarton,,,,,,,,,,,x
c_esztergom,PROV444,,Esztergom,,,,,,,,,,,x
c_esztergom,c_esztergom_adj,,Esztergomian,,,,,,,,,,,x
c_esztergom,bohemian,,Ostrihom,,,,,,,,,,,x
c_esztergom,croatian,,Ostrogon,,,,,,,,,,,x
c_esztergom,german,,Gran,,,,,,,,,,,x
b_esztergom,b_esztergom,,Esztergom,,,,,,,,,,,x
b_komarom,b_komarom,,Komárom,,,,,,,,,,,x
b_kakath,b_kakath,,Kakath,,,,,,,,,,,x
b_tatabanya,b_tatabanya,,Tatabánya,,,,,,,,,,,x
b_nagyigmand,b_nagyigmand,,Nagyigmánd,,,,,,,,,,,x
b_nemesocsa,b_nemesocsa,,Nemesócsa,,,,,,,,,,,x
b_ogylla,b_ogylla,,Ógyalla,,,,,,,,,,,x
c_pressburg,PROV445,,Pressburg,,,,,,,,,,,x
c_pressburg,c_pressburg_adj,,Pressburgian,,,,,,,,,,,x
c_pressburg,bohemian,,Presporok,,,,,,,,,,,x
c_pressburg,hungarian,,Pozsony,,,,,,,,,,,x
b_pressburg,b_pressburg,,Pressburg,,,,,,,,,,,x
b_nagyszombat,b_nagyszombat,,Nagyzombat,,,,,,,,,,,x
b_bazin,b_bazin,,Bazin,,,,,,,,,,,x
b_modor,b_modor,,Modor,,,,,,,,,,,x
b_szentgyorgy,b_szentgyorgy,,Szentgyörgy,,,,,,,,,,,x
b_dunaszerdahely,b_dunaszerdahely,,Dunaszerdahely,,,,,,,,,,,x
b_galanta,b_galanta,,Galánta,,,,,,,,,,,x
b_somorja,b_somorja,,Somorja,,,,,,,,,,,x
d_nyitra,d_nyitra,,Nyitra,,,,,,,,,,,x
d_nyitra,d_nyitra_adj,,Nyitran,,,,,,,,,,,x
d_nyitra,bohemian,,Nitra,,,,,,,,,,,x
d_nyitra,german,,Neutra,,,,,,,,,,,x
c_nitra,PROV443,,Nitra,,,,,,,,,,,x
c_nitra,c_nitra_adj,,Nyitran,,,,,,,,,,,x
c_nitra,bohemian,,Nitra,,,,,,,,,,,x
c_nitra,german,,Neutra,,,,,,,,,,,x
b_nyitra,b_nyitra,,Nyitra,,,,,,,,,,,x
b_nagytapolcsany,b_nagytapolcsany,,Nagytapolcsány,,,,,,,,,,,x
b_stbenedek,b_stbenedek,,St Benedek,,,,,,,,,,,x
b_nagysurany,b_nagysurany,,Nagysurány,,,,,,,,,,,x
b_galgoc,b_galgoc,,Galgóc,,,,,,,,,,,x
b_zabokreky,b_zabokreky,,Zabokreky,,,,,,,,,,,x
b_postyen,b_postyen,,Pöstyén,,,,,,,,,,,x
b_preuigan,b_preuigan,,Preuigan,,,,,,,,,,,x
c_trencin,PROV442,,Trencín,,,,,,,,,,,x
c_trencin,c_trencin_adj,,Trencínian,,,,,,,,,,,x
b_trencsen,b_trencsen,,Trencsén,,,,,,,,,,,x
b_zilina,b_zilina,,Zilina,,,,,,,,,,,x
b_turoc,b_turoc,,Turóc,,,,,,,,,,,x
b_ban,b_ban,,Bán,,,,,,,,,,,x
b_illava,b_illava,,Illava,,,,,,,,,,,x
b_povazskabystrica,b_povazskabystrica,,Považská Bystrica,,,,,,,,,,,x
b_congsberg,b_congsberg,,Congsberg,,,,,,,,,,,x
b_puho,b_puho,,Puhó,,,,,,,,,,,x
c_gemer,PROV524,,Gemer,,,,,,,,,,,x
c_gemer,c_gemer_adj,,Gemerian,,,,,,,,,,,x
c_gemer,hungarian,,Gömör,,,,,,,,,,,x
b_gomor,b_gomor,,Gömör,,,,,,,,,,,x
b_losonc,b_losonc,,Losonc,,,,,,,,,,,x
b_dobsina,b_dobsina,,Dobsina,,,,,,,,,,,x
b_rozsnyo,b_rozsnyo,,Rozsnyó,,,,,,,,,,,x
b_balassagyarmat,b_balassagyarmat,,Balassagyarmat,,,,,,,,,,,x
b_jolsva,b_jolsva,,Jolsva,,,,,,,,,,,x
b_nagyroce,b_nagyroce,,Nagyröce,,,,,,,,,,,x
b_nyustya,b_nyustya,,Nyustya,,,,,,,,,,,x
c_orava,PROV525,,Zvolen,,,,,,,,,,,x
c_orava,c_orava_adj,,Zvolenian,,,,,,,,,,,x
c_orava,german,,Arwa,,,,,,,,,,,x
c_orava,hungarian,,Árva,,,,,,,,,,,x
b_arvavara,b_arvavara,,Árva Vára,,,,,,,,,,,x
b_nameszto,b_nameszto,,Námesztó,,,,,,,,,,,x
b_liptovskymikulas,b_liptovskymikulas,,Liptovský Mikuláš,,,,,,,,,,,x
b_zolyom,b_zolyom,,Zólyom,,,,,,,,,,,x
b_trsztena,b_trsztena,,Trsztena,,,,,,,,,,,x
b_turdossin,b_turdossin,,Turdossin,,,,,,,,,,,x
b_nemetlipcse,b_nemetlipcse,,Németlipcse,,,,,,,,,,,x
b_rozsahegy,b_rozsahegy,,Rózsahegy,,,,,,,,,,,x
d_ungvar,d_ungvar,,Ungvar,,,,,,,,,,,x
d_ungvar,d_ungvar_adj,,Ungvaran,,,,,,,,,,,x
d_ungvar,d_ungvar_adj_croatian,,Chrobatian,,,,,,,,,,,x
d_ungvar,bohemian,,Uzhorod,,,,,,,,,,,x
d_ungvar,croatian,,Chrobatia,,,,,,,,,,,x
c_saris,PROV533,,Spis,,,,,,,,,,,x
c_saris,c_saris_adj,,Spisian,,,,,,,,,,,x
c_saris,german,,Scharosch,,,,,,,,,,,x
b_saris,b_saris,,Spis,,,,,,,,,,,x
b_bartfa,b_bartfa,,Bártfa,,,,,,,,,,,x
b_kisszeben,b_kisszeben,,Kisszeben,,,,,,,,,,,x
b_eperjes,b_eperjes,,Eperjes,,,,,,,,,,,x
b_scyuidnyk,b_scyuidnyk,,Scyuidnyk,,,,,,,,,,,x
b_giralth,b_giralth,,Giralth,,,,,,,,,,,x
b_hethars,b_hethars,,Héthárs,,,,,,,,,,,x
b_lemesany,b_lemesany,,Lemesany,,,,,,,,,,,x
c_bereg,PROV537,,Bereg,,,,,,,,,,,x
c_bereg,c_bereg_adj,,Beregian,,,,,,,,,,,x
c_bereg,german,,Berg,,,,,,,,,,,x
b_beregszasz,b_beregszasz,,Beregszász,,,,,,,,,,,x
b_perecseny,b_perecseny,,Perecseny,,,,,,,,,,,x
b_munkacs,b_munkacs,,Munkács,,,,,,,,,,,x
b_ungvar,b_ungvar,,Ungvár,,,,,,,,,,,x
b_ilosva,b_ilosva,,Ilosva,,,,,,,,,,,x
b_szolyva,b_szolyva,,Szolyva,,,,,,,,,,,x
b_szobranc,b_szobranc,,Szobránc,,,,,,,,,,,x
b_kapos,b_kapos,,Kapos,,,,,,,,,,,x
c_abauj,PROV538,,Abauj,,,,,,,,,,,x
c_abauj,c_abauj_adj,,Abaujian,,,,,,,,,,,x
c_abauj,bohemian,,Abov,,,,,,,,,,,x
c_abauj,german,,Neuburg,,,,,,,,,,,x
b_abauj,b_abauj,,Abaúj,,,,,,,,,,,x
b_satoraljaujhely,b_satoraljaujhely,,Sátoraljaújhely,,,,,,,,,,,x
b_kassa,b_kassa,,Kassa,,,,,,,,,,,x
b_szikszo,b_szikszo,,Szikszó,,,,,,,,,,,x
b_turna,b_turna,,Turna,,,,,,,,,,,x
b_szepsi,b_szepsi,,Szepsi,,,,,,,,,,,x
b_sarospatak,b_sarospatak,,Sárospatak,,,,,,,,,,,x
b_tokaj,b_tokaj,,Tokaj,,,,,,,,,,,x
c_marmaros,PROV539,,Marmaros,,,,,,,,,,,x
c_marmaros,c_marmaros_adj,,Marmarosian,,,,,,,,,,,x
c_marmaros,german,,Maramuresch,,,,,,,,,,,x
b_maramarossziget,b_maramarossziget,,Máramarossziget,,,,,,,,,,,x
b_nagybanya,b_nagybanya,,Nagybánya,,,,,,,,,,,x
b_nagykaroly,b_nagykaroly,,Nagykároly,,,,,,,,,,,x
b_huszt,b_huszt,,Huszt,,,,,,,,,,,x
b_aknasugatag,b_aknasugatag,,Aknasugatag,,,,,,,,,,,x
b_tecso,b_tecso,,Téscö,,,,,,,,,,,x
b_raho,b_raho,,Rahó,,,,,,,,,,,x
b_felsoviso,b_felsoviso,,Felsövisó,,,,,,,,,,,x
d_pest,d_pest,,Pest,,,,,,,,,,,x
d_pest,d_pest_adj,,Pesti,,,,,,,,,,,x
c_heves,PROV523,,Heves,,,,,,,,,,,x
c_heves,c_heves_adj,,Hevian,,,,,,,,,,,x
b_heves,b_heves,,Heves,,,,,,,,,,,x
b_eger,b_eger,,Eger,,,,,,,,,,,x
b_gyongyos,b_gyongyos,,Gyöngyös,,,,,,,,,,,x
b_miskolc,b_miskolc,,Miskolc,,,,,,,,,,,x
b_petervasara,b_petervasara,,Pétervására,,,,,,,,,,,x
b_hatvan,b_hatvan,,Hatvan,,,,,,,,,,,x
b_tiszafured,b_tiszafured,,Tiszafüred,,,,,,,,,,,x
b_mezokovesd,b_mezokovesd,,Mezökövesd,,,,,,,,,,,x
c_pest,PROV522,,Pest,,,,,,,,,,,x
c_pest,c_pest_adj,,Pestian,,,,,,,,,,,x
b_pest,b_pest,,Pest,,,,,,,,,,,x
b_vac,b_vac,,Vác,,,,,,,,,,,x
b_kecskemet,b_kecskemet,,Kecskemét,,,,,,,,,,,x
b_kiskunhalas,b_kiskunhalas,,Kiskunhalas,,,,,,,,,,,x
b_szentendre,b_szentendre,,Szentendre,,,,,,,,,,,x
b_cegled,b_cegled,,Cegléd,,,,,,,,,,,x
b_abrahamtelke,b_abrahamtelke,,Ábrahámtelke,,,,,,,,,,,x
b_kiskoros,b_kiskoros,,Kiskörös,,,,,,,,,,,x
c_csanad,PROV521,,Csanad,,,,,,,,,,,x
c_csanad,c_csanad_adj,,Csanadian,,,,,,,,,,,x
b_csanad,b_csanad,,Csanád,,,,,,,,,,,x
b_szeged,b_szeged,,Szeged,,,,,,,,,,,x
b_mako,b_mako,,Makó,,,,,,,,,,,x
b_battonya,b_battonya,,Battonya,,,,,,,,,,,x
b_csongrad,b_csongrad,,Csongrád,,,,,,,,,,,x
b_mindszent,b_mindszent,,Mindszent,,,,,,,,,,,x
b_szentes,b_szentes,,Szenetes,,,,,,,,,,,x
b_hodmezovasarhely,b_hodmezovasarhely,,Hódmezövásárhely,,,,,,,,,,,x
d_transylvania,d_transylvania,,Transylvania,,,,,,,,,,,x
d_transylvania,d_transylvania_adj,,Transylvanian,,,,,,,,,,,x
c_szekelyfold,PROV540,,Szekelyföld,,,,,,,,,,,x
c_szekelyfold,c_szekelyfold_adj,,Szekelyfoldian,,,,,,,,,,,x
c_szekelyfold,german,,Szeklerland,,,,,,,,,,,x
b_csik,b_csik,,Csik,,,,,,,,,,,x
b_aranyos,b_aranyos,,Aranyosszék,,,,,,,,,,,x
b_haromszek,b_haromszek,,Háromszék,,,,,,,,,,,x
b_maros,b_maros,,Maros,,,,,,,,,,,x
b_kezdi,b_kezdi,,Kézdi,,,,,,,,,,,x
b_szekelyudvarhely,b_szekelyudvarhely,,Székelyudvarhely,,,,,,,,,,,x
b_sepsiszentgyorgy,b_sepsiszentgyorgy,,Sepsiszentgyörgy,,,,,,,,,,,x
b_marosvasarhely,b_marosvasarhely,,Marosvásárhely,,,,,,,,,,,x
c_bihar,PROV520,,Bihar,,,,,,,,,,,x
c_bihar,c_bihar_adj,,Biharian,,,,,,,,,,,x
c_bihar,romanian,,Bihor,,,,,,,,,,,x
b_bihar,b_bihar,,Bihar,,,,,,,,,,,x
b_nagyvarad,b_nagyvarad,,Nagyvárad ,,,,,,,,,,,x
b_debrecen,b_debrecen,,Debrecen,,,,,,,,,,,x
b_biharkeresztes,b_biharkeresztes,,Biharkeresztes,,,,,,,,,,,x
b_nagybajom,b_nagybajom,,Nagybajom,,,,,,,,,,,x
b_szalard,b_szalard,,Szalárd,,,,,,,,,,,x
b_zolonta,b_zolonta,,Zolonta,,,,,,,,,,,x
b_elesd,b_elesd,,Élesd,,,,,,,,,,,x
c_feher,PROV519,,Feher,,,,,,,,,,,x
c_feher,c_feher_adj,,Feherian,,,,,,,,,,,x
c_feher,german,,Unterweissenburg,,,,,,,,,,,x
b_feher,b_feher,,Fehér,,,,,,,,,,,x
b_arad,b_arad,,Arad,,,,,,,,,,,x
b_gyulafehervar,b_gyulafehervar,,Gyulafehérvár,,,,,,,,,,,x
b_gyulafehervar,romanian,,Balgrad,,,,,,,,,,,x
b_elek,b_elek,,Elek,,,,,,,,,,,x
b_abrudbanya,b_abrudbanya,,Abrudbánya,,,,,,,,,,,x
b_nagyenyed,b_nagyenyed,,Nagyenyed,,,,,,,,,,,x
b_vizakna,b_vizakna,,Vizakna,,,,,,,,,,,x
b_tovis,b_tovis,,Tövis,,,,,,,,,,,x
d_temes,d_temes,,Temes,,,,,,,,,,,x
d_temes,d_temes_adj,,Temesite,,,,,,,,,,,x
d_temes,romanian,,Timis,,,,,,,,,,,x
d_temes,serbian,,Tamis,,,,,,,,,,,x
c_temes,PROV517,,Temes,,,,,,,,,,,x
c_temes,c_temes_adj,,Temesian,,,,,,,,,,,x
c_temes,romanian,,Timis,,,,,,,,,,,x
c_temes,serbian,,Tamis,,,,,,,,,,,x
b_temesvar,b_temesvar,,Temesvar,,,,,,,,,,,x
b_lugos,b_lugos,,Lugos,,,,,,,,,,,x
b_csak,b_csak,,Csák,,,,,,,,,,,x
b_buzias,b_buzias,,Buziás,,,,,,,,,,,x
b_versecz,b_versecz,,Versecz,,,,,,,,,,,x
b_detta,b_detta,,Detta,,,,,,,,,,,x
b_kevevara,b_kevevara,,Kevevára,,,,,,,,,,,x
b_karansebes,b_karansebes,,Karánsebes,,,,,,,,,,,x
c_bacs,PROV518,,Bacs,,,,,,,,,,,x
c_bacs,c_bacs_adj,,Bacsian,,,,,,,,,,,x
b_bacs,b_bacs,,Bács,,,,,,,,,,,x
b_apatin,b_apatin,,Apatin,,,,,,,,,,,x
b_szintarev,b_szintarev,,Szintarev,,,,,,,,,,,x
b_baja,b_baja,,Baja,,,,,,,,,,,x
b_zombor,b_zombor,,Zombor,,,,,,,,,,,x
b_bacsalmas,b_bacsalmas,,Bácsalmás,,,,,,,,,,,x
b_pancsova,b_pancsova,,Pancsova,,,,,,,,,,,x
b_pardany,b_pardany,,Párdány,,,,,,,,,,,x
