#TITLE,KEY,VALUE,SWMH,,,,,,,,,,,x
e_germany,e_germany,,Germania,,,,,,,,,,,x
e_germany,e_germany_adj,,German,,,,,,,,,,,x
d_holland,d_holland,,Holland,,,,,,,,,,,x
d_holland,d_holland_adj,,Hollander,,,,,,,,,,,x
c_holland,PROV80,,Holland,,,,,,,,,,,x
c_holland,c_holland_adj,,Hollander,,,,,,,,,,,x
b_haarlem,b_haarlem,,Haarlem,,,,,,,,,,,x
b_amsterdam,b_amsterdam,,Amsterdam,,,,,,,,,,,x
b_vlaardingen,b_vlaardingen,,Vlaardingen,,,,,,,,,,,x
b_sgravenhage,b_sgravenhage,,s-Gravenhage,,,,,,,,,,,x
b_dordrecht,b_dordrecht,,Dordrecht,,,,,,,,,,,x
b_gouda,b_gouda,,Gouda,,,,,,,,,,,x
b_leiden,b_leiden,,Leiden,,,,,,,,,,,x
b_muiden,b_muiden,,Muiden,,,,,,,,,,,x
c_sticht,PROV82,,Sticht,,,,,,,,,,,x
c_sticht,c_sticht_adj,,Stichtian,,,,,,,,,,,x
b_woerden,b_woerden,,Woerden,,,,,,,,,,,x
b_utrecht,b_utrecht,,Utrecht,,,,,,,,,,,x
b_dorestad,b_dorestad,,Dorestad,,,,,,,,,,,x
b_gorinchem,b_gorinchem,,Gorinchem,,,,,,,,,,,x
b_zeist,b_zeist,,Zeist,,,,,,,,,,,x
b_buren,b_buren,,Buren,,,,,,,,,,,x
b_ijsselstein,b_ijsselstein,,IJsselstein,,,,,,,,,,,x
b_oudewater,b_oudewater,,Oudewater,,,,,,,,,,,x
c_westfriesland,PROV81,,Westfriesland,,,,,,,,,,,x
c_westfriesland,c_westfriesland_adj,,Westfrieslander,,,,,,,,,,,x
b_alkmaar,b_alkmaar,,Alkmaar,,,,,,,,,,,x
b_hoorn,b_hoorn,,Hoorn,,,,,,,,,,,x
b_medemblik,b_medemblik,,Medemblik,,,,,,,,,,,x
b_enkhuizen,b_enkhuizen,,Enkhuizen,,,,,,,,,,,x
b_heerhugowaard,b_heerhugowaard,,Heerhugowaard,,,,,,,,,,,x
b_texel,b_texel,,Texel,,,,,,,,,,,x
b_egmond,b_egmond,,Egmond,,,,,,,,,,,x
b_schagen,b_schagen,,Schagen,,,,,,,,,,,x
c_zeeland,PROV79,,Zeeland,,,,,,,,,,,x
c_zeeland,c_zeeland_adj,,Zeelander,,,,,,,,,,,x
b_middelburg,b_middelburg,,Middelburg,,,,,,,,,,,x
b_tholen,b_tholen,,Tholen,,,,,,,,,,,x
b_veere,b_veere,,Veere,,,,,,,,,,,x
b_cadzand,b_cadzand,,Cadzand,,,,,,,,,,,x
b_vlissingen,b_vlissingen,,Vlissingen,,,,,,,,,,,x
b_renesse,b_renesse,,Renesse,,,,,,,,,,,x
b_borsele,b_borsele,,Borsele,,,,,,,,,,,x
b_zierikzee,b_zierikzee,,Zierikzee,,,,,,,,,,,x
d_gelre,d_gelre,,Gelre,,,,,,,,,,,x
d_gelre,d_gelre_adj,,Gelrian,,,,,,,,,,,x
c_gelre,PROV83,,Gelre,,,,,,,,,,,x
c_gelre,c_gelre_adj,,Gelrian,,,,,,,,,,,x
b_nijmegen,b_nijmegen,,Nijmegen,,,,,,,,,,,x
b_zutphen,b_zutphen,,Zutphen,,,,,,,,,,,x
b_deventer,b_deventer,,Deventer,,,,,,,,,,,x
b_arnhem,b_arnhem,,Arnhem,,,,,,,,,,,x
b_zwolle,b_zwolle,,Zwolle,,,,,,,,,,,x
b_kampen,b_kampen,,Kampen,,,,,,,,,,,x
b_bergh,b_bergh,,Bergh,,,,,,,,,,,x
b_bronckhorst,b_bronckhorst,,Bronckhorst,,,,,,,,,,,x
c_ostfriesland,PROV85,,Ostfriesland,,,,,,,,,,,x
c_ostfriesland,c_ostfriesland_adj,,Ostfrieslander,,,,,,,,,,,x
b_emden,b_emden,,Emden,,,,,,,,,,,x
b_aurich,b_aurich,,Aurich,,,,,,,,,,,x
b_borkum,b_borkum,,Borkum,,,,,,,,,,,x
b_norden,b_norden,,Norden,,,,,,,,,,,x
b_norderney,b_norderney,,Norderney,,,,,,,,,,,x
b_leer,b_leer,,Leer,,,,,,,,,,,x
b_wittmund,b_wittmund,,Wittmund,,,,,,,,,,,x
b_esens,b_esens,,Esens,,,,,,,,,,,x
c_frisia,PROV84,,Friesland,,,,,,,,,,,x
c_frisia,c_frisia_adj,,Frisian,,,,,,,,,,,x
b_groningen,b_groningen,,Groningen,,,,,,,,,,,x
b_leeuwarden,b_leeuwarden,,Leeuwarden,,,,,,,,,,,x
b_stavoren,b_stavoren,,Stavoren,,,,,,,,,,,x
b_bolsward,b_bolsward,,Bolsward,,,,,,,,,,,x
b_franeker,b_franeker,,Franeker,,,,,,,,,,,x
b_dokkum,b_dokkum,,Dokkum,,,,,,,,,,,x
b_assen,b_assen,,Assen,,,,,,,,,,,x
b_harlingen,b_harlingen,,Harlingen,,,,,,,,,,,x
k_lotharingia,k_lotharingia,,Middle Francia,,,,,,,,,,,x
k_lotharingia,k_lotharingia_adj,,Middle Francian,,,,,,,,,,,x
d_luxembourg,d_luxembourg,,Luxembourg,,,,,,,,,,,x
d_luxembourg,d_luxembourg_adj,,Luxembourgian,,,,,,,,,,,x
c_luxembourg,PROV115,,Luxembourg,,,,,,,,,,,x
c_luxembourg,c_luxembourg_adj,,Luxembourgian,,,,,,,,,,,x
b_luxembourg,b_luxembourg,,Luxembourg,,,,,,,,,,,x
b_bouillon,b_bouillon,,Bouillon,,,,,,,,,,,x
b_saintvith,b_saintvith,,Saint-Vith,,,,,,,,,,,x
b_arlon,b_arlon,,Arlon,,,,,,,,,,,x
b_neufchateau,b_neufchateau,,Neufchateau,,,,,,,,,,,x
b_longwy,b_longwy,,Longwy,,,,,,,,,,,x
b_differdange,b_differdange,,Differdange,,,,,,,,,,,x
b_ettelbruck,b_ettelbruck,,Ettelbruck,,,,,,,,,,,x
c_liege,PROV116,,Liege,,,,,,,,,,,x
c_liege,c_liege_adj,,Liegian,,,,,,,,,,,x
b_liege,b_liege,,Liege,,,,,,,,,,,x
b_bastogne,b_bastogne,,Bastogne,,,,,,,,,,,x
b_namur,b_namur,,Namur,,,,,,,,,,,x
b_huy,b_huy,,Huy,,,,,,,,,,,x
b_laroche,b_laroche,,Laroche,,,,,,,,,,,x
b_cine,b_cine,,Cînè,,,,,,,,,,,x
b_salm,b_salm,,Salm,,,,,,,,,,,x
b_stavelot,b_stavelot,,Stavelot,,,,,,,,,,,x
c_julich,PROV90,,Jülich,,,,,,,,,,,x
c_julich,c_julich_adj,,Jülichian,,,,,,,,,,,x
b_julich,b_julich,,Jülich,,,,,,,,,,,x
b_aachen,b_aachen,,Aachen,,,,,,,,,,,x
b_prum,b_prum,,Prüm,,,,,,,,,,,x
b_geldern,b_geldern,,Geldern,,,,,,,,,,,x
b_roermond,b_roermond,,Roermond,,,,,,,,,,,x
b_duren,b_duren,,Düren,,,,,,,,,,,x
b_moers,b_moers,,Moers,,,,,,,,,,,x
b_monschau,b_monschau,,Monschau,,,,,,,,,,,x
c_loon,PROV91,,Loon,,,,,,,,,,,x
c_loon,c_loon_adj,,Loonian,,,,,,,,,,,x
b_loon,b_loon,,Loon,,,,,,,,,,,x
b_maastricht,b_maastricht,,Maastricht,,,,,,,,,,,x
b_hasselt,b_hasselt,,Hasselt,,,,,,,,,,,x
b_valkenburg,b_valkenburg,,Valkenburg,,,,,,,,,,,x
b_heinsberg,b_heinsberg,,Heinsberg,,,,,,,,,,,x
b_hesbaie,b_hesbaie,,Hesbaie,,,,,,,,,,,x
b_wassenberg,b_wassenberg,,Wassenberg,,,,,,,,,,,x
b_tongeren,b_tongeren,,Tongeren,,,,,,,,,,,x
d_upper_lorraine,d_upper_lorraine,,Upper Lorraine,,,,,,,,,,,x
d_upper_lorraine,d_upper_lorraine_adj,,Upper Lorrainian,,,,,,,,,,,x
c_lorraine,PROV127,,Lorraine,,,,,,,,,,,x
c_lorraine,c_lorraine_adj,,Lorrainian,,,,,,,,,,,x
b_nancy,b_nancy,,Nancy,,,,,,,,,,,x
b_toul,b_toul,,Toul,,,,,,,,,,,x
b_sarrebourg,b_sarrebourg,,Sarrebourg,,,,,,,,,,,x
b_epinal,b_epinal,,Epinal,,,,,,,,,,,x
b_luneville,b_luneville,,Lunéville,,,,,,,,,,,x
b_charpeigne,b_charpeigne,,Charpeigne,,,,,,,,,,,x
b_mortagnedevosges,b_mortagnedevosges,,Mortagne,,,,,,,,,,,x
b_saintavoid,b_saintavoid,,Saint-Avoid,,,,,,,,,,,x
c_saintois,PROV133,,Saintois,,,,,,,,,,,x
c_saintois,c_saintois_adj,,Saintoisian,,,,,,,,,,,x
b_saintois,b_saintois,,Saintois,,,,,,,,,,,x
b_vaudemont,b_vaudemont,,Vaudemont,,,,,,,,,,,x
b_brixey,b_brixey,,Brixey,,,,,,,,,,,x
b_sorcystmartin,b_sorcystmartin,,Sorcy-St-Martin,,,,,,,,,,,x
b_ivios,b_ivios,,Ivios,,,,,,,,,,,x
b_ornois,b_ornois,,Ornois,,,,,,,,,,,x
b_saulnois,b_saulnois,,Saulnois,,,,,,,,,,,x
b_dompaire,b_dompaire,,Dompaire,,,,,,,,,,,x
c_bar,PROV930,,Bar,,,,,,,,,,,x
c_bar,c_bar_adj,,Barrois,,,,,,,,,,,x
b_barleduc,b_barleduc,,Bar-le-Duc,,,,,,,,,,,x
b_vaucouleurs,b_vaucouleurs,,Vaucouleurs,,,,,,,,,,,x
b_saintmihel,b_saintmihel,,Saint-Mihiel,,,,,,,,,,,x
b_commercy,b_commercy,,Commercy,,,,,,,,,,,x
b_joinville,b_joinville,,Joinville,,,,,,,,,,,x
b_saintdizier,b_saintdizier,,Saint-Dizier,,,,,,,,,,,x
d_lower_lorraine,d_lower_lorraine,,Lower Lorraine,,,,,,,,,,,x
d_lower_lorraine,d_lower_lorraine_adj,,Lower Lorrainian,,,,,,,,,,,x
c_pfalz,PROV124,,Pfalz,,,,,,,,,,,x
c_pfalz,c_pfalz_adj,,Pfalzian,,,,,,,,,,,x
b_kaiserslautern,b_kaiserslautern,,Kaiserslautern,,,,,,,,,,,x
b_worms,b_worms,,Worms,,,,,,,,,,,x
b_hagenau,b_hagenau,,Hagenau,,,,,,,,,,,x
b_stahleck,b_stahleck,,Stahleck,,,,,,,,,,,x
b_trifels,b_trifels,,Trifels,,,,,,,,,,,x
b_speyer,b_speyer,,Speyer,,,,,,,,,,,x
b_zweibrucken,b_zweibrucken,,Zweibrücken,,,,,,,,,,,x
b_saarbrucken,b_saarbrucken,,Saarbrücken,,,,,,,,,,,x
c_trier,PROV118,,Trier,,,,,,,,,,,x
c_trier,c_trier_adj,,Trierian,,,,,,,,,,,x
b_andernach,b_andernach,,Andernach,,,,,,,,,,,x
b_trier,b_trier,,Trier,,,,,,,,,,,x
b_coblenz,b_coblenz,,Coblenz,,,,,,,,,,,x
b_sponheim,b_sponheim,,Sponheim,,,,,,,,,,,x
b_wittlich,b_wittlich,,Wittlich,,,,,,,,,,,x
b_gerolstein,b_gerolstein,,Gerolstein,,,,,,,,,,,x
b_laach,b_laach,,Laach,,,,,,,,,,,x
b_bitburg,b_bitburg,,Bitburg,,,,,,,,,,,x
c_metz,PROV128,,Metz,,,,,,,,,,,x
c_metz,c_metz_adj,,Metzian,,,,,,,,,,,x
b_metz,b_metz,,Metz,,,,,,,,,,,x
b_thionville,b_thionville,,Thionville,,,,,,,,,,,x
b_saintjulien,b_saintjulien,,Saint-Julién,,,,,,,,,,,x
b_marslatour,b_marslatour,,Mars-la-Tour,,,,,,,,,,,x
b_bouzonville,b_bouzonville,,Bouzonville,,,,,,,,,,,x
b_briey,b_briey,,Briey,,,,,,,,,,,x
b_joudreville,b_joudreville,,Joudreville,,,,,,,,,,,x
b_audunleroman,b_audunleroman,,Audun-le-Roman,,,,,,,,,,,x
c_verdun,PROV129,,Verdun,,,,,,,,,,,x
c_verdun,c_verdun_adj,,Verdunian,,,,,,,,,,,x
b_verdun,b_verdun,,Verdun,,,,,,,,,,,x
b_grandpre,b_grandpre,,Grandpré,,,,,,,,,,,x
b_barlecomte,b_barlecomte,,Bar-le-Comte,,,,,,,,,,,x
b_longuyon,b_longuyon,,Longuyon,,,,,,,,,,,x
b_doaumont,b_doaumont,,Doaumont,,,,,,,,,,,x
b_stenay,b_stenay,,Stenay,,,,,,,,,,,x
b_etain,b_etain,,Étain,,,,,,,,,,,x
d_alsace,d_alsace,,Alsace,,,,,,,,,,,x
d_alsace,d_alsace_adj,,Alsatian,,,,,,,,,,,x
c_nordgau,PROV126,,Nordgau,,,,,,,,,,,x
c_nordgau,c_nordgau_adj,,Nordgauer,,,,,,,,,,,x
b_egisheim,b_egisheim,,Egisheim,,,,,,,,,,,x
b_strassburg,b_strassburg,,Strassburg,,,,,,,,,,,x
b_lauterburg,b_lauterburg,,Lauterburg,,,,,,,,,,,x
b_selz,b_selz,,Selz,,,,,,,,,,,x
b_erstein,b_erstein,,Erstein,,,,,,,,,,,x
b_molsheim,b_molsheim,,Molsheim,,,,,,,,,,,x
b_brumath,b_brumath,,Brumath,,,,,,,,,,,x
b_schlettstadt,b_schlettstadt,,Schlettstadt,,,,,,,,,,,x
c_sundgau,PROV134,,Sundgau,,,,,,,,,,,x
c_sundgau,c_sundgau_adj,,Sundgauer,,,,,,,,,,,x
b_ensisheim,b_ensisheim,,Ensisheim,,,,,,,,,,,x
b_kolmar,b_kolmar,,Kolmar,,,,,,,,,,,x
b_murbach,b_murbach,,Murbach,,,,,,,,,,,x
b_mulhouse,b_mulhouse,,Mulhouse,,,,,,,,,,,x
b_landser,b_landser,,Landser,,,,,,,,,,,x
b_thann,b_thann,,Thann,,,,,,,,,,,x
b_altkirch,b_altkirch,,Altkirch,,,,,,,,,,,x
b_ferette,b_ferette,,Ferette,,,,,,,,,,,x
k_bavaria,k_bavaria,,Bavaria,,,,,,,,,,,x
k_bavaria,k_bavaria_adj,,Bavarian,,,,,,,,,,,x
d_bavaria,d_bavaria,,Bavaria,,,,,,,,,,,x
d_bavaria,d_bavaria_adj,,Bavarian,,,,,,,,,,,x
c_kempten,PROV315,,Kempten,,,,,,,,,,,x
c_kempten,c_kempten_adj,,Kemptian,,,,,,,,,,,x
b_kempten,b_kempten,,Kempten,,,,,,,,,,,x
b_augsburg,b_augsburg,,Augsburg,,,,,,,,,,,x
b_zumarshausen,b_zumarshausen,,Zumarshausen,,,,,,,,,,,x
b_kaufbeuren,b_kaufbeuren,,Kaufbeuren,,,,,,,,,,,x
b_donauworth,b_donauworth,,Donauwörth,,,,,,,,,,,x
b_friedberg,b_friedberg,,Friedberg,,,,,,,,,,,x
b_hochstadt,b_hochstadt,,Höchstadt,,,,,,,,,,,x
b_rain,b_rain,,Rain,,,,,,,,,,,x
c_oberbayern,PROV360,,Oberbayern,,,,,,,,,,,x
c_oberbayern,c_oberbayern_adj,,Oberbayerian,,,,,,,,,,,x
b_munchen,b_munchen,,München,,,,,,,,,,,x
b_dachau,b_dachau,,Dachau,,,,,,,,,,,x
b_freising,b_freising,,Freising,,,,,,,,,,,x
b_andechs,b_andechs,,Andechs,,,,,,,,,,,x
b_diessen,b_diessen,,Diessen,,,,,,,,,,,x
b_dingolfing,b_dingolfing,,Dingolfing,,,,,,,,,,,x
b_pfaffenberg,b_pfaffenberg,,Pfaffenberg,,,,,,,,,,,x
b_ebersberg,b_ebersberg,,Ebersberg,,,,,,,,,,,x
c_salzburg,PROV448,,Salzburg,,,,,,,,,,,x
c_salzburg,c_salzburg_adj,,Salzburgian,,,,,,,,,,,x
b_salzburg,b_salzburg,,Salzburg,,,,,,,,,,,x
b_durmberg,b_durmberg,,Dürmberg,,,,,,,,,,,x
b_waging,b_waging,,Waging,,,,,,,,,,,x
b_berchtesgaden,b_berchtesgaden,,Berchtesgaden,,,,,,,,,,,x
b_tittmoning,b_tittmoning,,Tittmoning,,,,,,,,,,,x
b_laufen,b_laufen,,Laufen,,,,,,,,,,,x
b_muhldorf,b_muhldorf,,Mühldorf,,,,,,,,,,,x
b_gastein,b_gastein,,Gastein,,,,,,,,,,,x
c_niederbayern,PROV361,,Niederbayern,,,,,,,,,,,x
c_niederbayern,c_niederbayern_adj,,Niederbayerian,,,,,,,,,,,x
b_straubing,b_straubing,,Straubing,,,,,,,,,,,x
b_regensburg,b_regensburg,,Regensburg,,,,,,,,,,,x
b_landshut,b_landshut,,Landshut,,,,,,,,,,,x
b_ingolstadt,b_ingolstadt,,Ingolstadt,,,,,,,,,,,x
b_wittelsbach,b_wittelsbach,,Wittelsbach,,,,,,,,,,,x
b_cham,b_cham,,Cham,,,,,,,,,,,x
b_rohrbach,b_rohrbach,,Rohrbach,,,,,,,,,,,x
b_kirchroth,b_kirchroth,,Kirchroth,,,,,,,,,,,x
c_nurnberg,PROV314,,Nürnberg,,,,,,,,,,,x
c_nurnberg,c_nurnberg_adj,,Nürnbergian,,,,,,,,,,,x
b_nurnberg,b_nurnberg,,Nürnberg,,,,,,,,,,,x
b_ellwangen,b_ellwangen,,Ellwangen,,,,,,,,,,,x
b_furth,b_furth,,Fürth,,,,,,,,,,,x
b_kulmbach,b_kulmbach,,Kulmbach,,,,,,,,,,,x
b_hohenburg,b_hohenburg,,Hohenburg,,,,,,,,,,,x
b_nordlingen,b_nordlingen,,Nordlingen,,,,,,,,,,,x
b_eichstatt,b_eichstatt,,Eichstatt,,,,,,,,,,,x
b_erlangen,b_erlangen,,Erlangen,,,,,,,,,,,x
d_osterreich,d_osterreich,,Austria,,,,,,,,,,,x
d_osterreich,d_osterreich_adj,,Austrian,,,,,,,,,,,x
c_passau,PROV447,,Passau,,,,,,,,,,,x
c_passau,c_passau_adj,,Passauian,,,,,,,,,,,x
b_passau,b_passau,,Passau,,,,,,,,,,,x
b_ortenburg,b_ortenburg,,Ortenburg,,,,,,,,,,,x
b_schaumberg,b_schaumberg,,Schaumberg,,,,,,,,,,,x
b_formbach,b_formbach,,Formbach,,,,,,,,,,,x
b_ulrichsberg,b_ulrichsberg,,Ulrichsberg,,,,,,,,,,,x
b_freistadt,b_freistadt,,Freistadt,,,,,,,,,,,x
b_raab,b_raab,,Raab,,,,,,,,,,,x
b_freyung,b_freyung,,Freyung,,,,,,,,,,,x
c_znojmo,PROV446,,Znojmo,,,,,,,,,,,x
c_znojmo,c_znojmo_adj,,Znojmo,,,,,,,,,,,x
b_mikulov,b_mikulov,,Mikulov,,,,,,,,,,,x
b_iglau,b_iglau,,Iglau,,,,,,,,,,,x
b_lundenburg,b_lundenburg,,Lundenburg,,,,,,,,,,,x
b_skalitz,b_skalitz,,Skalitz,,,,,,,,,,,x
b_trebic,b_trebic,,Trebic,,,,,,,,,,,x
b_eibenshitz,b_eibenshitz,,Eibenshitz,,,,,,,,,,,x
b_znojmo,b_znojmo,,Znojmo,,,,,,,,,,,x
b_ivancice,b_ivancice,,Ivancice,,,,,,,,,,,x
c_osterreich,PROV449,,Österreich,,,,,,,,,,,x
c_osterreich,c_osterreich_adj,,Österreicher,,,,,,,,,,,x
b_wien,b_wien,,Wien,,,,,,,,,,,x
b_linz,b_linz,,Linz,,,,,,,,,,,x
b_melk,b_melk,,Melk,,,,,,,,,,,x
b_stpolten,b_stpolten,,Sankt Pölten,,,,,,,,,,,x
b_hohenwarth,b_hohenwarth,,Hohenwarth,,,,,,,,,,,x
b_wagram,b_wagram,,Wagram,,,,,,,,,,,x
b_krems,b_krems,,Krems,,,,,,,,,,,x
b_steyr,b_steyr,,Steyr,,,,,,,,,,,x
c_steiermark,PROV455,,Steiermark,,,,,,,,,,,x
c_steiermark,c_steiermark_adj,,Steiermarkian,,,,,,,,,,,x
b_eppenstein,b_eppenstein,,Eppenstein,,,,,,,,,,,x
b_graz,b_graz,,Graz,,,,,,,,,,,x
b_lavant,b_lavant,,Lavant,,,,,,,,,,,x
b_cilli,b_cilli,,Cilli,,,,,,,,,,,x
b_seckau,b_seckau,,Seckau,,,,,,,,,,,x
b_leibnitz,b_leibnitz,,Leibnitz,,,,,,,,,,,x
b_radkersburg,b_radkersburg,,Radkersburg,,,,,,,,,,,x
b_stubing,b_stubing,,Stübing,,,,,,,,,,,x
d_tyrol,d_tyrol,,Tyrol,,,,,,,,,,,x
c_tirol,PROV316,,Tirol,,,,,,,,,,,x
c_tirol,c_tirol_adj,,Tyrolian,,,,,,,,,,,x
b_bregenz,b_bregenz,,Bregenz,,,,,,,,,,,x
b_landeck,b_landeck,,Landeck,,,,,,,,,,,x
b_stanton,b_stanton,,Sankt Anton,,,,,,,,,,,x
b_imst,b_imst,,Imst,,,,,,,,,,,x
b_sterzing,b_sterzing,,Sterzing,,,,,,,,,,,x
b_ried,b_ried,,Ried,,,,,,,,,,,x
b_dornbirn,b_dornbirn,,Dornbirn,,,,,,,,,,,x
b_nenzing,b_nenzing,,Nenzing,,,,,,,,,,,x
c_st_gallen,PROV248,,St. Gallen,,,,,,,,,,,x
c_st_gallen,c_st_gallen_adj,,St. Gallenian,,,,,,,,,,,x
b_rheineck,b_rheineck,,Rheineck,,,,,,,,,,,x
b_stgallen,b_stgallen,,Sankt Gallen,,,,,,,,,,,x
b_appenzell,b_appenzell,,Appenzell,,,,,,,,,,,x
b_frauenfeld,b_frauenfeld,,Frauenfeld,,,,,,,,,,,x
b_altstatten,b_altstatten,,Ältstatten,,,,,,,,,,,x
b_lichtensteig,b_lichtensteig,,Lichtensteig,,,,,,,,,,,x
b_vaduz,b_vaduz,,Vaduz,,,,,,,,,,,x
b_herisau,b_herisau,,Herisau,,,,,,,,,,,x
c_innsbruck,PROV359,,Innsbruck,,,,,,,,,,,x
c_innsbruck,c_innsbruck_adj,,Innsbruckian,,,,,,,,,,,x
b_innsbruck,b_innsbruck,,Innsbruck,,,,,,,,,,,x
b_kufstein,b_kufstein,,Kufstein,,,,,,,,,,,x
b_stams,b_stams,,Stams,,,,,,,,,,,x
b_lienz,b_lienz,,Lienz,,,,,,,,,,,x
b_schwaz,b_schwaz,,Schwaz,,,,,,,,,,,x
b_kitzbuhel,b_kitzbuhel,,Kitzbühel,,,,,,,,,,,x
b_jenbach,b_jenbach,,Jenbach,,,,,,,,,,,x
b_fugen,b_fugen,,Fügen,,,,,,,,,,,x
c_chur,PROV247,,Chur,,,,,,,,,,,x
c_chur,c_chur,,Churian,,,,,,,,,,,x
b_chur,b_chur,,Chur,,,,,,,,,,,x
b_churwalden,b_churwalden,,Churwalden,,,,,,,,,,,x
b_davos,b_davos,,Davos,,,,,,,,,,,x
b_maienfeld,b_maienfeld,,Maienfeld,,,,,,,,,,,x
b_illanz,b_illanz,,Illanz,,,,,,,,,,,x
b_thusis,b_thusis,,Thusis,,,,,,,,,,,x
b_glurns,b_glurns,,Glurns,,,,,,,,,,,x
b_zuoz,b_zuoz,,Zuos,,,,,,,,,,,x
k_germany,k_germany,,Germany,,,,,,,,,,,x
k_germany,k_germany_adj,,German,,,,,,,,,,,x
d_brunswick,d_brunswick,,Brunswick,,,,,,,,,,,x
d_brunswick,d_brunswick_adj,,Brunswickian,,,,,,,,,,,x
c_celle,PROV259,,Celle,,,,,,,,,,,x
c_celle,c_celle_adj,,Cellian,,,,,,,,,,,x
b_celle,b_celle,,Celle,,,,,,,,,,,x
b_hannover,b_hannover,,Hannover,,,,,,,,,,,x
b_herford,b_herford,,Herford,,,,,,,,,,,x
b_hermannsburg,b_hermannsburg,,Hermannsburg,,,,,,,,,,,x
b_ravensberg,b_ravensberg,,Ravensberg,,,,,,,,,,,x
b_nienburg,b_nienburg,,Nienburg,,,,,,,,,,,x
b_wedemark,b_wedemark,,Wedemark,,,,,,,,,,,x
b_wittingen,b_wittingen,,Wittingen,,,,,,,,,,,x
c_luneburg,PROV258,,Lüneburg,,,,,,,,,,,x
c_luneburg,c_luneburg_adj,,Lüneburgian,,,,,,,,,,,x
b_luneburg,b_luneburg,,Lüneburg,,,,,,,,,,,x
b_bardowick,b_bardowick,,Bardowick,,,,,,,,,,,x
b_gifhorn,b_gifhorn,,Gifhorn,,,,,,,,,,,x
b_evern,b_evern,,Evern,,,,,,,,,,,x
b_reppenstedt,b_reppenstedt,,Reppenstedt,,,,,,,,,,,x
b_ludersburg,b_ludersburg,,Lüdersburg,,,,,,,,,,,x
b_thomasburg,b_thomasburg,,Thomasburg,,,,,,,,,,,x
b_uelzen,b_uelzen,,Uelzen,,,,,,,,,,,x
c_braunschweig,PROV257,,Braunschweig,,,,,,,,,,,x
c_braunschweig,c_braunschweig_adj,,Braunschweigian,,,,,,,,,,,x
b_braunschweig,b_braunschweig,,Braunschweig,,,,,,,,,,,x
b_bielefeld,b_bielefeld,,Bielefeld,,,,,,,,,,,x
b_paderborn,b_paderborn,,Paderborn,,,,,,,,,,,x
b_hildesheim,b_hildesheim,,Hildesheim,,,,,,,,,,,x
b_waldeck,b_waldeck,,Waldeck,,,,,,,,,,,x
b_wolfenbuttel,b_wolfenbuttel,,Wolfenbüttel,,,,,,,,,,,x
b_helmstedt,b_helmstedt,,Helmstedt,,,,,,,,,,,x
b_gandersheim,b_gandersheim,,Gandersheim,,,,,,,,,,,x
c_oldenburg,PROV86,,Oldenburg,,,,,,,,,,,x
c_oldenburg,c_oldenburg_adj,,Oldenburgian,,,,,,,,,,,x
b_oldenburg,b_oldenburg,,Oldenburg,,,,,,,,,,,x
b_cloppenburg,b_cloppenburg,,Cloppenburg,,,,,,,,,,,x
b_jever,b_jever,,Jever,,,,,,,,,,,x
b_delmenhorst,b_delmenhorst,,Delmenhorst,,,,,,,,,,,x
b_loningen,b_loningen,,Löningen,,,,,,,,,,,x
b_nordenham,b_nordenham,,Nordenham,,,,,,,,,,,x
b_kniphausen,b_kniphausen,,Kniphausen,,,,,,,,,,,x
b_varel,b_varel,,Varel,,,,,,,,,,,x
c_osnabruck,PROV87,,Osnabrück,,,,,,,,,,,x
c_osnabruck,c_osnabruck_adj,,Osnabrückian,,,,,,,,,,,x
b_osnabruck,b_osnabruck,,Osnabrück,,,,,,,,,,,x
b_lingen,b_lingen,,Lingen,,,,,,,,,,,x
b_bentheim,b_bentheim,,Bentheim,,,,,,,,,,,x
b_wildeshausen,b_wildeshausen,,Wildeshausen,,,,,,,,,,,x
b_tecklenburg,b_tecklenburg,,Tecklenburg,,,,,,,,,,,x
b_minden,b_minden,,Minden,,,,,,,,,,,x
b_quackenbruck,b_quackenbruck,,Quackenbrück,,,,,,,,,,,x
b_meppen,b_meppen,,Meppen,,,,,,,,,,,x
d_thuringia,d_thuringia,,Thüringia,,,,,,,,,,,x
d_thuringia,d_thuringia_adj,,Thüringian,,,,,,,,,,,x
c_thuringen,PROV255,,Thüringen,,,,,,,,,,,x
c_thuringen,c_thuringen_adj,,Thüringian,,,,,,,,,,,x
b_erfurt,b_erfurt,,Erfurt,,,,,,,,,,,x
b_muhlhausen,b_muhlhausen,,Mulhausen,,,,,,,,,,,x
b_arnstadt,b_arnstadt,,Arnstadt,,,,,,,,,,,x
b_eichsfeld,b_eichsfeld,,Eichsfeld,,,,,,,,,,,x
b_reuss,b_reuss,,Reuss,,,,,,,,,,,x
b_salzungen,b_salzungen,,Salzungen,,,,,,,,,,,x
b_schmalkalden,b_schmalkalden,,Schmalkalden,,,,,,,,,,,x
b_henneberg,b_henneberg,,Henneberg,,,,,,,,,,,x
c_nassau,PROV121,,Nassau,,,,,,,,,,,x
c_nassau,c_nassau_adj,,Nassauian,,,,,,,,,,,x
b_nassau,b_nassau,,Nassau,,,,,,,,,,,x
b_fulda,b_fulda,,Fulda,,,,,,,,,,,x
b_wetzlar,b_wetzlar,,Wetzlar,,,,,,,,,,,x
b_marburg,b_marburg,,Marburg,,,,,,,,,,,x
b_katzenelnbogen,b_katzenelnbogen,,Katzenelnbogen,,,,,,,,,,,x
b_hersfeld,b_hersfeld,,Hersfeld,,,,,,,,,,,x
b_falkenstein,b_falkenstein,,Falkenstein,,,,,,,,,,,x
b_isenburg,b_isenburg,,Isenburg,,,,,,,,,,,x
c_gottingen,PROV120,,Göttingen,,,,,,,,,,,x
c_gottingen,c_gottingen_adj,,Göttingian,,,,,,,,,,,x
b_gottingen,b_gottingen,,Göttingen,,,,,,,,,,,x
b_corvey,b_corvey,,Corvey,,,,,,,,,,,x
b_lippe,b_lippe,,Lippe,,,,,,,,,,,x
b_kassel,b_kassel,,Kassel,,,,,,,,,,,x
b_goslar,b_goslar,,Goslar,,,,,,,,,,,x
b_northeim,b_northeim,,Northeim,,,,,,,,,,,x
b_eisenach,b_eisenach,,Eisenach,,,,,,,,,,,x
b_detmold,b_detmold,,Detmold,,,,,,,,,,,x
d_koln,d_koln,,Köln,,,,,,,,,,,x
d_koln,d_koln_adj,,Colognian,,,,,,,,,,,x
c_koln,PROV119,,Köln,,,,,,,,,,,x
c_koln,c_koln_adj,,Kölnian,,,,,,,,,,,x
b_koln,b_koln,,Köln,,,,,,,,,,,x
b_berg,b_berg,,Berg,,,,,,,,,,,x
b_mark,b_mark,,Mark,,,,,,,,,,,x
b_bonn,b_bonn,,Bonn,,,,,,,,,,,x
b_dietz,b_dietz,,Dietz,,,,,,,,,,,x
b_saffenburg,b_saffenburg,,Saffenburg,,,,,,,,,,,x
b_hochstaden,b_hochstaden,,Hochstaden,,,,,,,,,,,x
b_brauweiler,b_brauweiler,,Brauwiler,,,,,,,,,,,x
c_munster,PROV88,,Münster,,,,,,,,,,,x
c_munster,c_munster_adj,,Munsterian,,,,,,,,,,,x
b_munster,b_munster,,Münster,,,,,,,,,,,x
b_dortmund,b_dortmund,,Dortmund,,,,,,,,,,,x
b_essen,b_essen,,Essen,,,,,,,,,,,x
b_greven,b_greven,,Greven,,,,,,,,,,,x
b_gutersloh,b_gutersloh,,Gütersloh,,,,,,,,,,,x
b_steinfurt,b_steinfurt,,Steinfurt,,,,,,,,,,,x
b_gronau,b_gronau,,Gronau,,,,,,,,,,,x
b_ahlen,b_ahlen,,Ahlen,,,,,,,,,,,x
c_kleve,PROV89,,Kleve,,,,,,,,,,,x
c_kleve,c_kleve_adj,,Klevian,,,,,,,,,,,x
b_kleve,b_kleve,,Kleve,,,,,,,,,,,x
b_goch,b_goch,,Goch,,,,,,,,,,,x
b_rees,b_rees,,Rees,,,,,,,,,,,x
b_anholt,b_anholt,,Anholt,,,,,,,,,,,x
b_Xanten,b_Xanten,,Xanten,,,,,,,,,,,x
b_wesel,b_wesel,,Wesel,,,,,,,,,,,x
b_emmerich,b_emmerich,,Emmerich,,,,,,,,,,,x
b_isselburg,b_isselburg,,Isselburg,,,,,,,,,,,x
d_franconia,d_franconia,,Franconia,,,,,,,,,,,x
d_franconia,d_franconia_adj,,Franconian,,,,,,,,,,,x
c_mainz,PROV123,,Mainz,,,,,,,,,,,x
c_mainz,c_mainz_adj,,Mainzian,,,,,,,,,,,x
b_mainz,b_mainz,,Mainz,,,,,,,,,,,x
b_frankfurt,b_frankfurt,,Frankfurt,,,,,,,,,,,x
b_eppstein,b_eppstein,,Eppstein,,,,,,,,,,,x
b_ingelheim,b_ingelheim,,Ingelheim,,,,,,,,,,,x
b_mannheim,b_mannheim,,Mannheim,,,,,,,,,,,x
b_weilburg,b_weilburg,,Weilburg,,,,,,,,,,,x
b_dornburg,b_dornburg,,Dornburg,,,,,,,,,,,x
b_hanau,b_hanau,,Hanau,,,,,,,,,,,x
c_leiningen,PROV122,,Leiningen,,,,,,,,,,,x
c_leiningen,c_leiningen_adj,,Leiningian,,,,,,,,,,,x
b_leiningen,b_leiningen,,Leiningen,,,,,,,,,,,x
b_heidelberg,b_heidelberg,,Heidelberg,,,,,,,,,,,x
b_lorsch,b_lorsch,,Lorsch,,,,,,,,,,,x
b_durkheim,b_durkheim,,Dürkheim,,,,,,,,,,,x
b_battenberg,b_battenberg,,Battenberg,,,,,,,,,,,x
b_hardenburg,b_hardenburg,,Hardenburg,,,,,,,,,,,x
b_ungstein,b_ungstein,,Ungstein,,,,,,,,,,,x
b_pfeffingen,b_pfeffingen,,Pfeffingen,,,,,,,,,,,x
c_wurzburg,PROV254,,Würzburg,,,,,,,,,,,x
c_wurzburg,c_wurzburg,,Würzburgian,,,,,,,,,,,x
b_wurzburg,b_wurzburg,,Würzburg,,,,,,,,,,,x
b_aschaffenburg,b_aschaffenburg,,Aschaffenburg,,,,,,,,,,,x
b_schweinfurt,b_schweinfurt,,Schweinfurt,,,,,,,,,,,x
b_marienberg,b_marienberg,,Marienberg,,,,,,,,,,,x
b_hammelburg,b_hammelburg,,Hammelburg,,,,,,,,,,,x
b_schwarzenberg,b_schwarzenberg,,Schwarzenberg,,,,,,,,,,,x
b_theiheim,b_theiheim,,Theiheim,,,,,,,,,,,x
b_mainderheim,b_mainderheim,,Mainderheim,,,,,,,,,,,x
c_bamberg,PROV313,,Bamberg,,,,,,,,,,,x
c_bamberg,c_bamberg_adj,,Bambergian,,,,,,,,,,,x
b_ansbach,b_ansbach,,Ansbach,,,,,,,,,,,x
b_bamberg,b_bamberg,,Bamberg,,,,,,,,,,,x
b_babenberg,b_babenberg,,Babenberg,,,,,,,,,,,x
b_cadolzburg,b_cadolzburg,,Cadolzburg,,,,,,,,,,,x
b_colmberg,b_colmberg,,Colmberg,,,,,,,,,,,x
b_roth,b_roth,,Roth,,,,,,,,,,,x
b_uffenheim,b_uffenheim,,Uffenheim,,,,,,,,,,,x
b_crailsheim,b_crailsheim,,Crailsheim,,,,,,,,,,,x
d_baden,d_baden,,Baden,,,,,,,,,,,x
d_baden,d_baden_adj,,Badenian,,,,,,,,,,,x
c_baden,PROV125,,Baden,,,,,,,,,,,x
c_baden,c_baden_adj,,Badenian,,,,,,,,,,,x
b_baden,b_baden,,Baden,,,,,,,,,,,x
b_karlsruhe,b_karlsruhe,,Karlsruhe,,,,,,,,,,,x
b_wimpfen,b_wimpfen,,Wimpfen,,,,,,,,,,,x
b_calw,b_calw,,Calw,,,,,,,,,,,x
b_pforzheim,b_pforzheim,,Pforzheim,,,,,,,,,,,x
b_durlach,b_durlach,,Durlach,,,,,,,,,,,x
b_rastatt,b_rastatt,,Rastatt,,,,,,,,,,,x
b_neuhausen,b_neuhausen,,Neuhausen,,,,,,,,,,,x
c_breisgau,PROV250,,Breisgau,,,,,,,,,,,x
c_breisgau,c_breisgau_adj,,Breisgauer,,,,,,,,,,,x
b_freiburg,b_freiburg,,Freiburg,,,,,,,,,,,x
b_stblasien,b_stblasien,,Sankt Blasien,,,,,,,,,,,x
b_offenburg,b_offenburg,,Offenburg,,,,,,,,,,,x
b_zahringen,b_zahringen,,Zähringen,,,,,,,,,,,x
b_lahr,b_lahr,,Lahr,,,,,,,,,,,x
b_lohrrach,b_lohrrach,,Löhrrach,,,,,,,,,,,x
b_breisach,b_breisach,,Breisach,,,,,,,,,,,x
b_rottweil,b_rottweil,,Rottweil,,,,,,,,,,,x
d_swabia,d_swabia,,Swabia,,,,,,,,,,,x
d_swabia,d_swabia_adj,,Swabian,,,,,,,,,,,x
c_schwaben,PROV249,,Schwaben,,,,,,,,,,,x
c_schwaben,c_schwaben_adj,,Swabian,,,,,,,,,,,x
b_tubingen,b_tubingen,,Tübingen,,,,,,,,,,,x
b_konstanz,b_konstanz,,Konstanz,,,,,,,,,,,x
b_heiligenberg,b_heiligenberg,,Heiligenberg,,,,,,,,,,,x
b_uberlingen,b_uberlingen,,Überlingen,,,,,,,,,,,x
b_hohenberg,b_hohenberg,,Hohenberg,,,,,,,,,,,x
b_friedrichshafen,b_friedrichshafen,,Friedrichshafen,,,,,,,,,,,x
b_wangen,b_wangen,,Wangen,,,,,,,,,,,x
b_lindau,b_lindau,,Lindau,,,,,,,,,,,x
c_ulm,PROV252,,Ulm,,,,,,,,,,,x
c_ulm,c_ulm_adj,,Ulmian,,,,,,,,,,,x
b_ulm,b_ulm,,Ulm,,,,,,,,,,,x
b_zwiefalten,b_zwiefalten,,Zweifalten,,,,,,,,,,,x
b_teck,b_teck,,Teck,,,,,,,,,,,x
b_biberach,b_biberach,,Biberach,,,,,,,,,,,x
b_memmingen,b_memmingen,,Memmingen,,,,,,,,,,,x
b_isny,b_isny,,Isny,,,,,,,,,,,x
b_goppingen,b_goppingen,,Göppingen,,,,,,,,,,,x
b_erbach,b_erbach,,Erbach,,,,,,,,,,,x
c_furstenberg,PROV251,,Fürstenberg,,,,,,,,,,,x
c_furstenberg,c_furstenberg_adj,,Fürstenbergian,,,,,,,,,,,x
b_furstenberg,b_furstenberg,,Fürstenberg,,,,,,,,,,,x
b_villingen,b_villingen,,Villingen,,,,,,,,,,,x
b_hirsau,b_hirsau,,Hirsau,,,,,,,,,,,x
b_baar,b_baar,,Baar,,,,,,,,,,,x
b_haslach,b_haslach,,Haslach,,,,,,,,,,,x
b_zollern,b_zollern,,Zollern,,,,,,,,,,,x
b_wolfach,b_wolfach,,Wolfach,,,,,,,,,,,x
b_donaueschingen,b_donaueschingen,,Donaueschingen,,,,,,,,,,,x
c_wurttemberg,PROV253,,Württemberg,,,,,,,,,,,x
c_wurttemberg,c_wurttemberg_adj,,Württembergian,,,,,,,,,,,x
b_stuttgart,b_stuttgart,,Stuttgart,,,,,,,,,,,x
b_heilbronn,b_heilbronn,,Heilbronn,,,,,,,,,,,x
b_reutlingen,b_reutlingen,,Reutlingen,,,,,,,,,,,x
b_waiblingen,b_waiblingen,,Waiblingen,,,,,,,,,,,x
b_esslingen,b_esslingen,,Esslingen,,,,,,,,,,,x
b_gmund,b_gmund,,Gmünd,,,,,,,,,,,x
b_staufen,b_staufen,,Staufen,,,,,,,,,,,x
b_asperg,b_asperg,,Asperg,,,,,,,,,,,x
k_pomerania,k_pomerania,,Pomerania,,,,,,,,,,,x
k_pomerania,k_pomerania_adj,,Pomeranian,,,,,,,,,,,x
d_mecklemburg,d_mecklemburg,,Mecklenburg,,,,,,,,,,,x
d_mecklemburg,d_mecklemburg_adj,,Mecklenburgian,,,,,,,,,,,x
d_mecklemburg,d_mecklemburg_adj_pommeranian,,Weligradian,,,,,,,,,,,x
d_mecklemburg,pommeranian,,Obotritia,,,,,,,,,,,x
c_mecklemburg,PROV260,,Mecklenburg,,,,,,,,,,,x
c_mecklemburg,c_mecklemburg_adj,,Mecklenburgian,,,,,,,,,,,x
c_mecklemburg,pommeranian,,Weligrad,,,,,,,,,,,x
b_mecklemburg,b_mecklemburg,,Mecklenburg,,,,,,,,,,,x
b_mecklemburg,pommeranian,,Weligrad,,,,,,,,,,,x
b_wismar,b_wismar,,Wismar,,,,,,,,,,,x
b_wismar,pommeranian,,Vesimer,,,,,,,,,,,x
b_gevezin,b_gevezin,,Gevezin,,,,,,,,,,,x
b_gevezin,pommeranian,,Radgosc,,,,,,,,,,,x
b_schwerin,b_schwerin,,Schwerin,,,,,,,,,,,x
b_schwerin,pommeranian,,Zuarina,,,,,,,,,,,x
b_lutzow,b_lutzow,,Lützow,,,,,,,,,,,x
b_grevesmuhlen,b_grevesmuhlen,,Grevesmühlen,,,,,,,,,,,x
b_parchim,b_parchim,,Parchim,,,,,,,,,,,x
b_hagenow,b_hagenow,,Hagenow,,,,,,,,,,,x
c_rostock,PROV306,,Rostock,,,,,,,,,,,x
c_rostock,c_rostock_adj,,Rostocker,,,,,,,,,,,x
c_rostock,pommeranian,,Rastokú,,,,,,,,,,,x
b_rostock,b_rostock,,Rostock,,,,,,,,,,,x
b_rostock,pommeranian,,Rastokú,,,,,,,,,,,x
b_penzlin,b_penzlin,,Penzlin,,,,,,,,,,,x
b_penzlin,pommeranian,,Pentzelin,,,,,,,,,,,x
b_gustrow,b_gustrow,,Güstrow,,,,,,,,,,,x
b_gustrow,pommeranian,,Guscerov,,,,,,,,,,,x
b_malchin,b_malchin,,Malchin,,,,,,,,,,,x
b_damgarten,b_damgarten,,Damgarten,,,,,,,,,,,x
b_strelitz,b_strelitz,,Strelitz,,,,,,,,,,,x
b_strelitz,pommeranian,,Streltza,,,,,,,,,,,x
b_stargard,b_stargard,,Stargard,,,,,,,,,,,x
b_ahrensberg,b_ahrensberg,,Ahrensberg,,,,,,,,,,,x
c_werle,PROV307,,Werle,,,,,,,,,,,x
c_werle,c_werle_adj,,Werlian,,,,,,,,,,,x
c_werle,pommeranian,,Dymin,,,,,,,,,,,x
b_waren,b_waren,,Waren,,,,,,,,,,,x
b_greifswald,b_greifswald,,Greifswald,,,,,,,,,,,x
b_greifswald,pommeranian,,Gripscogh,,,,,,,,,,,x
b_stralsund,b_stralsund,,Stralsund,,,,,,,,,,,x
b_stralsund,pommeranian,,Stralow,,,,,,,,,,,x
b_tribsees,b_tribsees,,Tribsees,,,,,,,,,,,x
b_demmin,b_demmin,,Demmin,,,,,,,,,,,x
b_treptow,b_treptow,,Treptow,,,,,,,,,,,x
b_friedland,b_friedland,,Friedland,,,,,,,,,,,x
b_friedland,pommeranian,,Mirów,,,,,,,,,,,x
b_templin,b_templin,,Templin,,,,,,,,,,,x
c_rugen,PROV304,,Rügen,,,,,,,,,,,x
c_rugen,c_rugen_adj,,Rügenian,,,,,,,,,,,x
c_rugen,pommeranian,,Rana,,,,,,,,,,,x
b_charenza,b_charenza,,Charenza,,,,,,,,,,,x
b_arkona,b_arkona,,Arkona,,,,,,,,,,,x
b_rugard,b_rugard,,Rugard,,,,,,,,,,,x
b_putbus,b_putbus,,Putbus,,,,,,,,,,,x
b_barth,b_barth,,Barth,,,,,,,,,,,x
b_ralswiek,b_ralswiek,,Ralswiek,,,,,,,,,,,x
b_hiddensee,b_hiddensee,,Hiddensee,,,,,,,,,,,x
b_tribuzin,b_tribuzin,,Tribuzin,,,,,,,,,,,x
d_pommerania,d_pommerania,,Pomerania,,,,,,,,,,,x
d_pommerania,d_pommerania_adj,,Pomeranian,,,,,,,,,,,x
c_wolgast,PROV308,,Wolgast,,,,,,,,,,,x
c_wolgast,c_wolgast_adj,,Wolgastian,,,,,,,,,,,x
c_wolgast,pommeranian,,Wologoszcz,,,,,,,,,,,x
b_wolgast,b_wolgast,,Wolgast,,,,,,,,,,,x
b_wolgast,pommeranian,,Wologoszcz,,,,,,,,,,,x
b_usedom,b_usedom,,Usedom,,,,,,,,,,,x
b_usedom,pommeranian,,Uznjöm,,,,,,,,,,,x
b_anklam,b_anklam,,Anklam,,,,,,,,,,,x
b_anklam,pommeranian,,Taglim,,,,,,,,,,,x
b_ueckermunde,b_ueckermunde,,Uckermunde,,,,,,,,,,,x
b_zinnowitz,b_zinnowitz,,Zinnowitz,,,,,,,,,,,x
b_zussow,b_zussow,,Züssow,,,,,,,,,,,x
b_kemnitz,b_kemnitz,,Kemnitz,,,,,,,,,,,x
b_eggesin,b_eggesin,,Eggesin,,,,,,,,,,,x
c_stettin,PROV366,,Stettin,,,,,,,,,,,x
c_stettin,c_stettin_adj,,Stettiner,,,,,,,,,,,x
c_stettin,pommeranian,,Szczecin,,,,,,,,,,,x
b_soldin,b_soldin,,Soldin,,,,,,,,,,,x
b_stettin,b_stettin,,Stettin,,,,,,,,,,,x
b_stettin,pommeranian,,Szczecin,,,,,,,,,,,x
b_wollin,b_wollin,,Wollin,,,,,,,,,,,x
b_stestargard,b_stestargard,,Stestargard,,,,,,,,,,,x
b_kammin,b_kammin,,Kammin,,,,,,,,,,,x
b_kolbatz,b_kolbatz,,Kolbatz,,,,,,,,,,,x
b_cedene,b_cedene,,Cedene,,,,,,,,,,,x
b_pyritz,b_pyritz,,Pyritz,,,,,,,,,,,x
d_pomeralia,d_pomeralia,,Pomeralia,,,,,,,,,,,x
d_pomeralia,d_pomeralia_adj,,Pomeralian,,,,,,,,,,,x
c_danzig,PROV368,,Danzig,,,,,,,,,,,x
c_danzig,c_danzig_adj,,Danziger,,,,,,,,,,,x
c_danzig,bohemian,,Gdansk,,,,,,,,,,,x
c_danzig,danish,,Danzig,,,,,,,,,,,x
c_danzig,lettigallish,,Gdansk,,,,,,,,,,,x
c_danzig,lithuanian,,Gdansk,,,,,,,,,,,x
c_danzig,norse,,Danzig,,,,,,,,,,,x
c_danzig,norwegian,,Danzig,,,,,,,,,,,x
c_danzig,polish,,Gdansk,,,,,,,,,,,x
c_danzig,pommeranian,,Gdansk,,,,,,,,,,,x
c_danzig,prussian,,Gdansk,,,,,,,,,,,x
c_danzig,russian,,Gdansk,,,,,,,,,,,x
c_danzig,swedish,,Danzig,,,,,,,,,,,x
b_bytow,b_bytow,,Bytöw,,,,,,,,,,,x
b_danzig,b_danzig,,Danzig,,,,,,,,,,,x
b_danzig,bohemian,,Gdansk,,,,,,,,,,,x
b_danzig,danish,,Danzig,,,,,,,,,,,x
b_danzig,lettigallish,,Gdansk,,,,,,,,,,,x
b_danzig,lithuanian,,Gdansk,,,,,,,,,,,x
b_danzig,norse,,Danzig,,,,,,,,,,,x
b_danzig,norwegian,,Danzig,,,,,,,,,,,x
b_danzig,polish,,Gdansk,,,,,,,,,,,x
b_danzig,pommeranian,,Gdansk,,,,,,,,,,,x
b_danzig,prussian,,Gdansk,,,,,,,,,,,x
b_danzig,russian,,Gdansk,,,,,,,,,,,x
b_danzig,swedish,,Danzig,,,,,,,,,,,x
b_oliva,b_oliva,,Oliva,,,,,,,,,,,x
b_tuchel,b_tuchel,,Tuchel,,,,,,,,,,,x
b_schwetz,b_schwetz,,Schwetz,,,,,,,,,,,x
b_danlauenburg,b_danlauenburg,,Lauenburg,,,,,,,,,,,x
b_mewe,b_mewe,,Mewe,,,,,,,,,,,x
b_schlochau,b_schlochau,,Schlochau,,,,,,,,,,,x
c_slupsk,PROV367,,Slupsk,,,,,,,,,,,x
c_slupsk,c_slupsk_adj,,Slupskian,,,,,,,,,,,x
c_slupsk,danish,,Stolp,,,,,,,,,,,x
c_slupsk,german,,Stolp,,,,,,,,,,,x
c_slupsk,norse,,Stolp,,,,,,,,,,,x
c_slupsk,norwegian,,Stolp,,,,,,,,,,,x
c_slupsk,swedish,,Stolp,,,,,,,,,,,x
b_rugenwalde,b_rugenwalde,,Rügenwalde,,,,,,,,,,,x
b_slupsk,b_slupsk,,Slupsk,,,,,,,,,,,x
b_slupsk,danish,,Stolp,,,,,,,,,,,x
b_slupsk,german,,Stolp,,,,,,,,,,,x
b_slupsk,norse,,Stolp,,,,,,,,,,,x
b_slupsk,norwegian,,Stolp,,,,,,,,,,,x
b_slupsk,swedish,,Stolp,,,,,,,,,,,x
b_colberg,b_colberg,,Colberg,,,,,,,,,,,x
b_schlawe,b_schlawe,,Schlawe,,,,,,,,,,,x
b_tempelburg,b_tempelburg,,Tempelburg,,,,,,,,,,,x
b_dramburg,b_dramburg,,Dramburg,,,,,,,,,,,x
b_ustka,b_ustka,,Utska,,,,,,,,,,,x
b_belgard,b_belgard,,Belgard,,,,,,,,,,,x
d_saxony,d_saxony,,Saxony,,,,,,,,,,,x
d_saxony,d_saxony_adj,,Saxon,,,,,,,,,,,x
c_anhalt,PROV310,,Anhalt,,,,,,,,,,,x
c_anhalt,c_anhalt_adj,,Anhaltian,,,,,,,,,,,x
c_anhalt,pommeranian,,Dolomici,,,,,,,,,,,x
b_zerbst,b_zerbst,,Zerbst,,,,,,,,,,,x
b_zerbst,pommeranian,,Zirwisti,,,,,,,,,,,x
b_magdeburg,b_magdeburg,,Magdeburg,,,,,,,,,,,x
b_magdeburg,pommeranian,,Magadoburg,,,,,,,,,,,x
b_haldensleben,b_haldensleben,,Haldensleben,,,,,,,,,,,x
b_haldensleben,pommeranian,,Hahaldeslevo,,,,,,,,,,,x
b_mansfeld,b_mansfeld,,Mansfeld,,,,,,,,,,,x
b_dessau,b_dessau,,Dessau,,,,,,,,,,,x
b_arnstein,b_arnstein,,Arnstein,,,,,,,,,,,x
b_querfurt,b_querfurt,,Querfurt,,,,,,,,,,,x
b_querfurt,pommeranian,,Curnfurt,,,,,,,,,,,x
b_bernburg,b_bernburg,,Bernburg,,,,,,,,,,,x
c_plauen,PROV311,,Plauen,,,,,,,,,,,x
c_plauen,c_plauen_adj,,Plauenian,,,,,,,,,,,x
c_plauen,pommeranian,,Ploni,,,,,,,,,,,x
b_plauen,b_plauen,,Plauen,,,,,,,,,,,x
b_plauen,pommeranian,,Ploni,,,,,,,,,,,x
b_leipzig,b_leipzig,,Leipzig,,,,,,,,,,,x
b_leipzig,pommeranian,,Lipsk,,,,,,,,,,,x
b_merseburg,b_merseburg,,Merseburg,,,,,,,,,,,x
b_halle,b_halle,,Halle,,,,,,,,,,,x
b_halle,pommeranian,,Dobrebora,,,,,,,,,,,x
b_knobelsdorf,b_knobelsdorf,,Knobelsdorf,,,,,,,,,,,x
b_zeitz,b_zeitz,,Zeitz,,,,,,,,,,,x
b_zeitz,pommeranian,,Cici,,,,,,,,,,,x
b_zwickau,b_zwickau,,Zwickau,,,,,,,,,,,x
b_zwickau,pommeranian,,Swikawa,,,,,,,,,,,x
b_naumburg,b_naumburg,,Naumburg,,,,,,,,,,,x
c_weimar,PROV256,,Weimar,,,,,,,,,,,x
c_weimar,c_weimar_adj,,Weimarian,,,,,,,,,,,x
b_weimar,b_weimar,,Weimar,,,,,,,,,,,x
b_jena,b_jena,,Jena,,,,,,,,,,,x
b_walkenried,b_walkenried,,Walkenried,,,,,,,,,,,x
b_nordhausen,b_nordhausen,,Nordhausen,,,,,,,,,,,x
b_memelsen,b_memelsen,,Memelsen,,,,,,,,,,,x
b_gotha,b_gotha,,Gotha,,,,,,,,,,,x
b_apoldoa,b_apoldoa,,Apoldoa,,,,,,,,,,,x
b_gera,b_gera,,Gera,,,,,,,,,,,x
d_brandenburg,d_brandenburg,,Brandenburg,,,,,,,,,,,x
d_brandenburg,d_brandenburg_adj,,Brandenburger,,,,,,,,,,,x
d_brandenburg,d_brandenburg_adj_pommeranian,,Brennaburgian,,,,,,,,,,,x
d_brandenburg,pommeranian,,Sorbia,,,,,,,,,,,x
c_altmark,PROV309,,Altmark,,,,,,,,,,,x
c_altmark,c_altmark_adj,,Altmarkian,,,,,,,,,,,x
c_altmark,pommeranian,,Laczyn,,,,,,,,,,,x
b_werben,b_werben,,Weben,,,,,,,,,,,x
b_halberstedt,b_halberstedt,,Halberstedt,,,,,,,,,,,x
b_walbeck,b_walbeck,,Walbeck,,,,,,,,,,,x
b_luchow,b_luchow,,Lüchow,,,,,,,,,,,x
b_salzwedel,b_salzwedel,,Salzwedel,,,,,,,,,,,x
b_stendal,b_stendal,,Stendal,,,,,,,,,,,x
b_osterburg,b_osterburg,,Osterburg,,,,,,,,,,,x
b_tangermunde,b_tangermunde,,Tängermunde,,,,,,,,,,,x
c_brandenburg,PROV365,,Brandenburg,,,,,,,,,,,x
c_brandenburg,pommeranian,,Brennaburg,,,,,,,,,,,x
b_brandenburg,b_brandenburg,,Brandenburg,,,,,,,,,,,x
b_brandenburg,b_brandenburg_adj,,Brandenburgian,,,,,,,,,,,x
b_brandenburg,pommeranian,,Brennaburg,,,,,,,,,,,x
b_havelberg,b_havelberg,,Havelberg,,,,,,,,,,,x
b_berlin,b_berlin,,Berlin,,,,,,,,,,,x
b_juterborg,b_juterborg,,Jüterbog,,,,,,,,,,,x
b_juterborg,pommeranian,,Jutriboc,,,,,,,,,,,x
b_belzig,b_belzig,,Belzig,,,,,,,,,,,x
b_ruppin,b_ruppin,,Ruppin,,,,,,,,,,,x
b_oranienburg,b_oranienburg,,Oranienburg,,,,,,,,,,,x
b_oranienburg,pommeranian,,Bochzowe,,,,,,,,,,,x
b_muncheberg,b_muncheberg,,Müncheberg,,,,,,,,,,,x
d_meissen,d_meissen,,Meissen,,,,,,,,,,,x
d_meissen,d_meissen_adj,,Meissian,,,,,,,,,,,x
d_meissen,pommeranian,,Nisani,,,,,,,,,,,x
c_meissen,PROV312,,Meissen,,,,,,,,,,,x
c_meissen,c_meissen_adj,,Meissian,,,,,,,,,,,x
c_meissen,pommeranian,,Nisani,,,,,,,,,,,x
b_dresden,b_dresden,,Dresden,,,,,,,,,,,x
b_dresden,pommeranian,,Drezdany,,,,,,,,,,,x
b_meissen,b_meissen,,Meissen,,,,,,,,,,,x
b_meissen,pommeranian,,Misni,,,,,,,,,,,x
b_dohna,b_dohna,,Dohna,,,,,,,,,,,x
b_belgern,b_belgern,,Altenburg,,,,,,,,,,,x
b_strehla,b_strehla,,Strehla,,,,,,,,,,,x
b_rabenau,b_rabenau,,Rabenau,,,,,,,,,,,x
b_wettin,b_wettin,,Wettin,,,,,,,,,,,x
b_radeburg,b_radeburg,,Radeburg,,,,,,,,,,,x
c_lausitz,PROV364,,Lausitz,,,,,,,,,,,x
c_lausitz,c_lausitz_adj,,Lausitzian,,,,,,,,,,,x
c_lausitz,pommeranian,,Luzycka,,,,,,,,,,,x
b_gorlitz,b_gorlitz,,Görlitz,,,,,,,,,,,x
b_gorlitz,pommeranian,,Zhorjelc,,,,,,,,,,,x
b_bautzen,b_bautzen,,Bautzen,,,,,,,,,,,x
b_bautzen,pommeranian,,Budysin,,,,,,,,,,,x
b_lebus,b_lebus,,Lebus,,,,,,,,,,,x
b_lebus,pommeranian,,Lubiazu,,,,,,,,,,,x
b_cottbus,b_cottbus,,Cottbus,,,,,,,,,,,x
b_cottbus,pommeranian,,Chosebuz,,,,,,,,,,,x
b_rothenburg,b_rothenburg,,Rothenburg,,,,,,,,,,,x
b_forst,b_forst,,Forst,,,,,,,,,,,x
b_zittau,b_zittau,,Zittau,,,,,,,,,,,x
b_zittau,pommeranian,,Zitawa,,,,,,,,,,,x
b_luckau,b_luckau,,Lukau,,,,,,,,,,,x
b_luckau,pommeranian,,Luckawa,,,,,,,,,,,x
k_bohemia,k_bohemia,,Bohemia,,,,,,,,,,,x
k_bohemia,k_bohemia_adj,,Bohemian,,,,,,,,,,,x
d_bohemia,d_bohemia,,Bohemia,,,,,,,,,,,x
d_bohemia,d_bohemia_adj,,Bohemian,,,,,,,,,,,x
c_domazlice,PROV362,,Domazlice,,,,,,,,,,,x
c_domazlice,c_domazlice_adj,,Domazlician,,,,,,,,,,,x
b_pisek,b_pisek,,Pisek,,,,,,,,,,,x
b_kladruby,b_kladruby,,Kladruby,,,,,,,,,,,x
b_budejovice,b_budejovice,,Budejovice,,,,,,,,,,,x
b_domazlice,b_domazlice,,Domazlice,,,,,,,,,,,x
b_hohenfurth,b_hohenfurth,,Hohenfurth,,,,,,,,,,,x
b_rosenberg,b_rosenberg,,Rosenberg,,,,,,,,,,,x
b_goldenkron,b_goldenkron,,Golden Kron,,,,,,,,,,,x
b_sobeslav,b_sobeslav,,Sobeslav,,,,,,,,,,,x
c_praha,PROV437,,Praha,,,,,,,,,,,x
c_praha,c_praha_adj,,Pragian,,,,,,,,,,,x
b_praha,b_praha,,Praha,,,,,,,,,,,x
b_brevnov,b_brevnov,,Brevnov,,,,,,,,,,,x
b_kuttenberg,b_kuttenberg,,Kuttenberg,,,,,,,,,,,x
b_karlstein,b_karlstein,,Karlstein,,,,,,,,,,,x
b_slany,b_slany,,Slany,,,,,,,,,,,x
b_kolin,b_kolin,,Kolin,,,,,,,,,,,x
b_stare_mesto,b_stare_mesto,,Stare Mesto,,,,,,,,,,,x
b_zbraslav,b_zbraslav,,Zbraslav,,,,,,,,,,,x
c_boleslav,PROV436,,Boleslav,,,,,,,,,,,x
c_boleslav,c_boleslav_adj,,Boleslavian,,,,,,,,,,,x
b_glatz,b_glatz,,Glatz,,,,,,,,,,,x
b_nachod,b_nachod,,Nachod,,,,,,,,,,,x
b_hradiste,b_hradiste,,Hradiste,,,,,,,,,,,x
b_jicin,b_jicin,,Jicin,,,,,,,,,,,x
b_trutnov,b_trutnov,,Trutnov,,,,,,,,,,,x
b_kamieniec,b_kamieniec,,Kamieniec,,,,,,,,,,,x
b_jaromer,b_jaromer,,Jaromer,,,,,,,,,,,x
b_turnov,b_turnov,,Turnov,,,,,,,,,,,x
c_litomerice,PROV363,,Litomerice,,,,,,,,,,,x
c_litomerice,c_litomerice_adj,,Litomerician,,,,,,,,,,,x
c_litomerice,danish,,Leitmeritz,,,,,,,,,,,x
c_litomerice,german,,Leitmeritz,,,,,,,,,,,x
c_litomerice,norse,,Leitmeritz,,,,,,,,,,,x
c_litomerice,norwegian,,Leitmeritz,,,,,,,,,,,x
c_litomerice,swedish,,Leitmeritz,,,,,,,,,,,x
b_usti,b_usti,,Usti,,,,,,,,,,,x
b_zatec,b_zatec,,Zatec,,,,,,,,,,,x
b_jachymov,b_jachymov,,Jachymov,,,,,,,,,,,x
b_kadan,b_kadan,,Kadan,,,,,,,,,,,x
b_ceskalipa,b_ceskalipa,,Ceska Lipa,,,,,,,,,,,x
b_duchcov,b_duchcov,,Duchcov,,,,,,,,,,,x
b_chomutov,b_chomutov,,Chomutov,,,,,,,,,,,x
b_osek,b_osek,,Osek,,,,,,,,,,,x
c_plzen,PROV439,,Plzen,,,,,,,,,,,x
c_plzen,c_plzen_adj,,Plzenian,,,,,,,,,,,x
c_plzen,danish,,Pilsen,,,,,,,,,,,x
c_plzen,german,,Pilsen,,,,,,,,,,,x
c_plzen,norse,,Pilsen,,,,,,,,,,,x
c_plzen,norwegian,,Pilsen,,,,,,,,,,,x
c_plzen,swedish,,Pilsen,,,,,,,,,,,x
b_plzen,b_plzen,,Plzen,,,,,,,,,,,x
b_plzen,danish,,Pilsen,,,,,,,,,,,x
b_plzen,german,,Pilsen,,,,,,,,,,,x
b_plzen,norse,,Pilsen,,,,,,,,,,,x
b_plzen,norwegian,,Pilsen,,,,,,,,,,,x
b_plzen,swedish,,Pilsen,,,,,,,,,,,x
b_stribo,b_stribo,,Stribro,,,,,,,,,,,x
b_rokycany,b_rokycany,,Rokycany,,,,,,,,,,,x
b_plasy,b_plasy,,Plasy,,,,,,,,,,,x
b_pomuk,b_pomuk,,Pomuk,,,,,,,,,,,x
b_susice,b_susice,,Susice,,,,,,,,,,,x
b_tachov,b_tachov,,Tachov,,,,,,,,,,,x
b_cheb,b_cheb,,Cheb,,,,,,,,,,,x
d_moravia,d_moravia,,Moravia,,,,,,,,,,,x
d_moravia,d_moravia_adj,,Moravian,,,,,,,,,,,x
c_hradec,PROV438,,Hradec,,,,,,,,,,,x
c_hradec,c_hradec_adj,,Hradecian,,,,,,,,,,,x
b_hradeckralove,b_hradeckralove,,Hradec Kralove,,,,,,,,,,,x
b_pardubice,b_pardubice,,Pardubice,,,,,,,,,,,x
b_litomysl,b_litomysl,,Litomysl,,,,,,,,,,,x
b_zamberk,b_zamberk,,Zamberk,,,,,,,,,,,x
b_policka,b_policka,,Policka,,,,,,,,,,,x
b_jihlava,b_jihlava,,Jihlava,,,,,,,,,,,x
b_pelhrimov,b_pelhrimov,,Pelhrimov,,,,,,,,,,,x
b_chrudim,b_chrudim,,Chrudim,,,,,,,,,,,x
c_olomouc,PROV440,,Olomouc,,,,,,,,,,,x
c_olomouc,c_olomouc_adj,,Olomoucian,,,,,,,,,,,x
b_opava,b_opava,,Opava,,,,,,,,,,,x
b_olomouc,b_olomouc,,Olomouc,,,,,,,,,,,x
b_sternberk,b_sternberk,,Sternberk,,,,,,,,,,,x
b_ostrava,b_ostrava,,Ostrava,,,,,,,,,,,x
b_zabreh,b_zabreh,,Zabreh,,,,,,,,,,,x
b_moravskatrebova,b_moravskatrebova,,Moravska Trebova,,,,,,,,,,,x
b_zdar,b_zdar,,Zdar,,,,,,,,,,,x
b_unicov,b_unicov,,Unicov,,,,,,,,,,,x
c_brno,PROV441,,Brno,,,,,,,,,,,x
c_brno,c_brno_adj,,Brünnian,,,,,,,,,,,x
b_boskovice,b_boskovice,,Boskovice,,,,,,,,,,,x
b_prerov,b_prerov,,Prerov,,,,,,,,,,,x
b_velehrad,b_velehrad,,Velehrad,,,,,,,,,,,x
b_wisowitz,b_wisowitz,,Wisowitz,,,,,,,,,,,x
b_uherskebrod,b_uherskebrod,,Uhersky Brod,,,,,,,,,,,x
b_uherskehradiste,b_uherskehradiste,,Uherske Hradiste,,,,,,,,,,,x
b_kromeriz,b_kromeriz,,Kromeriz,,,,,,,,,,,x
b_zlin,b_zlin,,Zlin,,,,,,,,,,,x
d_savoie,d_savoie,,Savoy,,,,,,,,,,,x
d_savoie,d_savoie_adj,,Savoyard,,,,,,,,,,,x
c_savoie,PROV237,,Savoy,,,,,,,,,,,x
c_savoie,c_savoie_adj,,Savoian,,,,,,,,,,,x
b_savosusa,b_savosusa,,Susa,,,,,,,,,,,x
b_tarentaise,b_tarentaise,,Tarentaise,,,,,,,,,,,x
b_ciamberi,b_ciamberi,,Ciamberi,,,,,,,,,,,x
b_aosta,b_aosta,,Aosta,,,,,,,,,,,x
b_pombia,b_pombia,,Pombia,,,,,,,,,,,x
b_montjovet,b_montjovet,,Montjovet,,,,,,,,,,,x
b_vercelli,b_vercelli,,Vercelli,,,,,,,,,,,x
b_bussoleno,b_bussoleno,,Bussoleno,,,,,,,,,,,x
c_valais,PROV238,,Valais,,,,,,,,,,,x
c_valais,c_valais_adj,,Valaisian,,,,,,,,,,,x
b_brig,b_brig,,Brig,,,,,,,,,,,x
b_monthey,b_monthey,,Monthey,,,,,,,,,,,x
b_aigle,b_aigle,,Aigle,,,,,,,,,,,x
b_martigny,b_martigny,,Martigny,,,,,,,,,,,x
b_siders,b_siders,,Siders,,,,,,,,,,,x
b_sitten,b_sitten,,Sitten,,,,,,,,,,,x
b_greyerz,b_greyerz,,Greyerz,,,,,,,,,,,x
b_chateaudoex,b_chateaudoex,,Château d'Oex,,,,,,,,,,,x
c_geneve,PROV239,,Genève,,,,,,,,,,,x
c_geneve,c_geneve_adj,,Genevan,,,,,,,,,,,x
b_geneve,b_geneve,,Genève,,,,,,,,,,,x
b_romainmotier,b_romainmotier,,Romainmôtier,,,,,,,,,,,x
b_nyon,b_nyon,,Nyon,,,,,,,,,,,x
b_lausanne,b_lausanne,,Lausanne,,,,,,,,,,,x
b_echallens,b_echallens,,Échallens,,,,,,,,,,,x
b_aubonne,b_aubonne,,Aubonne,,,,,,,,,,,x
b_orbe,b_orbe,,Orbe,,,,,,,,,,,x
b_thonon,b_thonon,,Thonon,,,,,,,,,,,x
d_upper_burgundy,d_upper_burgundy,,Upper Burgundy,,,,,,,,,,,x
d_upper_burgundy,d_upper_burgundy_adj,,Upper Burgundian,,,,,,,,,,,x
c_grisons,PROV246,,Grisons,,,,,,,,,,,x
c_grisons,c_grisons_adj,,Grisonian,,,,,,,,,,,x
b_bellinzona,b_bellinzona,,Bellinzona,,,,,,,,,,,x
b_disentis,b_disentis,,Disentis,,,,,,,,,,,x
b_locarno,b_locarno,,Locarno,,,,,,,,,,,x
b_biasca,b_biasca,,Biasca,,,,,,,,,,,x
b_domo,b_domo,,Domo,,,,,,,,,,,x
b_lugano,b_lugano,,Lugano,,,,,,,,,,,x
b_musso,b_musso,,Musso,,,,,,,,,,,x
b_mendrisio,b_mendrisio,,Mendrisio,,,,,,,,,,,x
c_neuchatel,PROV241,,Neuchatel,,,,,,,,,,,x
c_neuchatel,c_neuchatel_adj,,Neuchatelian,,,,,,,,,,,x
b_neuchatel,b_neuchatel,,Neuchatel,,,,,,,,,,,x
b_stimier,b_stimier,,Saint-Imier,,,,,,,,,,,x
b_fribourg,b_fribourg,,Fribourg,,,,,,,,,,,x
b_grandson,b_grandson,,Grandson,,,,,,,,,,,x
b_yverdon,b_yverdon,,Yverdon,,,,,,,,,,,x
b_estavayer,b_estavayer,,Estavayer,,,,,,,,,,,x
b_avences,b_avences,,Avences,,,,,,,,,,,x
b_murten,b_murten,,Murten,,,,,,,,,,,x
c_bern,PROV244,,Bern,,,,,,,,,,,x
c_bern,c_bern_adj,,Bernian,,,,,,,,,,,x
b_bern,b_bern,,Bern,,,,,,,,,,,x
b_interlaken,b_interlaken,,Interlaken,,,,,,,,,,,x
b_luzern,b_luzern,,Luzern,,,,,,,,,,,x
b_biel,b_biel,,Biel,,,,,,,,,,,x
b_sempach,b_sempach,,Sempach,,,,,,,,,,,x
b_langenthal,b_langenthal,,Langenthal,,,,,,,,,,,x
b_kyburg,b_kyburg,,Kyburg,,,,,,,,,,,x
b_sursee,b_sursee,,Sursee,,,,,,,,,,,x
c_schwyz,PROV245,,Schwyz,,,,,,,,,,,x
c_schwyz,c_schwyz_adj,,Schwyzian,,,,,,,,,,,x
b_schwyz,b_schwyz,,Schwyz,,,,,,,,,,,x
b_engelberg,b_engelberg,,Engelberg,,,,,,,,,,,x
b_zurich,b_zurich,,Zürich,,,,,,,,,,,x
b_zug,b_zug,,Zug,,,,,,,,,,,x
b_altdorf,b_altdorf,,Altdorf,,,,,,,,,,,x
b_stans,b_stans,,Stans,,,,,,,,,,,x
b_glarus,b_glarus,,Glarus,,,,,,,,,,,x
b_winterthur,b_winterthur,,Winterthur,,,,,,,,,,,x
c_aargau,PROV242,,Aargau,,,,,,,,,,,x
c_aargau,c_aargau_adj,,Aargaunian,,,,,,,,,,,x
b_aargau,b_aargau,,Aargau,,,,,,,,,,,x
b_basel,b_basel,,Basel,,,,,,,,,,,x
b_solothurn,b_solothurn,,Solothurn,,,,,,,,,,,x
b_habsburg,b_habsburg,,Habsburg,,,,,,,,,,,x
b_rheinfelden,b_rheinfelden,,Rheinfelden,,,,,,,,,,,x
b_schaffhausen,b_schaffhausen,,Schaffhausen,,,,,,,,,,,x
b_lenzburg,b_lenzburg,,Lenzburg,,,,,,,,,,,x
b_laufenburg,b_laufenburg,,Laufenburg,,,,,,,,,,,x
c_besancon,PROV135,,Bourgogne,,,,,,,,,,,x
c_besancon,c_besancon_adj,,Besanconian,,,,,,,,,,,x
b_besancon,b_besancon,,Besançon,,,,,,,,,,,x
b_belfort,b_belfort,,Belfort,,,,,,,,,,,x
b_vesoul,b_vesoul,,Vesoul,,,,,,,,,,,x
b_montbeliard,b_montbeliard,,Montbéliard,,,,,,,,,,,x
b_beaucourt,b_beaucourt,,Beaucourt,,,,,,,,,,,x
b_valdahon,b_valdahon,,Valdahon,,,,,,,,,,,x
b_maiche,b_maiche,,Maîche,,,,,,,,,,,x
b_morteau,b_morteau,,Morteau,,,,,,,,,,,x
