#TITLE,KEY,VALUE,SWMH,,,,,,,,,,,x
e_rebels,e_rebels,,Rebels,,,,,,,,,,,x
e_rebels,e_rebels_adj,,Rebel,,,,,,,,,,,x
e_pirates,e_pirates,,Pirates,,,,,,,,,,,x
k_papal_state,k_papal_state,,The Papacy,,,,,,,,,,,x
k_papal_state,k_papal_state_adj,,Papal,,,,,,,,,,,x
k_papal_state,dynasty_title_names,,no,,,,,,,,,,,x
k_papal_state,foa,,POPE_FOA,,,,,,,,,,,x
k_papal_state,location_ruler_title,,yes,,,,,,,,,,,x
k_papal_state,male_names,,Alexander Anastasius Benedictus Caelestinus Callistus Clemens Eugenius Leo Gregorius Hadrianus Honorius Innocentius Ioannes Lucius Marinus Martinus Nicolaus Sergius Silvester Stephanus Urbanus Victor,,,,,,,,,,,x
k_papal_state,short_name,,yes,,,,,,,,,,,x
k_papal_state,title,,POPE,,,,,,,,,,,x
k_orthodox,k_orthodox,,The Ecumenical Patriarchate,,,,,,,,,,,x
k_orthodox,k_orthodox_adj,,Patriarchal,,,,,,,,,,,x
k_orthodox,dynasty_title_names,,no,,,,,,,,,,,x
k_orthodox,foa,,ECUMENICAL_PATRIARCH_FOA,,,,,,,,,,,x
k_orthodox,male_names,,Alexios Anastasios Arsenios Athanasios Antonios Basileios Dositheos Eustathios Eustratios Euthymios Georgios Gerasimos Germanos Gregorios Ignatios Ioannes Ioseph Isaias Isidoros Kallistos Konstantinos Kosmas Leon Loukas Makarios Manuel Matthaios Maximos Methodios Metrophanes Michael Neophytos Nephon Nikolaos Nikephoros Nilos Pavlos Philotheos Photios Polyeuktos Sergios Sisinnios Stephanos Tarasios Theodoros Theodosios Theodotos Theoleptos Theophanes Theophylaktos Tryphon Zacharias,,,,,,,,,,,x
k_orthodox,short_name,,yes,,,,,,,,,,,x
k_orthodox,title,,ECUMENICAL_PATRIARCH,,,,,,,,,,,x
e_sunni,e_sunni,,The Sunni Caliphate,,,,,,,,,,,x
e_sunni,e_sunni_adj,,Caliphal,,,,,,,,,,,x
e_sunni,foa,,CALIPH_FOA,,,,,,,,,,,x
e_sunni,short_name,,yes,,,,,,,,,,,x
e_sunni,title,,CALIPH,,,,,,,,,,,x
e_sunni,title_female,,CALIPHA,,,,,,,,,,,x
e_shiite,e_shiite,,The Shia Caliphate,,,,,,,,,,,x
e_shiite,e_shiite_adj,,Caliphal,,,,,,,,,,,x
e_shiite,foa,,CALIPH_FOA,,,,,,,,,,,x
e_shiite,short_name,,yes,,,,,,,,,,,x
e_shiite,title,,CALIPH,,,,,,,,,,,x
e_shiite,title_female,,CALIPHA,,,,,,,,,,,x
d_sunni,d_sunni,,The Sunni Caliphate,,,,,,,,,,,x
d_sunni,d_sunni_adj,,Caliphal,,,,,,,,,,,x
d_sunni,foa,,CALIPH_FOA,,,,,,,,,,,x
d_sunni,short_name,,yes,,,,,,,,,,,x
d_sunni,title,,CALIPH,,,,,,,,,,,x
d_sunni,title_female,,CALIPHA,,,,,,,,,,,x
d_shiite,d_shiite,,The Shia Caliphate,,,,,,,,,,,x
d_shiite,d_shiite_adj,,Caliphal,,,,,,,,,,,x
d_shiite,foa,,CALIPH_FOA,,,,,,,,,,,x
d_shiite,short_name,,yes,,,,,,,,,,,x
d_shiite,title,,CALIPH,,,,,,,,,,,x
d_shiite,title_female,,CALIPHA,,,,,,,,,,,x
e_golden_horde,e_golden_horde,,Golden Horde,,,,,,,,,,,x
e_golden_horde,e_golden_horde_adj,,Mongol,,,,,,,,,,,x
e_golden_horde,short_name,,yes,,,,,,,,,,,x
e_il-khanate,e_il-khanate,,Ilkhanate,,,,,,,,,,,x
e_il-khanate,e_il-khanate_adj,,Mongol,,,,,,,,,,,x
e_il-khanate,short_name,,yes,,,,,,,,,,,x
e_mongol_empire,e_mongol_empire,,Mongol Empire,,,,,,,,,,,x
e_mongol_empire,e_mongol_empire_adj,,Mongol,,,,,,,,,,,x
e_mongol_empire,short_name,,yes,,,,,,,,,,,x
e_chagatai,e_chagatai,,Chagatai,,,,,,,,,,,x
e_timurids,e_timurids,,Timurids,,,,,,,,,,,x
e_timurids,e_timurids_adj,,Timurid,,,,,,,,,,,x
e_timurids,short_name,,yes,,,,,,,,,,,x
d_knights_templar,d_knights_templar,,Knights Templar,,,,,,,,,,,x
d_knights_templar,d_knights_templar_adj,,Templar,,,,,,,,,,,x
d_knights_templar,foa,,GRANDMASTER_FOA,,,,,,,,,,,x
d_knights_templar,title,,GRANDMASTER,,,,,,,,,,,x
d_teutonic_order,d_teutonic_order,,Teutonic Order,,,,,,,,,,,x
d_teutonic_order,d_teutonic_order_adj,,Teutonic,,,,,,,,,,,x
d_teutonic_order,foa,,HOCHMEISTER_FOA,,,,,,,,,,,x
d_teutonic_order,title,,HOCHMEISTER,,,,,,,,,,,x
d_knights_hospitaler,d_knights_hospitaler,,Knights Hospitaller,,,,,,,,,,,x
d_knights_hospitaler,d_knights_hospitaler_adj,,Hospitaller,,,,,,,,,,,x
d_knights_hospitaler,foa,,GRANDMASTER_FOA,,,,,,,,,,,x
d_knights_hospitaler,title,,GRANDMASTER,,,,,,,,,,,x
d_hashshashin,d_hashshashin,,Hashshashin,,,,,,,,,,,x
d_hashshashin,d_hashshashin_adj,,Hashshashin,,,,,,,,,,,x
d_hashshashin,foa,,GRANDHEADMASTER_FOA,,,,,,,,,,,x
d_hashshashin,title,,GRANDHEADMASTER,,,,,,,,,,,x
d_bektashi,d_bektashi,,Bektashi Order,,,,,,,,,,,x
d_bektashi,d_bektashi_adj,,Bektashi,,,,,,,,,,,x
d_bektashi,foa,,GRANDHEADMASTER_FOA,,,,,,,,,,,x
d_bektashi,title,,DEDEBABA,,,,,,,,,,,x
d_haruriyyah,d_haruriyyah,,Haruriyyah,,,,,,,,,,,x
d_haruriyyah,d_haruriyyah_adj,,Haruriyyah,,,,,,,,,,,x
d_haruriyyah,foa,,GRANDHEADMASTER_FOA,,,,,,,,,,,x
d_haruriyyah,title,,DEDEBABA,,,,,,,,,,,x
d_jomsvikings,d_jomsvikings,,Jomsvikings,,,,,,,,,,,x
d_jomsvikings,d_jomsvikings_adj,,Jomsviking,,,,,,,,,,,x
d_jomsvikings,foa,,WARCHIEF_FOA,,,,,,,,,,,x
d_jomsvikings,title,,WARCHIEF,,,,,,,,,,,x
d_immortals,d_immortals,,Immortals,,,,,,,,,,,x
d_immortals,d_immortals_adj,,Immortal,,,,,,,,,,,x
d_immortals,foa,,GRANDMASTER_FOA,,,,,,,,,,,x
d_immortals,title,,GRANDMASTER,,,,,,,,,,,x
d_zealots,d_zealots,,Zealots,,,,,,,,,,,x
d_zealots,d_zealots_adj,,Zealot,,,,,,,,,,,x
d_zealots,foa,,GRANDMASTER_FOA,,,,,,,,,,,x
d_zealots,title,,GRANDMASTER,,,,,,,,,,,x
d_holy_sepulchre,d_holy_sepulchre,,Brotherhood of the Holy Sepulchre,,,,,,,,,,,x
d_holy_sepulchre,d_holy_sepulchre_adj,,Brotherhood,,,,,,,,,,,x
d_holy_sepulchre,foa,,GRANDMASTER_FOA,,,,,,,,,,,x
d_holy_sepulchre,title,,GRANDMASTER,,,,,,,,,,,x
d_saint_anthony,d_saint_anthony,,Order of Saint Anthony,,,,,,,,,,,x
d_saint_anthony,d_saint_anthony_adj,,Saint Anthony,,,,,,,,,,,x
d_saint_anthony,foa,,GRANDMASTER_FOA,,,,,,,,,,,x
d_saint_anthony,title,,GRANDMASTER,,,,,,,,,,,x
d_saint_addai,d_saint_addai,,Order of Saint Addai,,,,,,,,,,,x
d_saint_addai,d_saint_addai_adj,,Addaian,,,,,,,,,,,x
d_saint_addai,foa,,GRANDMASTER_FOA,,,,,,,,,,,x
d_saint_addai,title,,GRANDMASTER,,,,,,,,,,,x
d_sky_lords,d_sky_lords,,Lords of the Sky,,,,,,,,,,,x
d_sky_lords,d_sky_lords_adj,,Sky Lord,,,,,,,,,,,x
d_sky_lords,foa,,WARCHIEF_FOA,,,,,,,,,,,x
d_sky_lords,title,,WARCHIEF,,,,,,,,,,,x
d_spirit_guardians,d_spirit_guardians,,Spirit Guardians,,,,,,,,,,,x
d_spirit_guardians,d_spirit_guardians_adj,,Guardian,,,,,,,,,,,x
d_spirit_guardians,foa,,WARCHIEF_FOA,,,,,,,,,,,x
d_spirit_guardians,title,,WARCHIEF,,,,,,,,,,,x
d_warriors_perun,d_warriors_perun,,Warriors of Perun,,,,,,,,,,,x
d_warriors_perun,d_warriors_perun_adj,,Perun,,,,,,,,,,,x
d_warriors_perun,foa,,WARCHIEF_FOA,,,,,,,,,,,x
d_warriors_perun,title,,WARCHIEF,,,,,,,,,,,x
d_chosen_perkunas,d_chosen_perkunas,,Chosen of Perkunas,,,,,,,,,,,x
d_chosen_perkunas,d_chosen_perkunas_adj,,Perkunas,,,,,,,,,,,x
d_chosen_perkunas,foa,,WARCHIEF_FOA,,,,,,,,,,,x
d_chosen_perkunas,title,,WARCHIEF,,,,,,,,,,,x
d_sons_kaleva,d_sons_kaleva,,Sons of Kaleva,,,,,,,,,,,x
d_sons_kaleva,d_sons_kaleva_adj,,Kaleva,,,,,,,,,,,x
d_sons_kaleva,foa,,WARCHIEF_FOA,,,,,,,,,,,x
d_sons_kaleva,title,,WARCHIEF,,,,,,,,,,,x
d_huitzilopochtli,d_huitzilopochtli,,Cult of Huitzilopochtli,,,,,,,,,,,x
d_huitzilopochtli,d_huitzilopochtli_adj,,Huitzilopochtli,,,,,,,,,,,x
d_huitzilopochtli,foa,,GRANDMASTER_FOA,,,,,,,,,,,x
d_huitzilopochtli,title,,HIGHPRIEST,,,,,,,,,,,x
d_knights_santiago,d_knights_santiago,,Knights of Santiago,,,,,,,,,,,x
d_knights_santiago,d_knights_santiago_adj,,Santiago,,,,,,,,,,,x
d_knights_santiago,foa,,GRANDMASTER_FOA,,,,,,,,,,,x
d_knights_santiago,title,,GRANDMASTER,,,,,,,,,,,x
d_knights_calatrava,d_knights_calatrava,,Knights of Calatrava,,,,,,,,,,,x
d_knights_calatrava,d_knights_calatrava_adj,,Calatrava,,,,,,,,,,,x
d_knights_calatrava,foa,,GRANDMASTER_FOA,,,,,,,,,,,x
d_knights_calatrava,title,,GRANDMASTER,,,,,,,,,,,x
d_followers_arjuna,d_followers_arjuna,,Followers of Arjuna,,,,,,,,,,,x
d_followers_arjuna,d_followers_arjuna_adj,,Arjuna,,,,,,,,,,,x
d_followers_arjuna,foa,,GRANDMASTER_FOA,,,,,,,,,,,x
d_followers_arjuna,title,,GRANDMASTER,,,,,,,,,,,x
d_ashokas_chosen,d_ashokas_chosen,,Chosen of Ashoka,,,,,,,,,,,x
d_ashokas_chosen,d_ashokas_chosen_adj,,Ashoka,,,,,,,,,,,x
d_ashokas_chosen,foa,,GRANDMASTER_FOA,,,,,,,,,,,x
d_ashokas_chosen,title,,GRANDMASTER,,,,,,,,,,,x
d_bulls_rishabha,d_bulls_rishabha,,Bulls of Rishabha,,,,,,,,,,,x
d_bulls_rishabha,d_bulls_rishabha_adj,,Rishabha,,,,,,,,,,,x
d_bulls_rishabha,foa,,GRANDMASTER_FOA,,,,,,,,,,,x
d_bulls_rishabha,title,,GRANDMASTER,,,,,,,,,,,x
d_zun_warriors,d_zun_warriors,,Knights of the Sun,,,,,,,,,,,x
d_zun_warriors,d_zun_warriors_adj,,Zun,,,,,,,,,,,x
d_zun_warriors,foa,,GRANDMASTER_FOA,,,,,,,,,,,x
d_zun_warriors,title,,GRANDMASTER,,,,,,,,,,,x
d_sunni_turkic_company,d_sunni_turkic_company,,Turkmen Company,,,,,,,,,,,x
d_sunni_turkic_company,d_sunni_turkic_company_adj,,Turkmen,,,,,,,,,,,x
d_sunni_turkic_company,foa,,CAPTAIN_FOA,,,,,,,,,,,x
d_sunni_turkic_company,title,,CAPTAIN,,,,,,,,,,,x
d_sunni_cuman_company,d_sunni_cuman_company,,Khazar Company,,,,,,,,,,,x
d_sunni_cuman_company,d_sunni_cuman_company_adj,,Khazar,,,,,,,,,,,x
d_sunni_cuman_company,foa,,CAPTAIN_FOA,,,,,,,,,,,x
d_sunni_cuman_company,title,,CAPTAIN,,,,,,,,,,,x
d_sunni_berber_company,d_sunni_berber_company,,Berber Company,,,,,,,,,,,x
d_sunni_berber_company,d_sunni_berber_company_adj,,Berber,,,,,,,,,,,x
d_sunni_berber_company,foa,,CAPTAIN_FOA,,,,,,,,,,,x
d_sunni_berber_company,title,,CAPTAIN,,,,,,,,,,,x
d_sunni_bedouin_company,d_sunni_bedouin_company,,Arab Company,,,,,,,,,,,x
d_sunni_bedouin_company,d_sunni_bedouin_company_adj,,Arab,,,,,,,,,,,x
d_sunni_bedouin_company,foa,,CAPTAIN_FOA,,,,,,,,,,,x
d_sunni_bedouin_company,title,,CAPTAIN,,,,,,,,,,,x
d_shiite_turkic_company,d_shiite_turkic_company,,Turkoman Company,,,,,,,,,,,x
d_shiite_turkic_company,d_shiite_turkic_company_adj,,Turkoman,,,,,,,,,,,x
d_shiite_turkic_company,foa,,CAPTAIN_FOA,,,,,,,,,,,x
d_shiite_turkic_company,title,,CAPTAIN,,,,,,,,,,,x
d_shiite_cuman_company,d_shiite_cuman_company,,Steppe Company,,,,,,,,,,,x
d_shiite_cuman_company,d_shiite_cuman_company_adj,,Steppe,,,,,,,,,,,x
d_shiite_cuman_company,foa,,CAPTAIN_FOA,,,,,,,,,,,x
d_shiite_cuman_company,title,,CAPTAIN,,,,,,,,,,,x
d_shiite_berber_company,d_shiite_berber_company,,Tuareg Company,,,,,,,,,,,x
d_shiite_berber_company,d_shiite_berber_company_adj,,Berber,,,,,,,,,,,x
d_shiite_berber_company,foa,,CAPTAIN_FOA,,,,,,,,,,,x
d_shiite_berber_company,title,,CAPTAIN,,,,,,,,,,,x
d_shiite_bedouin_company,d_shiite_bedouin_company,,Bedouin Company,,,,,,,,,,,x
d_shiite_bedouin_company,d_shiite_bedouin_company_adj,,Bedouin,,,,,,,,,,,x
d_shiite_bedouin_company,foa,,CAPTAIN_FOA,,,,,,,,,,,x
d_shiite_bedouin_company,title,,CAPTAIN,,,,,,,,,,,x
d_white_company,d_white_company,,White Company,,,,,,,,,,,x
d_white_company,d_white_company_adj,,Mercenary,,,,,,,,,,,x
d_white_company,foa,,CAPTAIN_FOA,,,,,,,,,,,x
d_white_company,title,,CAPTAIN,,,,,,,,,,,x
d_great_company,d_great_company,,Great Company,,,,,,,,,,,x
d_great_company,d_great_company_adj,,Mercenary,,,,,,,,,,,x
d_great_company,foa,,CAPTAIN_FOA,,,,,,,,,,,x
d_great_company,title,,CAPTAIN,,,,,,,,,,,x
d_company_of_st_george,d_company_of_st_george,,Company of St. George,,,,,,,,,,,x
d_company_of_st_george,d_company_of_st_george_adj,,St. Georgian,,,,,,,,,,,x
d_company_of_st_george,foa,,CONDOTTIERO_FOA,,,,,,,,,,,x
d_company_of_st_george,title,,CONDOTTIERO,,,,,,,,,,,x
d_star_company,d_star_company,,Company of the Star,,,,,,,,,,,x
d_star_company,d_star_company_adj,,Star,,,,,,,,,,,x
d_star_company,foa,,CONDOTTIERO_FOA,,,,,,,,,,,x
d_star_company,title,,CONDOTTIERO,,,,,,,,,,,x
d_little_hat_company,d_little_hat_company,,Company of the Hat,,,,,,,,,,,x
d_little_hat_company,d_little_hat_company_adj,,Hat,,,,,,,,,,,x
d_little_hat_company,foa,,CONDOTTIERO_FOA,,,,,,,,,,,x
d_little_hat_company,title,,CONDOTTIERO,,,,,,,,,,,x
d_rose_company,d_rose_company,,Company of the Rose,,,,,,,,,,,x
d_rose_company,d_rose_company_adj,,Rose,,,,,,,,,,,x
d_rose_company,foa,,CONDOTTIERO_FOA,,,,,,,,,,,x
d_rose_company,title,,CONDOTTIERO,,,,,,,,,,,x
d_catalan_company,d_catalan_company,,Catalan Company,,,,,,,,,,,x
d_catalan_company,d_catalan_company_adj,,Catalan,,,,,,,,,,,x
d_catalan_company,foa,,CONDOTTIERO_FOA,,,,,,,,,,,x
d_catalan_company,title,,CONDOTTIERO,,,,,,,,,,,x
d_navarrese_company,d_navarrese_company,,Navarrese Company,,,,,,,,,,,x
d_navarrese_company,d_navarrese_company_adj,,Navarrese,,,,,,,,,,,x
d_navarrese_company,foa,,CONDOTTIERO_FOA,,,,,,,,,,,x
d_navarrese_company,title,,CONDOTTIERO,,,,,,,,,,,x
d_swiss_company,d_swiss_company,,Swiss Company,,,,,,,,,,,x
d_swiss_company,d_swiss_company_adj,,Swiss,,,,,,,,,,,x
d_swiss_company,foa,,CAPTAIN_FOA,,,,,,,,,,,x
d_swiss_company,title,,CAPTAIN,,,,,,,,,,,x
d_breton_company,d_breton_company,,Breton Company,,,,,,,,,,,x
d_breton_company,d_breton_company_adj,,Breton,,,,,,,,,,,x
d_breton_company,foa,,CAPTAIN_FOA,,,,,,,,,,,x
d_breton_company,title,,CAPTAIN,,,,,,,,,,,x
d_victual_brothers,d_victual_brothers,,Victual Brothers,,,,,,,,,,,x
d_victual_brothers,d_victual_brothers_adj,,Victual,,,,,,,,,,,x
d_victual_brothers,foa,,CAPTAIN_FOA,,,,,,,,,,,x
d_victual_brothers,title,,CAPTAIN,,,,,,,,,,,x
d_varangian_guard,d_varangian_guard,,Varangian Guard,,,,,,,,,,,x
d_varangian_guard,d_varangian_guard_adj,,Varangian,,,,,,,,,,,x
d_varangian_guard,foa,,CAPTAIN_FOA,,,,,,,,,,,x
d_varangian_guard,title,,CAPTAIN,,,,,,,,,,,x
d_cuman_company,d_cuman_company,,Cuman Company,,,,,,,,,,,x
d_cuman_company,d_cuman_company_adj,,Cuman,,,,,,,,,,,x
d_cuman_company,foa,,CAPTAIN_FOA,,,,,,,,,,,x
d_cuman_company,title,,CAPTAIN,,,,,,,,,,,x
d_rus_company,d_rus_company,,Rus Company,,,,,,,,,,,x
d_rus_company,d_rus_company_adj,,Rus,,,,,,,,,,,x
d_rus_company,foa,,CAPTAIN_FOA,,,,,,,,,,,x
d_rus_company,title,,CAPTAIN,,,,,,,,,,,x
d_pecheneg_company,d_pecheneg_company,,Pecheneg Company,,,,,,,,,,,x
d_pecheneg_company,d_pecheneg_company_adj,,Pecheneg,,,,,,,,,,,x
d_pecheneg_company,foa,,CAPTAIN_FOA,,,,,,,,,,,x
d_pecheneg_company,title,,CAPTAIN,,,,,,,,,,,x
d_bulgarian_company,d_bulgarian_company,,Bulgarian Company,,,,,,,,,,,x
d_bulgarian_company,d_bulgarian_company_adj,,Bulgarian,,,,,,,,,,,x
d_bulgarian_company,foa,,CAPTAIN_FOA,,,,,,,,,,,x
d_bulgarian_company,title,,CAPTAIN,,,,,,,,,,,x
d_turkic_company,d_turkic_company,,Turkic Company,,,,,,,,,,,x
d_turkic_company,d_turkic_company_adj,,Turkic,,,,,,,,,,,x
d_turkic_company,foa,,CAPTAIN_FOA,,,,,,,,,,,x
d_turkic_company,title,,CAPTAIN,,,,,,,,,,,x
d_lombard_band,d_lombard_band,,Lombard Band,,,,,,,,,,,x
d_lombard_band,d_lombard_band_adj,,Lombard,,,,,,,,,,,x
d_lombard_band,foa,,CONDOTTIERO_FOA,,,,,,,,,,,x
d_lombard_band,title,,CONDOTTIERO,,,,,,,,,,,x
d_swiss_band,d_swiss_band,,Swiss Band,,,,,,,,,,,x
d_swiss_band,d_swiss_band_adj,,Swiss,,,,,,,,,,,x
d_swiss_band,foa,,CAPTAIN_FOA,,,,,,,,,,,x
d_swiss_band,title,,CAPTAIN,,,,,,,,,,,x
d_breton_band,d_breton_band,,Breton Band,,,,,,,,,,,x
d_breton_band,d_breton_band_adj,,Breton,,,,,,,,,,,x
d_breton_band,foa,,CAPTAIN_FOA,,,,,,,,,,,x
d_breton_band,title,,CAPTAIN,,,,,,,,,,,x
d_catalan_band,d_catalan_band,,Catalan Band,,,,,,,,,,,x
d_catalan_band,d_catalan_band_adj,,Catalan,,,,,,,,,,,x
d_catalan_band,foa,,CONDOTTIERO_FOA,,,,,,,,,,,x
d_catalan_band,title,,CONDOTTIERO,,,,,,,,,,,x
d_saxon_band,d_saxon_band,,Saxon Band,,,,,,,,,,,x
d_saxon_band,d_saxon_band_adj,,Saxon,,,,,,,,,,,x
d_saxon_band,foa,,CAPTAIN_FOA,,,,,,,,,,,x
d_saxon_band,title,,CAPTAIN,,,,,,,,,,,x
d_cuman_band,d_cuman_band,,Cuman Band,,,,,,,,,,,x
d_cuman_band,d_cuman_band_adj,,Cuman,,,,,,,,,,,x
d_cuman_band,foa,,CAPTAIN_FOA,,,,,,,,,,,x
d_cuman_band,title,,CAPTAIN,,,,,,,,,,,x
d_rus_band,d_rus_band,,Rus Band,,,,,,,,,,,x
d_rus_band,d_rus_band_adj,,Rus,,,,,,,,,,,x
d_rus_band,foa,,CAPTAIN_FOA,,,,,,,,,,,x
d_rus_band,title,,CAPTAIN,,,,,,,,,,,x
d_finnish_band,d_finnish_band,,Finnish Band,,,,,,,,,,,x
d_finnish_band,d_finnish_band_adj,,Finnish,,,,,,,,,,,x
d_finnish_band,foa,,CAPTAIN_FOA,,,,,,,,,,,x
d_finnish_band,title,,CAPTAIN,,,,,,,,,,,x
d_lappish_band,d_lappish_band,,Sami Band,,,,,,,,,,,x
d_lappish_band,d_lappish_band_adj,,Sami,,,,,,,,,,,x
d_lappish_band,foa,,CAPTAIN_FOA,,,,,,,,,,,x
d_lappish_band,title,,CAPTAIN,,,,,,,,,,,x
d_lithuanian_band,d_lithuanian_band,,Lithuanian Band,,,,,,,,,,,x
d_lithuanian_band,d_lithuanian_band_adj,,Lithuanian,,,,,,,,,,,x
d_lithuanian_band,foa,,CAPTAIN_FOA,,,,,,,,,,,x
d_lithuanian_band,title,,CAPTAIN,,,,,,,,,,,x
d_abyssinian_band,d_abyssinian_band,,Abyssinian Band,,,,,,,,,,,x
d_abyssinian_band,d_abyssinian_band_adj,,Abyssinian,,,,,,,,,,,x
d_abyssinian_band,foa,,CAPTAIN_FOA,,,,,,,,,,,x
d_abyssinian_band,title,,CAPTAIN,,,,,,,,,,,x
d_nubian_band,d_nubian_band,,Nubian Band,,,,,,,,,,,x
d_nubian_band,d_nubian_band_adj,,Nubian,,,,,,,,,,,x
d_nubian_band,foa,,CAPTAIN_FOA,,,,,,,,,,,x
d_nubian_band,title,,CAPTAIN,,,,,,,,,,,x
d_scottish_band,d_scottish_band,,Scottish Band,,,,,,,,,,,x
d_scottish_band,d_scottish_band_adj,,Scottish,,,,,,,,,,,x
d_scottish_band,foa,,CAPTAIN_FOA,,,,,,,,,,,x
d_scottish_band,title,,CAPTAIN,,,,,,,,,,,x
d_irish_band,d_irish_band,,Irish Band,,,,,,,,,,,x
d_irish_band,d_irish_band_adj,,Irish,,,,,,,,,,,x
d_irish_band,foa,,CAPTAIN_FOA,,,,,,,,,,,x
d_irish_band,title,,CAPTAIN,,,,,,,,,,,x
d_alan_band,d_alan_band,,Alan Riders,,,,,,,,,,,x
d_alan_band,d_alan_band_adj,,Alan,,,,,,,,,,,x
d_alan_band,foa,,CAPTAIN_FOA,,,,,,,,,,,x
d_alan_band,title,,CAPTAIN,,,,,,,,,,,x
d_pecheneg_band,d_pecheneg_band,,Pecheneg Band,,,,,,,,,,,x
d_pecheneg_band,d_pecheneg_band_adj,,Pecheneg,,,,,,,,,,,x
d_pecheneg_band,foa,,CAPTAIN_FOA,,,,,,,,,,,x
d_pecheneg_band,title,,CAPTAIN,,,,,,,,,,,x
d_bulgarian_band,d_bulgarian_band,,Bulgarian Band,,,,,,,,,,,x
d_bulgarian_band,d_bulgarian_band_adj,,Bulgarian,,,,,,,,,,,x
d_bulgarian_band,foa,,CAPTAIN_FOA,,,,,,,,,,,x
d_bulgarian_band,title,,CAPTAIN,,,,,,,,,,,x
d_turkic_band,d_turkic_band,,Turkic Band,,,,,,,,,,,x
d_turkic_band,d_turkic_band_adj,,Turkic,,,,,,,,,,,x
d_turkic_band,foa,,CAPTAIN_FOA,,,,,,,,,,,x
d_turkic_band,title,,CAPTAIN,,,,,,,,,,,x
d_mamluks,d_mamluks,,Mamluks,,,,,,,,,,,x
d_mamluks,d_mamluks_adj,,Mamluk,,,,,,,,,,,x
d_mamluks,foa,,CAPTAIN_FOA,,,,,,,,,,,x
d_mamluks,title,,CAPTAIN,,,,,,,,,,,x
d_venetian_navy,d_venetian_navy,,Adriatic Galleys,,,,,,,,,,,x
d_venetian_navy,d_venetian_navy_adj,,Adriatic,,,,,,,,,,,x
d_venetian_navy,foa,,CAPTAIN_FOA,,,,,,,,,,,x
d_venetian_navy,short_name,,yes,,,,,,,,,,,x
d_venetian_navy,title,,CAPTAIN,,,,,,,,,,,x
d_genoese_navy,d_genoese_navy,,Ligurian Galleys,,,,,,,,,,,x
d_genoese_navy,d_genoese_navy_adj,,Ligurian,,,,,,,,,,,x
d_genoese_navy,foa,,CAPTAIN_FOA,,,,,,,,,,,x
d_genoese_navy,short_name,,yes,,,,,,,,,,,x
d_genoese_navy,title,,CAPTAIN,,,,,,,,,,,x
d_hanseatic_navy,d_hanseatic_navy,,Baltic Cogs,,,,,,,,,,,x
d_hanseatic_navy,d_hanseatic_navy_adj,,Baltic,,,,,,,,,,,x
d_hanseatic_navy,foa,,CAPTAIN_FOA,,,,,,,,,,,x
d_hanseatic_navy,short_name,,yes,,,,,,,,,,,x
d_hanseatic_navy,title,,CAPTAIN,,,,,,,,,,,x
d_frisian_navy,d_frisian_navy,,North Sea Cogs,,,,,,,,,,,x
d_frisian_navy,d_frisian_navy_adj,,North Sea,,,,,,,,,,,x
d_frisian_navy,foa,,CAPTAIN_FOA,,,,,,,,,,,x
d_frisian_navy,short_name,,yes,,,,,,,,,,,x
d_frisian_navy,title,,CAPTAIN,,,,,,,,,,,x
d_maghreb_corsairs,d_maghreb_corsairs,,Maghreb Navy,,,,,,,,,,,x
d_maghreb_corsairs,d_maghreb_corsairs_adj,,Maghreb,,,,,,,,,,,x
d_maghreb_corsairs,foa,,CAPTAIN_FOA,,,,,,,,,,,x
d_maghreb_corsairs,short_name,,yes,,,,,,,,,,,x
d_maghreb_corsairs,title,,CAPTAIN,,,,,,,,,,,x
d_ghilman,d_ghilman,,Ghilman,,,,,,,,,,,x
d_ghilman,d_ghilman_adj,,Ghilman,,,,,,,,,,,x
d_ghilman,foa,,CAPTAIN_FOA,,,,,,,,,,,x
d_ghilman,title,,CAPTAIN,,,,,,,,,,,x
d_ghanan_band,d_ghanan_band,,Ghanan Band,,,,,,,,,,,x
d_ghanan_band,d_ghanan_band_adj,,Ghanan,,,,,,,,,,,x
d_ghanan_band,foa,,CAPTAIN_FOA,,,,,,,,,,,x
d_ghanan_band,title,,CAPTAIN,,,,,,,,,,,x
e_hre,e_hre,,Holy Roman Empire,,,,,,,,,,,x
e_hre,e_hre_adj,,Holy Roman,,,,,,,,,,,x
e_hre,short_name,,yes,,,,,,,,,,,x
k_hansa,k_hansa,,The Hansa,,,,,,,,,,,x
k_hansa,k_hansa_adj,,Hanseatic,,,,,,,,,,,x
k_saxony,k_saxony,,Saxony,,,,,,,,,,,x
k_saxony,k_saxony_adj,,Saxon,,,,,,,,,,,x
e_roman_empire,e_roman_empire,,Roman Empire,,,,,,,,,,,x
e_roman_empire,e_roman_empire_adj,,Roman,,,,,,,,,,,x
e_roman_empire,short_name,,yes,,,,,,,,,,,x
e_roman_empire,title,,Emperor,,,,,,,,,,,x
e_roman_empire,title_female,,Empress,,,,,,,,,,,x
e_byzantium,e_byzantium,,Byzantine Empire,,,,,,,,,,,x
e_byzantium,e_byzantium_adj,,Byzantine,,,,,,,,,,,x
e_byzantium,short_name,,yes,,,,,,,,,,,x
k_cyprus,k_cyprus,,Cyprus,,,,,,,,,,,x
k_cyprus,k_cyprus_adj,,Cypriote,,,,,,,,,,,x
k_saruhan,k_saruhan,,Saruhan,,,,,,,,,,,x
k_saruhan,k_saruhan_adj,,Saruhani,,,,,,,,,,,x
k_trinacria,k_trinacria,,Trinacria,,,,,,,,,,,x
k_trinacria,k_trinacria_adj,,Trinacrian,,,,,,,,,,,x
k_tekke,k_tekke,,Tekke,,,,,,,,,,,x
k_trebizond,k_trebizond,,Trebizond,,,,,,,,,,,x
k_trebizond,k_trebizond_adj,,Trebizondian,,,,,,,,,,,x
k_ottoman,k_ottoman,,Ottoman Turks,,,,,,,,,,,x
k_ottoman,k_ottoman_adj,,Ottoman,,,,,,,,,,,x
k_rum,k_rum,,Rum,,,,,,,,,,,x
k_rum,k_rum_adj,,Rumite,,,,,,,,,,,x
k_rum,dynasty_title_names,,no,,,,,,,,,,,x
k_mentese,k_mentese,,Mentese,,,,,,,,,,,x
k_karaman,k_karaman,,Karaman,,,,,,,,,,,x
k_karaman,k_karaman_adj,,Karamani,,,,,,,,,,,x
k_germiyan,k_germiyan,,Germiyan,,,,,,,,,,,x
k_eretnid,k_eretnid,,Eretnid,,,,,,,,,,,x
k_aydin,k_aydin,,Aydin,,,,,,,,,,,x
k_candar,k_candar,,Candar,,,,,,,,,,,x
k_candar,k_candar_adj,,Candari,,,,,,,,,,,x
e_italy,e_italy,,Italia,,,,,,,,,,,x
e_italy,e_italy_adj,,Italian,,,,,,,,,,,x
k_genoa,k_genoa,,Genoa,,,,,,,,,,,x
k_genoa,k_genoa_adj,,Genoese,,,,,,,,,,,x
k_pisa,k_pisa,,Pisa,,,,,,,,,,,x
k_pisa,k_pisa_adj,,Pisan,,,,,,,,,,,x
k_naples,k_naples,,Naples,,,,,,,,,,,x
k_naples,k_naples_adj,,Neapolitan,,,,,,,,,,,x
k_moravia,k_moravia,,Great Moravia,,,,,,,,,,,x
k_moravia,k_moravia_adj,,Moravian,,,,,,,,,,,x
k_magyar,k_magyar,,Magyar,,,,,,,,,,,x
k_magyar,k_magyar_adj,,Magyar,,,,,,,,,,,x
k_khazaria,k_khazaria,,Khazaria,,,,,,,,,,,x
k_khazaria,k_khazaria_adj,,Khazarian,,,,,,,,,,,x
k_leon,k_leon,,León,,,,,,,,,,,x
k_leon,k_leon_adj,,Léonese,,,,,,,,,,,x
k_israel,k_israel,,Israel,,,,,,,,,,,x
k_israel,k_israel_adj,,Israelites,,,,,,,,,,,x
k_israel,dynasty_title_names,,no,,,,,,,,,,,x
k_israel,title,,KING,,,,,,,,,,,x
k_israel,title_female,,QUEEN,,,,,,,,,,,x
d_abbasid,d_abbasid,,Abbasid,,,,,,,,,,,x
d_abbasid,d_abbasid_adj,,Abbasid,,,,,,,,,,,x
d_oxford,d_oxford,,Oxford,,,,,,,,,,,x
d_oxford,d_oxford_adj,,Oxfordian,,,,,,,,,,,x
d_arabia_felix,d_arabia_felix,,Arabia Felix,,,,,,,,,,,x
d_arabia_felix,d_arabia_felix_adj,,Felician,,,,,,,,,,,x
d_arabs,d_arabs,,Arabs,,,,,,,,,,,x
d_arabs,d_arabs_adj,,Arabian,,,,,,,,,,,x
d_assassin,d_assassin,,Assassin,,,,,,,,,,,x
d_balearic,d_balearic,,Balearic,,,,,,,,,,,x
d_balearic,d_balearic_adj,,Balearic,,,,,,,,,,,x
d_belgrade,d_belgrade,,Belgrade,,,,,,,,,,,x
d_belgrade,d_belgrade_adj,,Belgradian,,,,,,,,,,,x
d_bergen,d_bergen,,Bergen,,,,,,,,,,,x
d_bergen,d_bergen_adj,,Bergener,,,,,,,,,,,x
d_bordeaux,d_bordeaux,,Bordeaux,,,,,,,,,,,x
d_bordeaux,d_bordeaux_adj,,Bordeauxian,,,,,,,,,,,x
d_braganza,d_braganza,,Braganza,,,,,,,,,,,x
d_braganza,d_braganza_adj,,Braganzan,,,,,,,,,,,x
d_butrinto,d_butrinto,,Butrinto,,,,,,,,,,,x
d_butrinto,d_butrinto_adj,,Butrintian,,,,,,,,,,,x
d_campania,d_campania,,Campania,,,,,,,,,,,x
d_campania,d_campania_adj,,Campanian,,,,,,,,,,,x
d_catalonia,d_catalonia,,Catalonia,,,,,,,,,,,x
d_catalonia,d_catalonia_adj,,Catalonian,,,,,,,,,,,x
d_chaldea,d_chaldea,,Chaldea,,,,,,,,,,,x
d_chaldea,d_chaldea_adj,,Chaldean,,,,,,,,,,,x
d_cumberland,d_cumberland,,Cumberland,,,,,,,,,,,x
d_cumberland,d_cumberland_adj,,Cumberlander,,,,,,,,,,,x
d_curonian,d_curonian,,Curonians,,,,,,,,,,,x
d_curonian,d_curonian_adj,,Curonian,,,,,,,,,,,x
d_curonian,foa,,HIGH_CHIEF_FOA,,,,,,,,,,,x
d_curonian,title,,HIGH_CHIEF,,,,,,,,,,,x
d_danes,d_danes,,Danmark,,,,,,,,,,,x
d_danes,d_danes_adj,,Danish,,,,,,,,,,,x
d_don,d_don,,Don,,,,,,,,,,,x
d_don,d_don_adj,,Donian,,,,,,,,,,,x
d_dorostotum,d_dorostotum,,Dorostotum,,,,,,,,,,,x
d_dorostotum,d_dorostotum_adj,,Dorostotian,,,,,,,,,,,x
d_el_rif,d_el_rif,,El Rif,,,,,,,,,,,x
d_el_rif,d_el_rif_adj,,El Rifan,,,,,,,,,,,x
d_el-arish,d_el-arish,,El-Arish,,,,,,,,,,,x
d_el-arish,d_el-arish_adj,,El-Arishan,,,,,,,,,,,x
d_erzerum,d_erzerum,,Erzerum,,,,,,,,,,,x
d_erzerum,d_erzerum_adj,,Erzeruman,,,,,,,,,,,x
d_estonia,d_estonia,,Estonians,,,,,,,,,,,x
d_estonia,d_estonia_adj,,Estonian,,,,,,,,,,,x
d_estonia,foa,,HIGH_CHIEF_FOA,,,,,,,,,,,x
d_estonia,title,,HIGH_CHIEF,,,,,,,,,,,x
d_galatia,d_galatia,,Galatia,,,,,,,,,,,x
d_galatia,d_galatia_adj,,Galatian,,,,,,,,,,,x
d_georgia,d_georgia,,Georgia,,,,,,,,,,,x
d_georgia,d_georgia_adj,,Georgian,,,,,,,,,,,x
d_gilan,d_gilan,,Gilan,,,,,,,,,,,x
d_gilan,d_gilan_adj,,Gilani,,,,,,,,,,,x
d_geats,d_geats,,Gauthiod,,,,,,,,,,,x
d_geats,d_geats_adj,,Geatish,,,,,,,,,,,x
d_hellas,d_hellas,,Hellas,,,,,,,,,,,x
d_hellas,d_hellas_adj,,Hellenite,,,,,,,,,,,x
d_ikonion,d_ikonion,,Ikonion,,,,,,,,,,,x
d_ikonion,d_ikonion_adj,,Ikonian,,,,,,,,,,,x
d_ingers,d_ingers,,Ingrians,,,,,,,,,,,x
d_ingers,d_ingers_adj,,Ingrian,,,,,,,,,,,x
d_ingers,foa,,HIGH_CHIEF_FOA,,,,,,,,,,,x
d_ingers,title,,HIGH_CHIEF,,,,,,,,,,,x
d_kajaneborg,d_kajaneborg,,Kvens,,,,,,,,,,,x
d_kajaneborg,d_kajaneborg_adj,,Kven,,,,,,,,,,,x
d_kajaneborg,foa,,HIGH_CHIEF_FOA,,,,,,,,,,,x
d_kajaneborg,title,,HIGH_CHIEF,,,,,,,,,,,x
d_kappadokia,d_kappadokia,,Kappadokia,,,,,,,,,,,x
d_kappadokia,d_kappadokia_adj,,Kappadokian,,,,,,,,,,,x
d_karnten,d_karnten,,Karnten,,,,,,,,,,,x
d_karnten,d_karnten_adj,,Karntenite,,,,,,,,,,,x
d_kexholm,d_kexholm,,Käkisalmians,,,,,,,,,,,x
d_kexholm,d_kexholm_adj,,Käkisalmian,,,,,,,,,,,x
d_kexholm,foa,,HIGH_CHIEF_FOA,,,,,,,,,,,x
d_kexholm,title,,HIGH_CHIEF,,,,,,,,,,,x
d_khazars,d_khazars,,Khazars,,,,,,,,,,,x
d_khazars,d_khazars_adj,,Khazarian,,,,,,,,,,,x
d_kirkuk,d_kirkuk,,Kirkuk,,,,,,,,,,,x
d_kirkuk,d_kirkuk_adj,,Kirkukian,,,,,,,,,,,x
d_sami,d_sami,,Sami,,,,,,,,,,,x
d_sami,d_sami_adj,,Sami,,,,,,,,,,,x
d_sami,foa,,HIGH_CHIEF_FOA,,,,,,,,,,,x
d_sami,title,,HIGH_CHIEF,,,,,,,,,,,x
d_krakow,d_krakow,,Krakow,,,,,,,,,,,x
d_krakow,d_krakow_adj,,Krakowan,,,,,,,,,,,x
d_laodikeia,d_laodikeia,,Laodikeia,,,,,,,,,,,x
d_laodikeia,d_laodikeia_adj,,Laodikeian,,,,,,,,,,,x
d_lettigalians,d_lettigalians,,Lettigallians,,,,,,,,,,,x
d_lettigalians,d_lettigalians_adj,,Lettigallian,,,,,,,,,,,x
d_lettigalians,foa,,HIGH_CHIEF_FOA,,,,,,,,,,,x
d_lettigalians,title,,HIGH_CHIEF,,,,,,,,,,,x
d_luristan,d_luristan,,Luristan,,,,,,,,,,,x
d_luristan,d_luristan_adj,,Luristani,,,,,,,,,,,x
d_lut,d_lut,,Lut,,,,,,,,,,,x
d_lut,d_lut_adj,,Lutan,,,,,,,,,,,x
d_lykia,d_lykia,,Lykia,,,,,,,,,,,x
d_lykia,d_lykia_adj,,Lykian,,,,,,,,,,,x
d_mar,d_mar,,Mar,,,,,,,,,,,x
d_mar,d_mar_adj,,Maran,,,,,,,,,,,x
d_milano,d_milano,,Milano,,,,,,,,,,,x
d_milano,d_milano_adj,,Milanese,,,,,,,,,,,x
d_minsk,d_minsk,,Minsk,,,,,,,,,,,x
d_minsk,d_minsk_adj,,Minskian,,,,,,,,,,,x
d_muromians,d_muromians,,Muromians,,,,,,,,,,,x
d_muromians,d_muromians_adj,,Muromian,,,,,,,,,,,x
d_muromians,foa,,HIGH_CHIEF_FOA,,,,,,,,,,,x
d_muromians,title,,HIGH_CHIEF,,,,,,,,,,,x
d_nikomedeia,d_nikomedeia,,Nikomedeia,,,,,,,,,,,x
d_nikomedeia,d_nikomedeia_adj,,Nikomedeian,,,,,,,,,,,x
d_pechenegs,d_pechenegs,,Pecheneg,,,,,,,,,,,x
d_pechenegs,d_pechenegs_adj,,Pecheneg,,,,,,,,,,,x
d_pressburg,d_pressburg,,Pressburg,,,,,,,,,,,x
d_pressburg,d_pressburg_adj,,Pressburger,,,,,,,,,,,x
d_pronsk,d_pronsk,,Pronsk,,,,,,,,,,,x
d_pronsk,d_pronsk_adj,,Pronskian,,,,,,,,,,,x
d_pruthenians,d_pruthenians,,Pruthenians,,,,,,,,,,,x
d_pruthenians,d_pruthenians_adj,,Pruthenian,,,,,,,,,,,x
d_pruthenians,foa,,HIGH_CHIEF_FOA,,,,,,,,,,,x
d_pruthenians,title,,HIGH_CHIEF,,,,,,,,,,,x
d_qom,d_qom,,Qom,,,,,,,,,,,x
d_qom,d_qom_adj,,Qomite,,,,,,,,,,,x
d_romagna,d_romagna,,Romagna,,,,,,,,,,,x
d_romagna,d_romagna_adj,,Romagnan,,,,,,,,,,,x
d_salamanca,d_salamanca,,Salamanca,,,,,,,,,,,x
d_salamanca,d_salamanca_adj,,Salamancan,,,,,,,,,,,x
d_sames,d_sames,,Saamod,,,,,,,,,,,x
d_sames,d_sames_adj,,Saamod,,,,,,,,,,,x
d_sames,foa,,HIGH_CHIEF_FOA,,,,,,,,,,,x
d_sames,title,,HIGH_CHIEF,,,,,,,,,,,x
d_sandomiersk,d_sandomiersk,,Sandomiersk,,,,,,,,,,,x
d_sandomiersk,d_sandomiersk_adj,,Sandomierskan,,,,,,,,,,,x
d_satakunta,d_satakunta,,Satakuntans,,,,,,,,,,,x
d_satakunta,d_satakunta_adj,,Satakuntan,,,,,,,,,,,x
d_satakunta,foa,,HIGH_CHIEF_FOA,,,,,,,,,,,x
d_satakunta,title,,HIGH_CHIEF,,,,,,,,,,,x
d_shiraz,d_shiraz,,Shiraz,,,,,,,,,,,x
d_shiraz,d_shiraz_adj,,Shirazite,,,,,,,,,,,x
d_sinope,d_sinope,,Sinope,,,,,,,,,,,x
d_sinope,d_sinope_adj,,Sinopian,,,,,,,,,,,x
d_slovakia,d_slovakia,,Slovakia,,,,,,,,,,,x
d_slovakia,d_slovakia_adj,,Slovakian,,,,,,,,,,,x
d_sweden,d_sweden,,Svithjod,,,,,,,,,,,x
d_sweden,d_sweden_adj,,Swedish,,,,,,,,,,,x
d_swiss,d_swiss,,Switzerland,,,,,,,,,,,x
d_swiss,d_swiss_adj,,Swiss,,,,,,,,,,,x
d_tavasts,d_tavasts,,Tavastians,,,,,,,,,,,x
d_tavasts,d_tavasts_adj,,Tavastian,,,,,,,,,,,x
d_tavasts,foa,,HIGH_CHIEF_FOA,,,,,,,,,,,x
d_tavasts,title,,HIGH_CHIEF,,,,,,,,,,,x
d_meryas,d_meryas,,Meryas,,,,,,,,,,,x
d_meryas,d_meryas_adj,,Meryan,,,,,,,,,,,x
d_meryas,foa,,HIGH_CHIEF_FOA,,,,,,,,,,,x
d_meryas,title,,HIGH_CHIEF,,,,,,,,,,,x
d_veps,d_veps,,Veps,,,,,,,,,,,x
d_veps,d_veps_adj,,Vep,,,,,,,,,,,x
d_veps,foa,,HIGH_CHIEF_FOA,,,,,,,,,,,x
d_veps,title,,HIGH_CHIEF,,,,,,,,,,,x
d_meshcheras,d_meshcheras,,Meshcheras,,,,,,,,,,,x
d_meshcheras,d_meshcheras_adj,,Meshcheran,,,,,,,,,,,x
d_meshcheras,foa,,HIGH_CHIEF_FOA,,,,,,,,,,,x
d_meshcheras,title,,HIGH_CHIEF,,,,,,,,,,,x
d_ural,d_ural,,Ural,,,,,,,,,,,x
d_ural,d_ural_adj,,Uralian,,,,,,,,,,,x
d_varna,d_varna,,Varna,,,,,,,,,,,x
d_varna,d_varna_adj,,Varnan,,,,,,,,,,,x
d_wielkopolska,d_wielkopolska,,Wielkopolska,,,,,,,,,,,x
d_wielkopolska,d_wielkopolska_adj,,Wielkopolskan,,,,,,,,,,,x
d_vlachs,d_vlachs,,Vlachs,,,,,,,,,,,x
d_vlachs,d_vlachs_adj,,Vlachite,,,,,,,,,,,x
d_volga,d_volga,,Volga,,,,,,,,,,,x
d_volga,d_volga_adj,,Volgan,,,,,,,,,,,x
d_votes,d_votes,,Votes,,,,,,,,,,,x
d_votes,d_votes_adj,,Vote,,,,,,,,,,,x
d_votes,foa,,HIGH_CHIEF_FOA,,,,,,,,,,,x
d_votes,title,,HIGH_CHIEF,,,,,,,,,,,x
d_zara,d_zara,,Zara,,,,,,,,,,,x
d_zara,d_zara_adj,,Zaran,,,,,,,,,,,x
d_zaragoza,d_zaragoza,,Zaragoza,,,,,,,,,,,x
d_zaragoza,d_zaragoza_adj,,Zaragozan,,,,,,,,,,,x
d_zemigalians,d_zemigalians,,Zemigallians,,,,,,,,,,,x
d_zemigalians,d_zemigalians_adj,,Zemigallian,,,,,,,,,,,x
d_zemigalians,foa,,HIGH_CHIEF_FOA,,,,,,,,,,,x
d_zemigalians,title,,HIGH_CHIEF,,,,,,,,,,,x
d_lendians,d_lendians,,Lendians,,,,,,,,,,,x
d_lendians,d_lendians_adj,,Lendian,,,,,,,,,,,x
d_lendians,foa,,HIGH_CHIEF_FOA,,,,,,,,,,,x
d_lendians,title,,HIGH_CHIEF,,,,,,,,,,,x
d_kryvians,d_kryvians,,Kryvians,,,,,,,,,,,x
d_kryvians,d_kryvians_adj,,Kryvian,,,,,,,,,,,x
d_kryvians,foa,,HIGH_CHIEF_FOA,,,,,,,,,,,x
d_kryvians,title,,HIGH_CHIEF,,,,,,,,,,,x
d_ilmenians,d_ilmenians,,Ilmenians,,,,,,,,,,,x
d_ilmenians,d_ilmenians_adj,,Ilmenian,,,,,,,,,,,x
d_ilmenians,foa,,HIGH_CHIEF_FOA,,,,,,,,,,,x
d_ilmenians,title,,HIGH_CHIEF,,,,,,,,,,,x
d_severians,d_severians,,Severians,,,,,,,,,,,x
d_severians,d_severians_adj,,Severian,,,,,,,,,,,x
d_severians,foa,,HIGH_CHIEF_FOA,,,,,,,,,,,x
d_severians,title,,HIGH_CHIEF,,,,,,,,,,,x
d_vyatichi,d_vyatichi,,Vyatichi,,,,,,,,,,,x
d_vyatichi,d_vyatichi_adj,,Vyatich,,,,,,,,,,,x
d_vyatichi,foa,,HIGH_CHIEF_FOA,,,,,,,,,,,x
d_vyatichi,title,,HIGH_CHIEF,,,,,,,,,,,x
d_dregovichi,d_dregovichi,,Dregovichi,,,,,,,,,,,x
d_dregovichi,foa,,HIGH_CHIEF_FOA,,,,,,,,,,,x
d_dregovichi,title,,HIGH_CHIEF,,,,,,,,,,,x
d_radimichi,d_radimichi,,Radimichi,,,,,,,,,,,x
d_radimichi,foa,,HIGH_CHIEF_FOA,,,,,,,,,,,x
d_radimichi,title,,HIGH_CHIEF,,,,,,,,,,,x
d_glomacze,d_glomacze,,Glomacze,,,,,,,,,,,x
d_glomacze,d_glomacze_adj,,Glomacz,,,,,,,,,,,x
d_glomacze,foa,,HIGH_CHIEF_FOA,,,,,,,,,,,x
d_glomacze,title,,HIGH_CHIEF,,,,,,,,,,,x
d_sorbs,d_sorbs,,Sorbs,,,,,,,,,,,x
d_sorbs,d_sorbs_adj,,Sorbian,,,,,,,,,,,x
d_sorbs,foa,,HIGH_CHIEF_FOA,,,,,,,,,,,x
d_sorbs,title,,HIGH_CHIEF,,,,,,,,,,,x
d_obotrites,d_obotrites,,Obotrites,,,,,,,,,,,x
d_obotrites,d_obotrites_adj,,Obotrite,,,,,,,,,,,x
d_obotrites,foa,,HIGH_CHIEF_FOA,,,,,,,,,,,x
d_obotrites,title,,HIGH_CHIEF,,,,,,,,,,,x
k_pechenegs,k_pechenegs,,Pechenegs,,,,,,,,,,,x
k_pechenegs,k_pechenegs_adj,,Pecheneg,,,,,,,,,,,x
k_almohad,k_almohad,,Almohad,,,,,,,,,,,x
k_almohad,k_almohad_adj,,Almohad,,,,,,,,,,,x
k_al-murabitids,k_al-murabitids,,Al-Murabitids,,,,,,,,,,,x
k_al-murabitids,k_al-murabitids_adj,,Al-Murabitid,,,,,,,,,,,x
k_beni_helal,k_beni_helal,,Beni Helal,,,,,,,,,,,x
k_beni_helal,k_beni_helal_adj,,Beni Helali,,,,,,,,,,,x
k_fatimids,k_fatimids,,Fatimids,,,,,,,,,,,x
k_fatimids,k_fatimids_adj,,Fatimid,,,,,,,,,,,x
k_hammadid,k_hammadid,,Hammadid,,,,,,,,,,,x
k_kafsid,k_kafsid,,Kafsid,,,,,,,,,,,x
k_marinid,k_marinid,,Marinid,,,,,,,,,,,x
k_bosnia,k_bosnia,,Bosnia,,,,,,,,,,,x
k_bosnia,k_bosnia_adj,,Bosnian,,,,,,,,,,,x
e_seljuk_turks,e_seljuk_turks,,Seljuk Empire,,,,,,,,,,,x
e_seljuk_turks,short_name,,yes,,,,,,,,,,,x
k_zenata,k_zenata,,Zenata,,,,,,,,,,,x
k_zenata,k_zenata_adj,,Zenatan,,,,,,,,,,,x
k_zirid,k_zirid,,Zirid,,,,,,,,,,,x
k_ziyanids,k_ziyanids,,Ziyanids,,,,,,,,,,,x
k_ziyanids,k_ziyanids_adj,,Ziyanid,,,,,,,,,,,x
k_avaria,k_avaria,,Avaria,,,,,,,,,,,x
k_avaria,k_avaria_adj,,Avarian,,,,,,,,,,,x
k_lombardy,k_lombardy,,Lombardy,,,,,,,,,,,x
k_lombardy,k_lombardy_adj,,Lombard,,,,,,,,,,,x
d_amalfi,d_amalfi,,Amalfi,,,,,,,,,,,x
d_amalfi,d_amalfi_adj,,Amalfitan,,,,,,,,,,,x
e_latin_empire,e_latin_empire,,Latin Empire,,,,,,,,,,,x
e_latin_empire,e_latin_empire_adj,,Latin,,,,,,,,,,,x
e_latin_empire,short_name,,yes,,,,,,,,,,,x
d_miaphysite,d_miaphysite,,The Miaphysite Papacy,,,,,,,,,,,x
d_miaphysite,d_miaphysite_adj,,Coptic Papal,,,,,,,,,,,x
d_miaphysite,dynasty_title_names,,no,,,,,,,,,,,x
d_miaphysite,foa,,POPE_FOA,,,,,,,,,,,x
d_miaphysite,male_names,,Abraham Alexandros Alexios Agatho Anastasios Andronikos Athanasios Benjamin Christodolos Cosmas Kyril Damian Demetrius Dioscorus Gabriel Yohannes Iosephos Isaakios Iakobos Makarios Markianos Markos Matheos Khail Mina Petros Philotheos Shenouda Simeon Theodoros Theophilus Timotheos Zacharias,,,,,,,,,,,x
d_miaphysite,short_name,,yes,,,,,,,,,,,x
d_miaphysite,title,,COPTIC_POPE,,,,,,,,,,,x
d_monophysite,d_monophysite,,The Monophysite Papacy,,,,,,,,,,,x
d_monophysite,d_monophysite_adj,,Monophysite Papal,,,,,,,,,,,x
d_monophysite,dynasty_title_names,,no,,,,,,,,,,,x
d_monophysite,foa,,POPE_FOA,,,,,,,,,,,x
d_monophysite,male_names,,Abraham Alexandros Alexios Agatho Anastasius Andronicus Athanasios Benjamin Christodolos Cosmas Cyril Damian Demetrius Dioscorus Gabriel Ioannes Iosephos Isaakios Iakobos Makarios Markianos Matheos Michail Mina Petros Philotheos Shenouda Simeon Theodoros Theophilus Timotheos Zacharias,,,,,,,,,,,x
d_monophysite,short_name,,yes,,,,,,,,,,,x
d_monophysite,title,,MONOPHYSITE_POPE,,,,,,,,,,,x
d_nestorian,d_nestorian,,The Patriarchate of the East,,,,,,,,,,,x
d_nestorian,d_nestorian_adj,,Eastern Patriarchal,,,,,,,,,,,x
d_nestorian,dynasty_title_names,,no,,,,,,,,,,,x
d_nestorian,foa,,ECUMENICAL_PATRIARCH_FOA,,,,,,,,,,,x
d_nestorian,male_names,,Aba Abraham Eliya Denha Emmanuel Giwargis Hnanisho Ishoyahb Makkikha Maremmeh Pethion Sabrisho Shemon Sargis Surin Theodosios Timotheos Yahballaha Yohannan,,,,,,,,,,,x
d_nestorian,short_name,,yes,,,,,,,,,,,x
d_nestorian,title,,PATRIARCH_IN_THE_EAST,,,,,,,,,,,x
d_paulician,d_paulician,,The Paulician Patriarchate,,,,,,,,,,,x
d_paulician,d_paulician_adj,,Paulician,,,,,,,,,,,x
d_paulician,dynasty_title_names,,no,,,,,,,,,,,x
d_paulician,foa,,ECUMENICAL_PATRIARCH_FOA,,,,,,,,,,,x
d_paulician,male_names,,Alexios Alexandros Anastasios Anthimos Athanasios Antonios Basileios Dionysios Dositheos Eustathios Eustratios Euthymios Gabriel Gennadios Georgios Gerasimos Germanos Gregorios Ieremias Ignatios Ioakeim Ioannes Ioseph Isidoros Kallinikos Kallistos Konstantinos Kosmas Kyrillos Leon Leontios Loukas Makarios Manuel Markos Matthaios Maximos Meletios Methodios Metrophanes Michael Neophytos Nephon Nikephoros Niketas Nikolaos Pavlos Petros Photios Polykarpos Sergios Stephanos Sophronios Theodoros Theodosios Theodotos Theophylaktos Thomas Timotheos,,,,,,,,,,,x
d_paulician,short_name,,yes,,,,,,,,,,,x
d_paulician,title,,PAULICIAN_PATRIARCH,,,,,,,,,,,x
d_monothelite,d_monothelite,,The Monothelite Patriarchate,,,,,,,,,,,x
d_monothelite,d_monothelite_adj,,Monothelite Patriarchal,,,,,,,,,,,x
d_monothelite,dynasty_title_names,,no,,,,,,,,,,,x
d_monothelite,foa,,ECUMENICAL_PATRIARCH_FOA,,,,,,,,,,,x
d_monothelite,male_names,,Alexios Alexandros Anastasios Anthimos Athanasios Antonios Basileios Dionysios Dositheos Eustathios Eustratios Euthymios Gabriel Gennadios Georgios Gerasimos Germanos Gregorios Ieremias Ignatios Ioakeim Ioannes Ioseph Isidoros Kallinikos Kallistos Konstantinos Kosmas Kyrillos Leon Leontios Loukas Makarios Manuel Markos Matthaios Maximos Meletios Methodios Metrophanes Michael Neophytos Nephon Nikephoros Niketas Nikolaos Pavlos Petros Photios Polykarpos Sergios Stephanos Sophronios Theodoros Theodosios Theodotos Theophylaktos Thomas Timotheos,,,,,,,,,,,x
d_monothelite,short_name,,yes,,,,,,,,,,,x
d_monothelite,title,,MONOTHELITE_PATRIARCH,,,,,,,,,,,x
d_fraticelli,d_fraticelli,,The Fraticelli Papacy,,,,,,,,,,,x
d_fraticelli,d_fraticelli_adj,,Fraticelli Papal,,,,,,,,,,,x
d_fraticelli,dynasty_title_names,,no,,,,,,,,,,,x
d_fraticelli,foa,,POPE_FOA,,,,,,,,,,,x
d_fraticelli,location_ruler_title,,yes,,,,,,,,,,,x
d_fraticelli,male_names,,John Gregory Benedict Clement Innocent Leo Pius Stephen Boniface Urban Alexander Adrian Paul Celestine Martin Nicholas Sixtus Felix Sergius Anastasius Honorius Eugene Sylvester Victor Lucius Callixtus Julius Pelagius Adeodatus Theodore Marinus Agapetus Damasus Paschal Gelasius Marcellus John Paul Anacletus Evaristus Telesphorus Hyginus Anicetus Mark Hilarius Simplicius Symmachus Hormisdas Silverius Vigilius Sabinian Severinus Vitalian Donus Agatho Conon Sisinnius Constantine Zachary Valentine Formosus Romanus Lando,,,,,,,,,,,x
d_fraticelli,short_name,,yes,,,,,,,,,,,x
d_fraticelli,title,,POPE,,,,,,,,,,,x
d_iconoclast,d_iconoclast,,The Iconoclast Patriarchate,,,,,,,,,,,x
d_iconoclast,d_iconoclast_adj,,Iconoclast Patriarchal,,,,,,,,,,,x
d_iconoclast,dynasty_title_names,,no,,,,,,,,,,,x
d_iconoclast,foa,,ECUMENICAL_PATRIARCH_FOA,,,,,,,,,,,x
d_iconoclast,male_names,,Alexios Alexandros Anastasios Anthimos Athanasios Antonios Basileios Dionysios Dositheos Eustathios Eustratios Euthymios Gabriel Gennadios Georgios Gerasimos Germanos Gregorios Ieremias Ignatios Ioakeim Ioannes Ioseph Isidoros Kallinikos Kallistos Konstantinos Kosmas Kyrillos Leon Leontios Loukas Makarios Manuel Markos Matthaios Maximos Meletios Methodios Metrophanes Michael Neophytos Nephon Nikephoros Niketas Nikolaos Pavlos Petros Photios Polykarpos Sergios Stephanos Sophronios Theodoros Theodosios Theodotos Theophylaktos Thomas Timotheos,,,,,,,,,,,x
d_iconoclast,short_name,,yes,,,,,,,,,,,x
d_iconoclast,title,,ECUMENICAL_PATRIARCH,,,,,,,,,,,x
d_yazidi,d_yazidi,,The Yazidi Sheikhdom,,,,,,,,,,,x
d_yazidi,d_yazidi_adj,,Yazidi,,,,,,,,,,,x
d_yazidi,foa,,CALIPH_FOA,,,,,,,,,,,x
d_yazidi,short_name,,yes,,,,,,,,,,,x
d_yazidi,title,,SHEIKH,,,,,,,,,,,x
d_yazidi,title_female,,SHEIKHA,,,,,,,,,,,x
d_ibadi,d_ibadi,,The Ibadi Caliphate,,,,,,,,,,,x
d_ibadi,d_ibadi_adj,,Ibadi Caliphal,,,,,,,,,,,x
d_ibadi,foa,,CALIPH_FOA,,,,,,,,,,,x
d_ibadi,short_name,,yes,,,,,,,,,,,x
d_ibadi,title,,CALIPH,,,,,,,,,,,x
d_ibadi,title_female,,CALIPHA,,,,,,,,,,,x
d_kharijite,d_kharijite,,The Kharijite Caliphate,,,,,,,,,,,x
d_kharijite,d_kharijite_adj,,Kharijite Caliphal,,,,,,,,,,,x
d_kharijite,foa,,CALIPH_FOA,,,,,,,,,,,x
d_kharijite,short_name,,yes,,,,,,,,,,,x
d_kharijite,title,,CALIPH,,,,,,,,,,,x
d_kharijite,title_female,,CALIPHA,,,,,,,,,,,x
d_hurufi,d_hurufi,,The Hurufi Skeikhdom,,,,,,,,,,,x
d_hurufi,d_hurufi_adj,,Hurufi,,,,,,,,,,,x
d_hurufi,foa,,CALIPH_FOA,,,,,,,,,,,x
d_hurufi,short_name,,yes,,,,,,,,,,,x
d_hurufi,title,,CALIPH,,,,,,,,,,,x
d_hurufi,title_female,,CALIPHA,,,,,,,,,,,x
e_mexikha,e_mexikha,,Aztec Empire,,,,,,,,,,,x
e_mexikha,e_mexikha_adj,,Aztec,,,,,,,,,,,x
e_mexikha,short_name,,yes,,,,,,,,,,,x
d_socotra,d_socotra,,Socotra,,,,,,,,,,,x
b_dandolo,b_dandolo,,Dandolo,,,,,,,,,,,x
b_contarini,b_contarini,,Contarini,,,,,,,,,,,x
b_faliero,b_faliero,,Faliero,,,,,,,,,,,x
b_morosini,b_morosini,,Morosini,,,,,,,,,,,x
b_ziani,b_ziani,,Ziani,,,,,,,,,,,x
b_candiano,b_candiano,,Candiano,,,,,,,,,,,x
b_orsoleo,b_orsoleo,,Orsoleo,,,,,,,,,,,x
b_participazio,b_participazio,,Participazio,,,,,,,,,,,x
b_tribuno,b_tribuno,,Tribuno,,,,,,,,,,,x
b_tradonico,b_tradonico,,Tradonico,,,,,,,,,,,x
b_antenoreo,b_antenoreo,,Antenoreo,,,,,,,,,,,x
b_galbaio,b_galbaio,,Galbaio,,,,,,,,,,,x
b_monegario,b_monegario,,Monegario,,,,,,,,,,,x
b_gaulo,b_gaulo,,Gaulo,,,,,,,,,,,x
b_doria,b_doria,,Doria,,,,,,,,,,,x
b_spinola,b_spinola,,Spinola,,,,,,,,,,,x
b_grimaldi,b_grimaldi,,Grimaldi,,,,,,,,,,,x
b_fieschi,b_fieschi,,Fieschi,,,,,,,,,,,x
b_embriaco,b_embriaco,,Embriaco,,,,,,,,,,,x
b_dappiano,b_dappiano,,Dappiano,,,,,,,,,,,x
b_della_gherardesca,b_della_gherardesca,,Della Gherardesca,,,,,,,,,,,x
b_visconti,b_visconti,,Visconti,,,,,,,,,,,x
b_alliata,b_alliata,,Alliata,,,,,,,,,,,x
b_caetani,b_caetani,,Caetani,,,,,,,,,,,x
b_bardewik,b_bardewik,,Bardewik,,,,,,,,,,,x
b_vorrade,b_vorrade,,Vorrade,,,,,,,,,,,x
b_warendorp,b_warendorp,,Warendorp,,,,,,,,,,,x
b_pat_luneburg,b_pat_luneburg,,Lüneburg,,,,,,,,,,,x
b_wittenborg,b_wittenborg,,Wittenborg,,,,,,,,,,,x
b_stenkyrka,b_stenkyrka,,Stenkyrka,,,,,,,,,,,x
b_guldsmed,b_guldsmed,,Guldsmed,,,,,,,,,,,x
b_hejnum,b_hejnum,,Hejnum,,,,,,,,,,,x
b_gildehusen,b_gildehusen,,Gildehusen,,,,,,,,,,,x
b_strabain,b_strabain,,Strabain,,,,,,,,,,,x
b_konstantios,b_konstantios,,Konstantios,,,,,,,,,,,x
b_mauro,b_mauro,,Mauro,,,,,,,,,,,x
b_musco,b_musco,,Musco,,,,,,,,,,,x
b_polkarios,b_polkarios,,Polkarios,,,,,,,,,,,x
b_urso,b_urso,,Urso,,,,,,,,,,,x
b_amalfinos,b_amalfinos,,Amalfinos,,,,,,,,,,,x
b_manginos,b_manginos,,Manginos,,,,,,,,,,,x
b_kanakares,b_kanakares,,Kanakares,,,,,,,,,,,x
b_sorrenti,b_sorrenti,,Sorrenti,,,,,,,,,,,x
b_ravelli,b_ravelli,,Ravelli,,,,,,,,,,,x
d_norse_pagan_reformed,d_norse_pagan_reformed,,The Fylkirate,,,,,,,,,,,x
d_norse_pagan_reformed,d_norse_pagan_reformed_adj,,Norse,,,,,,,,,,,x
d_norse_pagan_reformed,dynasty_title_names,,no,,,,,,,,,,,x
d_norse_pagan_reformed,foa,,FYLKIR_FOA,,,,,,,,,,,x
d_norse_pagan_reformed,short_name,,yes,,,,,,,,,,,x
d_norse_pagan_reformed,title,,FYLKIR,,,,,,,,,,,x
d_norse_pagan_reformed,title_female,,FYLKJA,,,,,,,,,,,x
d_tengri_pagan_reformed,d_tengri_pagan_reformed,,The Tengri Church,,,,,,,,,,,x
d_tengri_pagan_reformed,d_tengri_pagan_reformed_adj,,Tengri,,,,,,,,,,,x
d_tengri_pagan_reformed,dynasty_title_names,,no,,,,,,,,,,,x
d_tengri_pagan_reformed,foa,,HEAD_PRIEST_FOA,,,,,,,,,,,x
d_tengri_pagan_reformed,short_name,,yes,,,,,,,,,,,x
d_tengri_pagan_reformed,title,,HEAD_PRIEST,,,,,,,,,,,x
d_tengri_pagan_reformed,title_female,,HEAD_PRIESTESS,,,,,,,,,,,x
d_baltic_pagan_reformed,d_baltic_pagan_reformed,,The Romuvan Church,,,,,,,,,,,x
d_baltic_pagan_reformed,d_baltic_pagan_reformed_adj,,Romuva,,,,,,,,,,,x
d_baltic_pagan_reformed,dynasty_title_names,,no,,,,,,,,,,,x
d_baltic_pagan_reformed,foa,,HEAD_PRIEST_FOA,,,,,,,,,,,x
d_baltic_pagan_reformed,short_name,,yes,,,,,,,,,,,x
d_baltic_pagan_reformed,title,,HEAD_PRIEST,,,,,,,,,,,x
d_baltic_pagan_reformed,title_female,,HEAD_PRIESTESS,,,,,,,,,,,x
d_finnish_pagan_reformed,d_finnish_pagan_reformed,,The Suomenusko Church,,,,,,,,,,,x
d_finnish_pagan_reformed,d_finnish_pagan_reformed_adj,,Suomenusko,,,,,,,,,,,x
d_finnish_pagan_reformed,dynasty_title_names,,no,,,,,,,,,,,x
d_finnish_pagan_reformed,foa,,HEAD_PRIEST_FOA,,,,,,,,,,,x
d_finnish_pagan_reformed,short_name,,yes,,,,,,,,,,,x
d_finnish_pagan_reformed,title,,HEAD_PRIEST,,,,,,,,,,,x
d_finnish_pagan_reformed,title_female,,HEAD_PRIESTESS,,,,,,,,,,,x
d_slavic_pagan_reformed,d_slavic_pagan_reformed,,The Slavic Church,,,,,,,,,,,x
d_slavic_pagan_reformed,d_slavic_pagan_reformed_adj,,Slavic,,,,,,,,,,,x
d_slavic_pagan_reformed,dynasty_title_names,,no,,,,,,,,,,,x
d_slavic_pagan_reformed,foa,,HEAD_PRIEST_FOA,,,,,,,,,,,x
d_slavic_pagan_reformed,short_name,,yes,,,,,,,,,,,x
d_slavic_pagan_reformed,title,,HEAD_PRIEST,,,,,,,,,,,x
d_slavic_pagan_reformed,title_female,,HEAD_PRIESTESS,,,,,,,,,,,x
d_aztec_reformed,d_aztec_reformed,,The Aztec Church,,,,,,,,,,,x
d_aztec_reformed,dynasty_title_names,,no,,,,,,,,,,,x
d_aztec_reformed,foa,,HEAD_PRIEST_FOA,,,,,,,,,,,x
d_aztec_reformed,short_name,,yes,,,,,,,,,,,x
d_aztec_reformed,title,,HEAD_PRIEST,,,,,,,,,,,x
d_aztec_reformed,title_female,,HEAD_PRIESTESS,,,,,,,,,,,x
d_west_african_pagan_reformed,d_west_african_pagan_reformed,,West African Church,,,,,,,,,,,x
d_west_african_pagan_reformed,d_west_african_pagan_reformed_adj,,West African,,,,,,,,,,,x
d_west_african_pagan_reformed,dynasty_title_names,,no,,,,,,,,,,,x
d_west_african_pagan_reformed,foa,,HEAD_PRIEST_FOA,,,,,,,,,,,x
d_west_african_pagan_reformed,short_name,,yes,,,,,,,,,,,x
d_west_african_pagan_reformed,title,,HEAD_PRIEST,,,,,,,,,,,x
d_west_african_pagan_reformed,title_female,,HEAD_PRIESTESS,,,,,,,,,,,x
d_zun_pagan_reformed,d_zun_pagan_reformed,,The Church of Zun,,,,,,,,,,,x
d_zun_pagan_reformed,dynasty_title_names,,no,,,,,,,,,,,x
d_zun_pagan_reformed,foa,,HEAD_PRIEST_FOA,,,,,,,,,,,x
d_zun_pagan_reformed,short_name,,yes,,,,,,,,,,,x
d_zun_pagan_reformed,title,,HEAD_PRIEST,,,,,,,,,,,x
d_zun_pagan_reformed,title_female,,HEAD_PRIESTESS,,,,,,,,,,,x
d_zoroastrian,d_zoroastrian,,The Zoroastrian Church,,,,,,,,,,,x
d_zoroastrian,d_zoroastrian_adj,,Zoroastrian,,,,,,,,,,,x
d_zoroastrian,dynasty_title_names,,no,,,,,,,,,,,x
d_zoroastrian,foa,,POPE_FOA,,,,,,,,,,,x
d_zoroastrian,short_name,,yes,,,,,,,,,,,x
d_zoroastrian,title,,HEAD_MOABADAN_MOABAD,,,,,,,,,,,x
d_jewish,d_jewish,,The Jewish High Priesthood,,,,,,,,,,,x
d_jewish,d_jewish_adj,,Jewish,,,,,,,,,,,x
d_jewish,dynasty_title_names,,no,,,,,,,,,,,x
d_jewish,foa,,POPE_FOA,,,,,,,,,,,x
d_jewish,short_name,,yes,,,,,,,,,,,x
d_jewish,title,,HEAD_KOHEN_GADOL,,,,,,,,,,,x
e_india,e_india,,India,,,,,,,,,,,x
e_india,dynasty_title_names,,no,,,,,,,,,,,x
e_india,title,,SAMRAT_CHAKRAVARTIN,,,,,,,,,,,x
e_india,title_female,,SAMRAJNI_CHAKRAVARTIN,,,,,,,,,,,x
d_tamil_band,d_tamil_band,,Tamil Band,,,,,,,,,,,x
d_tamil_band,d_tamil_band_adj,,Tamil,,,,,,,,,,,x
d_tamil_band,foa,,CAPTAIN_FOA,,,,,,,,,,,x
d_tamil_band,title,,CAPTAIN,,,,,,,,,,,x
d_marathi_company,d_marathi_company,,Marathi Company,,,,,,,,,,,x
d_marathi_company,d_marathi_company_adj,,Marathi,,,,,,,,,,,x
d_marathi_company,foa,,CAPTAIN_FOA,,,,,,,,,,,x
d_marathi_company,title,,CAPTAIN,,,,,,,,,,,x
d_marathi_band,d_marathi_band,,Marathi Band,,,,,,,,,,,x
d_marathi_band,d_marathi_band_adj,,Marathi,,,,,,,,,,,x
d_marathi_band,foa,,CAPTAIN_FOA,,,,,,,,,,,x
d_marathi_band,title,,CAPTAIN,,,,,,,,,,,x
d_bengal_company,d_bengal_company,,Bengal Company,,,,,,,,,,,x
d_bengal_company,d_bengal_company_adj,,Bengal,,,,,,,,,,,x
d_bengal_company,foa,,CAPTAIN_FOA,,,,,,,,,,,x
d_bengal_company,title,,CAPTAIN,,,,,,,,,,,x
d_bengal_band,d_bengal_band,,Bengal Band,,,,,,,,,,,x
d_bengal_band,d_bengal_band_adj,,Bengal,,,,,,,,,,,x
d_bengal_band,foa,,CAPTAIN_FOA,,,,,,,,,,,x
d_bengal_band,title,,CAPTAIN,,,,,,,,,,,x
d_rajput_company,d_rajput_company,,Rajput Company,,,,,,,,,,,x
d_rajput_company,d_rajput_company_adj,,Rajput,,,,,,,,,,,x
d_rajput_company,foa,,CAPTAIN_FOA,,,,,,,,,,,x
d_rajput_company,title,,CAPTAIN,,,,,,,,,,,x
d_rajput_band,d_rajput_band,,Rajput Band,,,,,,,,,,,x
d_rajput_band,d_rajput_band_adj,,Rajput,,,,,,,,,,,x
d_rajput_band,foa,,CAPTAIN_FOA,,,,,,,,,,,x
d_rajput_band,title,,CAPTAIN,,,,,,,,,,,x
