#TITLE,KEY,VALUE,SWMH,,,,,,,,,,,x
k_byzantium,k_byzantium,,Greece,,,,,,,,,,,x
k_byzantium,k_byzantium_adj,,Greek,,,,,,,,,,,x
d_thrace,d_thrace,,Thrace,,,,,,,,,,,x
d_thrace,d_thrace_adj,,Thracian,,,,,,,,,,,x
c_kaliopolis,PROV495,,Kaliopolis,,,,,,,,,,,x
c_kaliopolis,c_kaliopolis_adj,,Kaliopolisian,,,,,,,,,,,x
c_kaliopolis,turkish,,Gelibolu,,,,,,,,,,,x
b_gallipoli,b_gallipoli,,Gallipoli,,,,,,,,,,,x
b_gallipoli,greek,,Kallipolis,,,,,,,,,,,x
b_gallipoli,turkish,,Gelibolu,,,,,,,,,,,x
b_heraclea,b_heraclea,,Heraclea,,,,,,,,,,,x
b_madyta,b_madyta,,Madyta,,,,,,,,,,,x
b_rhaidestos,b_rhaidestos,,Rhaidestos,,,,,,,,,,,x
b_panidos,b_panidos,,Panidos,,,,,,,,,,,x
b_selymbria,b_selymbria,,Selymbria,,,,,,,,,,,x
b_lysimachia,b_lysimachia,,Lysimachia,,,,,,,,,,,x
b_sestus,b_sestus,,Sestus,,,,,,,,,,,x
c_byzantion,PROV496,,Constantinople,,,,,,,,,,,x
c_byzantion,c_byzantion_adj,,Constantinopian,,,,,,,,,,,x
b_constantinople,b_constantinople,,Constantinople,,,,,,,,,,,x
b_hagiasophia,b_hagiasophia,,Constantinople,,,,,,,,,,,x
b_hagiasophia,turkish,,Ayasofya,,,,,,,,,,,x
b_galata,b_galata,,Galata,,,,,,,,,,,x
b_blachernae,b_blachernae,,Blachernae,,,,,,,,,,,x
b_blachernae,turkish,,Ayvansaray,,,,,,,,,,,x
b_hieron,b_hieron,,Hieron,,,,,,,,,,,x
b_hieron,turkish,,Kadiköy,,,,,,,,,,,x
b_deuteron,b_deuteron,,Deuteron,,,,,,,,,,,x
b_deuteron,turkish,,Topkapi,,,,,,,,,,,x
b_pempton,b_pempton,,Pempton,,,,,,,,,,,x
b_vlanga,b_vlanga,,Vlanga,,,,,,,,,,,x
c_thrake,PROV497,,Thrake,,,,,,,,,,,x
c_thrake,c_thrake_adj,,Thrakeian,,,,,,,,,,,x
b_verissa,b_verissa,,Verissa,,,,,,,,,,,x
b_sestos,b_sestos,,Sestos,,,,,,,,,,,x
b_chariopolis,b_chariopolis,,Chariopolis,,,,,,,,,,,x
b_syrallum,b_syrallum,,Syrallum,,,,,,,,,,,x
b_salmydessus,b_salmydessus,,Salmydessus,,,,,,,,,,,x
b_deleus,b_deleus,,Deleus,,,,,,,,,,,x
b_aulaeitichus,b_aulaeitichus,,Aulaeitichus,,,,,,,,,,,x
b_phinopolis,b_phinopolis,,Phinopolis,,,,,,,,,,,x
d_adrianopolis,d_adrianopolis,,Adrianopolis,,,,,,,,,,,x
d_adrianopolis,d_adrianopolis_adj,,Adrianopolitan,,,,,,,,,,,x
c_adrianopolis,PROV494,,Adrianopolis,,,,,,,,,,,x
c_adrianopolis,c_adrianopolis_adj,,Adrianopolitan,,,,,,,,,,,x
c_adrianopolis,turkish,,Edirne,,,,,,,,,,,x
b_adrianopolis,b_adrianopolis,,Adrianopolis,,,,,,,,,,,x
b_adrianopolis,turkish,,Edirne,,,,,,,,,,,x
b_didymoteichon,b_didymoteichon,,Didymoteichon,,,,,,,,,,,x
b_traianopolis,b_traianopolis,,Traianopolis,,,,,,,,,,,x
b_skalothe,b_skalothe,,Skalothe,,,,,,,,,,,x
b_berat,b_berat,,Berat,,,,,,,,,,,x
b_kypsela,b_kypsela,,Kypsela,,,,,,,,,,,x
b_demotika,b_demotika,,Demotika,,,,,,,,,,,x
b_ainos,b_ainos,,Ainos,,,,,,,,,,,x
c_philippopolis,PROV493,,Philippopolis,,,,,,,,,,,x
c_philippopolis,c_philippopolis_adj,,Philippopolisian,,,,,,,,,,,x
c_philippopolis,turkish,,Filibe,,,,,,,,,,,x
b_philippopolis,b_philippopolis,,Philippopolis,,,,,,,,,,,x
b_philippopolis,turkish,,Filibe,,,,,,,,,,,x
b_xantheia,b_xantheia,,Xantheia,,,,,,,,,,,x
b_klokoknitsa,b_klokoknitsa,,Klokoknitsa,,,,,,,,,,,x
b_prodromos,b_prodromos,,Prodromos,,,,,,,,,,,x
b_peritheorion,b_peritheorion,,Peritheorion,,,,,,,,,,,x
b_anaktoropolis,b_anaktoropolis,,Anaktoropolis,,,,,,,,,,,x
b_polystylon,b_polystylon,,Polystylon,,,,,,,,,,,x
b_mosynopolis,b_mosynopolis,,Mosynopolis,,,,,,,,,,,x
d_thessalonika,d_thessalonika,,Thessalonika,,,,,,,,,,,x
d_thessalonika,d_thessalonika_adj,,Thessalonian,,,,,,,,,,,x
c_chalkidike,PROV491,,Chalkidike,,,,,,,,,,,x
c_chalkidike,c_chalkidike_adj,,Chalkidikian,,,,,,,,,,,x
b_serres,b_serres,,Serres,,,,,,,,,,,x
b_mntathos,b_mntathos,,Mount Athos,,,,,,,,,,,x
b_philippi,b_philippi,,Philippi,,,,,,,,,,,x
b_chrysiopolis,b_chrysiopolis,,Chrysiopolis,,,,,,,,,,,x
b_siderokastron,b_siderokastron,,Siderokastron,,,,,,,,,,,x
b_zicna,b_zicna,,Zicna,,,,,,,,,,,x
b_melnik,b_melnik,,Melnik,,,,,,,,,,,x
b_drama,b_drama,,Drama,,,,,,,,,,,x
c_thessalonike,PROV490,,Thessalonike,,,,,,,,,,,x
c_thessalonike,c_thessalonike_adj,,Thessalonikian,,,,,,,,,,,x
c_thessalonike,turkish,,Salonika,,,,,,,,,,,x
b_thessaloniki,b_thessaloniki,,Thessaloniki,,,,,,,,,,,x
b_thessaloniki,turkish,,Salonika,,,,,,,,,,,x
b_thesedessa,b_thesedessa,,Edessa,,,,,,,,,,,x
b_voden,b_voden,,Voden,,,,,,,,,,,x
b_hlerin,b_hlerin,,Hlerin,,,,,,,,,,,x
b_cemren,b_cemren,,Cemren,,,,,,,,,,,x
b_veria,b_veria,,Veria,,,,,,,,,,,x
b_elasson,b_elasson,,Elasson,,,,,,,,,,,x
b_servia,b_servia,,Servia,,,,,,,,,,,x
c_thessalia,PROV489,,Thessalia,,,,,,,,,,,x
c_thessalia,c_thessalia_adj,,Thessalian,,,,,,,,,,,x
c_thessalia,turkish,,Tesalya,,,,,,,,,,,x
b_larissa,b_larissa,,Larissa,,,,,,,,,,,x
b_larissa,turkish,,Yenisehir i-Fenari,,,,,,,,,,,x
b_volos,b_volos,,Volos,,,,,,,,,,,x
b_neopetra,b_neopetra,,Neopetra,,,,,,,,,,,x
b_damasis,b_damasis,,Damasis,,,,,,,,,,,x
b_kastri,b_kastri,,Kastri,,,,,,,,,,,x
b_pharsalos,b_pharsalos,,Pharsalos,,,,,,,,,,,x
b_trikkala,b_trikkala,,Trikkala,,,,,,,,,,,x
b_stagi,b_stagi,,Stagi,,,,,,,,,,,x
d_dyrrachion,d_dyrrachion,,Dyrrachion,,,,,,,,,,,x
d_dyrrachion,d_dyrrachion_adj,,Dyrrachian,,,,,,,,,,,x
c_strymon,PROV492,,Strymon,,,,,,,,,,,x
c_strymon,c_strymon_adj,,Strymonian,,,,,,,,,,,x
b_skopje,b_skopje,,Skopje,,,,,,,,,,,x
b_strumica,b_strumica,,Strumica,,,,,,,,,,,x
b_veles,b_veles,,Veles,,,,,,,,,,,x
b_prilep,b_prilep,,Prilep,,,,,,,,,,,x
b_prosek,b_prosek,,Prosek,,,,,,,,,,,x
b_trikves,b_trikves,,Trikves,,,,,,,,,,,x
b_kocane,b_kocane,,Kocane,,,,,,,,,,,x
b_kratovo,b_kratovo,,Kratovo,,,,,,,,,,,x
c_ochrid,PROV471,,Ohrid,,,,,,,,,,,x
c_ochrid,c_ochrid_adj,,Ochridian,,,,,,,,,,,x
c_ochrid,greek,,Lychnidos,,,,,,,,,,,x
b_debar,b_debar,,Debar,,,,,,,,,,,x
b_ohrid,b_ohrid,,Ohrid,,,,,,,,,,,x
b_ohrid,greek,,Lychnidos,,,,,,,,,,,x
b_kastoria,b_kastoria,,Kastoria,,,,,,,,,,,x
b_kicevo,b_kicevo,,Kicevo,,,,,,,,,,,x
b_svetigrad,b_svetigrad,,Svetigrad,,,,,,,,,,,x
b_bitola,b_bitola,,Bitola,,,,,,,,,,,x
b_tomot,b_tomot,,Tomot,,,,,,,,,,,x
b_krusevo,b_krusevo,,Krusevo,,,,,,,,,,,x
c_dyrrachion,PROV470,,Dyrrachion,,,,,,,,,,,x
c_dyrrachion,c_dyrrachion_adj,,Dyrrachian,,,,,,,,,,,x
c_dyrrachion,bulgarian,,Drach,,,,,,,,,,,x
c_dyrrachion,italian,,Durazzo,,,,,,,,,,,x
c_dyrrachion,serbian,,Drac,,,,,,,,,,,x
b_durazzo,b_durazzo,,Durrës,,,,,,,,,,,x
b_durazzo,greek,,Dyrrhachion,,,,,,,,,,,x
b_durazzo,italian,,Durazzo,,,,,,,,,,,x
b_chounavia,b_chounavia,,Chounavia,,,,,,,,,,,x
b_valona,b_valona,,Valona,,,,,,,,,,,x
b_kruje,b_kruje,,Krujë,,,,,,,,,,,x
b_kruje,greek,,Krougia,,,,,,,,,,,x
b_elbasan,b_elbasan,,Elbasan,,,,,,,,,,,x
b_geziq,b_geziq,,Gëziq,,,,,,,,,,,x
b_spinarizza,b_spinarizza,,Spinarizza,,,,,,,,,,,x
b_beat,b_beat,,Beat,,,,,,,,,,,x
d_epirus,d_epirus,,Epirus,,,,,,,,,,,x
d_epirus,d_epirus_adj,,Epirotian,,,,,,,,,,,x
c_epeiros,PROV472,,Épieros,,,,,,,,,,,x
c_epeiros,c_epeiros_adj,,Epirotian,,,,,,,,,,,x
b_butrint,b_butrint,,Butrint,,,,,,,,,,,x
b_butrint,greek,,Bouthroton,,,,,,,,,,,x
b_paramythia,b_paramythia,,Paramythia,,,,,,,,,,,x
b_ioannina,b_ioannina,,Ioannina,,,,,,,,,,,x
b_sopot,b_sopot,,Sopot,,,,,,,,,,,x
b_sopot,greek,,Koritsa,,,,,,,,,,,x
b_pogonia,b_pogonia,,Pogonia,,,,,,,,,,,x
b_gjirokaster,b_gjirokaster,,Gjirokastër,,,,,,,,,,,x
b_gjirokaster,greek,,Argyrokastron,,,,,,,,,,,x
b_igoumenitsa,b_igoumenitsa,,Igoumenitsa,,,,,,,,,,,x
b_sagiada,b_sagiada,,Sagiada,,,,,,,,,,,x
c_arta,PROV473,,Árta,,,,,,,,,,,x
c_arta,c_arta_adj,,Artan,,,,,,,,,,,x
b_preveza,b_preveza,,Preveza,,,,,,,,,,,x
b_angelokastron,b_angelokastron,,Angelokastron,,,,,,,,,,,x
b_arta,b_arta,,Arta,,,,,,,,,,,x
b_agnanta,b_agnanta,,Agnanta,,,,,,,,,,,x
b_thomokastron,b_thomokastron,,Thomokastron,,,,,,,,,,,x
b_vonitsza,b_vonitsza,,Vonitsza,,,,,,,,,,,x
b_vlacherna,b_vlacherna,,Vlacherna,,,,,,,,,,,x
b_rogoi,b_rogoi,,Rogoi,,,,,,,,,,,x
c_cephalonia,PROV474,,Cephalonia,,,,,,,,,,,x
c_cephalonia,c_cephalonia_adj,,Phaeacians,,,,,,,,,,,x
c_cephalonia,turkish,,Iyonya,,,,,,,,,,,x
b_corfu,b_corfu,,Corfu,,,,,,,,,,,x
b_lefkas,b_lefkas,,Lefkas,,,,,,,,,,,x
b_lefkas,turkish,,Ayamavra,,,,,,,,,,,x
b_palaiofrourio,b_palaiofrourio,,Palaio Frourio,,,,,,,,,,,x
b_kefalonia,b_kefalonia,,Kefalonia,,,,,,,,,,,x
b_zante,b_zante,,Zante,,,,,,,,,,,x
b_paxos,b_paxos,,Paxos,,,,,,,,,,,x
b_paxos,italian,,Passo,,,,,,,,,,,x
b_paxos,turkish,,Paksa,,,,,,,,,,,x
b_ithaca,b_ithaca,,Ithaca,,,,,,,,,,,x
b_ithaca,turkish,,Fiaki,,,,,,,,,,,x
b_cerigo,b_cerigo,,Cerigo,,,,,,,,,,,x
b_cerigo,turkish,,Çuha,,,,,,,,,,,x
d_athens,d_athens,,Athens,,,,,,,,,,,x
d_athens,d_athens_adj,,Athenian,,,,,,,,,,,x
c_demetrias,PROV488,,Demetrias,,,,,,,,,,,x
c_demetrias,c_demetrias_adj,,Demetrian,,,,,,,,,,,x
b_thebes,b_thebes,,Thebes,,,,,,,,,,,x
b_lebadea,b_lebadea,,Lebadea,,,,,,,,,,,x
b_neopatras,b_neopatras,,Neopatras,,,,,,,,,,,x
b_boudonitza,b_boudonitza,,Boudonitza,,,,,,,,,,,x
b_levadhia,b_levadhia,,Levadhia,,,,,,,,,,,x
b_demetrias,b_demetrias,,Demetrias,,,,,,,,,,,x
b_ravennika,b_ravennika,,Ravennika,,,,,,,,,,,x
b_gravia,b_gravia,,Gravia,,,,,,,,,,,x
c_hellas,PROV475,,Hellas,,,,,,,,,,,x
c_hellas,c_hellas_adj,,Hellenic,,,,,,,,,,,x
b_naupaktos,b_naupaktos,,Naupaktos,,,,,,,,,,,x
b_amphissa,b_amphissa,,Amphissa,,,,,,,,,,,x
b_lidoriki,b_lidoriki,,Lidoriki,,,,,,,,,,,x
b_kastrinitsi,b_kastrinitsi,,Kastrinitsi,,,,,,,,,,,x
b_markrynia,b_markrynia,,Markrynia,,,,,,,,,,,x
b_paravola,b_paravola,,Paravola,,,,,,,,,,,x
b_amfissa,b_amfissa,,Amfissa,,,,,,,,,,,x
b_itea,b_itea,,Itéa,,,,,,,,,,,x
c_atheniai,PROV482,,Atheniai,,,,,,,,,,,x
c_atheniai,c_atheniai_adj,,Athenian,,,,,,,,,,,x
b_athens,b_athens,,Athens,,,,,,,,,,,x
b_piraeaus,b_piraeaus,,Piraeaus,,,,,,,,,,,x
b_megara,b_megara,,Megara,,,,,,,,,,,x
b_soula,b_soula,,Soula,,,,,,,,,,,x
b_daphni,b_daphni,,Daphni,,,,,,,,,,,x
b_karydi,b_karydi,,Karydi,,,,,,,,,,,x
b_salamis,b_salamis,,Salamis,,,,,,,,,,,x
b_marathon,b_marathon,,Marathon,,,,,,,,,,,x
d_achaia,d_achaia,,Achaia,,,,,,,,,,,x
d_achaia,d_achaia_adj,,Achaian,,,,,,,,,,,x
c_achaia,PROV476,,Achaia,,,,,,,,,,,x
c_achaia,c_achaia_adj,,Achaian,,,,,,,,,,,x
b_patras,b_patras,,Patras,,,,,,,,,,,x
b_pyrgos,b_pyrgos,,Pyrgos,,,,,,,,,,,x
b_andravida,b_andravida,,Andravida,,,,,,,,,,,x
b_kalavryta,b_kalavryta,,Kalavryta,,,,,,,,,,,x
b_akova,b_akova,,Akova,,,,,,,,,,,x
b_chalandritza,b_chalandritza,,Chalandritza,,,,,,,,,,,x
b_karditza,b_karditza,,Karditza,,,,,,,,,,,x
b_geraki,b_geraki,,Geraki,,,,,,,,,,,x
c_korinthos,PROV481,,Korinthos,,,,,,,,,,,x
c_korinthos,c_korinthos_adj,,Korinthian,,,,,,,,,,,x
b_corinth,b_corinth,,Corinth,,,,,,,,,,,x
b_nauplion,b_nauplion,,Nauplion,,,,,,,,,,,x
b_argos,b_argos,,Argos,,,,,,,,,,,x
b_passava,b_passava,,Passava,,,,,,,,,,,x
b_vostitza,b_vostitza,,Vostitza,,,,,,,,,,,x
b_zemenos,b_zemenos,,Zemenos,,,,,,,,,,,x
b_veligosti,b_veligosti,,Veligosti,,,,,,,,,,,x
b_megapoli,b_megapoli,,Megapoli,,,,,,,,,,,x
c_methone,PROV477,,Methone,,,,,,,,,,,x
c_methone,c_methone_adj,,Methonian,,,,,,,,,,,x
b_modon,b_modon,,Modon,,,,,,,,,,,x
b_modon,greek,,Methone,,,,,,,,,,,x
b_modon,italian,,Modone,,,,,,,,,,,x
b_kiparissia,b_kiparissia,,Kiparissia,,,,,,,,,,,x
b_kalamata,b_kalamata,,Kalamata,,,,,,,,,,,x
b_coron,b_coron,,Coron,,,,,,,,,,,x
b_karytaina,b_karytaina,,Karytaina,,,,,,,,,,,x
b_gritzena,b_gritzena,,Gritzena,,,,,,,,,,,x
b_pilos,b_pilos,,Pilos,,,,,,,,,,,x
b_androusa,b_androusa,,Androusa,,,,,,,,,,,x
c_monemvasia,PROV478,,Monemvasia,,,,,,,,,,,x
c_monemvasia,c_monemvasia_adj,,Monemvasian,,,,,,,,,,,x
b_monemvasia,b_monemvasia,,Monemvasia,,,,,,,,,,,x
b_mistra,b_mistra,,Mistra,,,,,,,,,,,x
b_arkadia,b_arkadia,,Arkadia,,,,,,,,,,,x
b_nikli,b_nikli,,Nikli,,,,,,,,,,,x
b_sparta,b_sparta,,Sparta,,,,,,,,,,,x
b_lacedaemonia,b_lacedaemonia,,Lacedaemonia,,,,,,,,,,,x
b_gythio,b_gythio,,Gythio,,,,,,,,,,,x
b_elos,b_elos,,Elos,,,,,,,,,,,x
d_krete,d_krete,,Krete,,,,,,,,,,,x
d_krete,d_krete_adj,,Cretan,,,,,,,,,,,x
c_kaneia,PROV479,,Kaneia,,,,,,,,,,,x
c_kaneia,c_kaneia_adj,,Kaneian,,,,,,,,,,,x
c_kaneia,andalusian_arabic,,Al-Hanim,,,,,,,,,,,x
c_kaneia,bedouin_arabic,,Al-Hanim,,,,,,,,,,,x
c_kaneia,egyptian_arabic,,Al-Hanim,,,,,,,,,,,x
c_kaneia,levantine_arabic,,Al-Hanim,,,,,,,,,,,x
c_kaneia,maghreb_arabic,,Al-Hanim,,,,,,,,,,,x
c_kaneia,turkish,,Hanya,,,,,,,,,,,x
b_kandia,b_kandia,,Kandia,,,,,,,,,,,x
b_kandia,andalusian_arabic,,Al-Hanim,,,,,,,,,,,x
b_kandia,bedouin_arabic,,Al-Hanim,,,,,,,,,,,x
b_kandia,egyptian_arabic,,Al-Hanim,,,,,,,,,,,x
b_kandia,levantine_arabic,,Al-Hanim,,,,,,,,,,,x
b_kandia,maghreb_arabic,,Al-Hanim,,,,,,,,,,,x
b_kandia,turkish,,Hanya,,,,,,,,,,,x
b_rethymno,b_rethymno,,Rethymno,,,,,,,,,,,x
b_matala,b_matala,,Matala,,,,,,,,,,,x
b_kastellikissamos,b_kastellikissamos,,Kastelli-Kissamos,,,,,,,,,,,x
b_paleohora,b_paleohora,,Paleohora,,,,,,,,,,,x
b_akrotin,b_akrotin,,Akrotin,,,,,,,,,,,x
b_nikiforosfokas,b_nikiforosfokas,,Nikiforos Fokas,,,,,,,,,,,x
b_arkadi,b_arkadi,,Arkadi,,,,,,,,,,,x
c_chandax,PROV480,,Chandax,,,,,,,,,,,x
c_chandax,c_chandax_adj,,Chandaxian,,,,,,,,,,,x
c_chandax,c_chandax_adj_greek,,Gortynian,,,,,,,,,,,x
c_chandax,c_chandax_adj_italian,,Gortynian,,,,,,,,,,,x
c_chandax,greek,,Gortyn,,,,,,,,,,,x
c_chandax,italian,,Gortyn,,,,,,,,,,,x
b_iraklio,b_iraklio,,Iraklio,,,,,,,,,,,x
b_iraklio,andalusian_arabic,,Khandaq,,,,,,,,,,,x
b_iraklio,bedouin_arabic,,Khandaq,,,,,,,,,,,x
b_iraklio,egyptian_arabic,,Khandaq,,,,,,,,,,,x
b_iraklio,greek,,Gortyn,,,,,,,,,,,x
b_iraklio,italian,,Candia,,,,,,,,,,,x
b_iraklio,levantine_arabic,,Khandaq,,,,,,,,,,,x
b_iraklio,maghreb_arabic,,Khandaq,,,,,,,,,,,x
b_iraklio,turkish,,Kandiye,,,,,,,,,,,x
b_agiosnikolaos,b_agiosnikolaos,,Agios Nikolaos,,,,,,,,,,,x
b_lassithi,b_lassithi,,Lassithi,,,,,,,,,,,x
b_malia,b_malia,,Malia,,,,,,,,,,,x
b_kastelli,b_kastelli,,Kastelli,,,,,,,,,,,x
b_sitia,b_sitia,,Sitia,,,,,,,,,,,x
b_ierapetra,b_ierapetra,,Ierapetra,,,,,,,,,,,x
b_knossos,b_knossos,,Knossos,,,,,,,,,,,x
d_cyprus,d_cyprus,,Cyprus,,,,,,,,,,,x
d_cyprus,d_cyprus_adj,,Cypriot,,,,,,,,,,,x
c_famagusta,PROV757,,Famagusta,,,,,,,,,,,x
c_famagusta,c_famagusta_adj,,Famagustian,,,,,,,,,,,x
c_famagusta,turkish,,Magusa,,,,,,,,,,,x
b_famagusta,b_famagusta,,Famagusta,,,,,,,,,,,x
b_famagusta,turkish,,Magusa,,,,,,,,,,,x
b_cithium,b_cithium,,Cithium,,,,,,,,,,,x
b_nikosia,b_nikosia,,Nikosia,,,,,,,,,,,x
b_sthilarion,b_sthilarion,,Saint Hilarion,,,,,,,,,,,x
b_kyrenia,b_kyrenia,,Kyrenia,,,,,,,,,,,x
b_buffavento,b_buffavento,,Buffavento,,,,,,,,,,,x
b_kantara,b_kantara,,Kantara,,,,,,,,,,,x
b_peristerona,b_peristerona,,Peristerona,,,,,,,,,,,x
c_limisol,PROV756,,Limisol,,,,,,,,,,,x
c_limisol,c_limisol_adj,,Limisolian,,,,,,,,,,,x
c_limisol,turkish,,Leymosun,,,,,,,,,,,x
b_limmassol,b_limmassol,,Limmassol,,,,,,,,,,,x
b_limmassol,turkish,,Leymosun,,,,,,,,,,,x
b_paphos,b_paphos,,Paphos,,,,,,,,,,,x
b_arsinoe,b_arsinoe,,Arsinoë,,,,,,,,,,,x
b_kolossi,b_kolossi,,Kolossi,,,,,,,,,,,x
b_morphou,b_morphou,,Morphou,,,,,,,,,,,x
b_agridi,b_agridi,,Agridi,,,,,,,,,,,x
b_dieudamour,b_dieudamour,,Dieudamour,,,,,,,,,,,x
b_khirokitia,b_khirokitia,,Khirokitia,,,,,,,,,,,x
k_bulgaria,k_bulgaria,,Bulgaria,,,,,,,,,,,x
k_bulgaria,k_bulgaria_adj,,Bulgarian,,,,,,,,,,,x
d_vidin,d_vidin,,Vidin,,,,,,,,,,,x
d_vidin,d_vidin_adj,,Vidinian,,,,,,,,,,,x
d_vidin,greek,,Bononia,,,,,,,,,,,x
c_vidin,PROV506,,Vidin,,,,,,,,,,,x
c_vidin,c_vidin_adj,,Vidinian,,,,,,,,,,,x
c_vidin,greek,,Bononia,,,,,,,,,,,x
b_vidin,b_vidin,,Vidin,,,,,,,,,,,x
b_vidin,greek,,Bononia,,,,,,,,,,,x
b_viseslav,b_viseslav,,Viseslav,,,,,,,,,,,x
b_kula,b_kula,,Kula,,,,,,,,,,,x
b_srvljig,b_srvljig,,Srvljig,,,,,,,,,,,x
b_pirot,b_pirot,,Pirot,,,,,,,,,,,x
b_bolvan,b_bolvan,,Bolvan,,,,,,,,,,,x
b_kucevo,b_kucevo,,Kucevo,,,,,,,,,,,x
b_zajecar,b_zajecar,,Zajecar,,,,,,,,,,,x
c_naissus,PROV501,,Naissos,,,,,,,,,,,x
c_naissus,c_naissus_adj,,Naissosian,,,,,,,,,,,x
c_naissus,bulgarian,,Nish,,,,,,,,,,,x
c_naissus,croatian,,Nish,,,,,,,,,,,x
c_naissus,serbian,,Nish,,,,,,,,,,,x
b_nish,b_nish,,Nish,,,,,,,,,,,x
b_nish,greek,,Naissos,,,,,,,,,,,x
b_kumanovo,b_kumanovo,,Kumanovo,,,,,,,,,,,x
b_koprijan,b_koprijan,,Koprijan,,,,,,,,,,,x
b_brdo,b_brdo,,Brdo,,,,,,,,,,,x
b_vranje,b_vranje,,Vranje,,,,,,,,,,,x
b_lesnovo,b_lesnovo,,Lesnovo,,,,,,,,,,,x
b_kambelevac,b_kambelevac,,Kambelevac,,,,,,,,,,,x
b_knjazevac,b_knjazevac,,Knjazevac,,,,,,,,,,,x
d_turnovo,d_turnovo,,Moesia,,,,,,,,,,,x
d_turnovo,d_turnovo_adj,,Moesian,,,,,,,,,,,x
c_tyrnovo,PROV499,,Tyrnovo,,,,,,,,,,,x
c_tyrnovo,c_tyrnovo_adj,,Tyrnovian,,,,,,,,,,,x
c_tyrnovo,greek,,Moesia,,,,,,,,,,,x
b_tyrnovo,b_tyrnovo,,Tyrnovo,,,,,,,,,,,x
b_tyrnovo,greek,,Noba,,,,,,,,,,,x
b_irinopolis,b_irinopolis,,Irinopolis,,,,,,,,,,,x
b_kilifarevski,b_kilifarevski,,Kilifarevski,,,,,,,,,,,x
b_hisarya,b_hisarya,,Hisarya,,,,,,,,,,,x
b_opan,b_opan,,Opan,,,,,,,,,,,x
b_chirpan,b_chirpan,,Chirpan,,,,,,,,,,,x
b_maglizh,b_maglizh,,Maglizh,,,,,,,,,,,x
b_kazanlak,b_kazanlak,,Kazanlak,,,,,,,,,,,x
c_serdica,PROV500,,Serdica,,,,,,,,,,,x
c_serdica,c_serdica_adj,,Serdican,,,,,,,,,,,x
c_serdica,bulgarian,,Sofia,,,,,,,,,,,x
c_serdica,croatian,,Sofia,,,,,,,,,,,x
c_serdica,polish,,Sofia,,,,,,,,,,,x
c_serdica,russian,,Sofia,,,,,,,,,,,x
c_serdica,serbian,,Sofia,,,,,,,,,,,x
b_serdica,b_serdica,,Serdica,,,,,,,,,,,x
b_serdica,bulgarian,,Sofia,,,,,,,,,,,x
b_serdica,croatian,,Sofia,,,,,,,,,,,x
b_serdica,polish,,Sofia,,,,,,,,,,,x
b_serdica,russian,,Sofia,,,,,,,,,,,x
b_serdica,serbian,,Sofia,,,,,,,,,,,x
b_velbazhd,b_velbazhd,,Velbazhd,,,,,,,,,,,x
b_rila,b_rila,,Rila,,,,,,,,,,,x
b_etropole,b_etropole,,Etropole,,,,,,,,,,,x
b_pernik,b_pernik,,Pernik,,,,,,,,,,,x
b_breznik,b_breznik,,Breznik,,,,,,,,,,,x
b_pravets,b_pravets,,Pravets,,,,,,,,,,,x
b_samundzhievo,b_samundzhievo,,Samundzhievo,,,,,,,,,,,x
c_nikopolis,PROV507,,Nikopolis,,,,,,,,,,,x
c_nikopolis,c_nikopolis_adj,,Nikopolisian,,,,,,,,,,,x
b_nikopolis,b_nikopolis,,Nikopolis,,,,,,,,,,,x
b_pleven,b_pleven,,Pleven,,,,,,,,,,,x
b_oescus,b_oescus,,Oescus,,,,,,,,,,,x
b_belene,b_belene,,Belene,,,,,,,,,,,x
b_iskar,b_iskar,,Iskar,,,,,,,,,,,x
b_pordim,b_pordim,,Pordim,,,,,,,,,,,x
b_knezha,b_knezha,,Knezha,,,,,,,,,,,x
b_dolnidabknik,b_dolnidabknik,,Dolni Dabnik,,,,,,,,,,,x
c_dorostotum,PROV508,,Dorostotum,,,,,,,,,,,x
c_dorostotum,c_dorostotum_adj,,Dorostotumian,,,,,,,,,,,x
b_dorosturum,b_dorosturum,,Dorostotum,,,,,,,,,,,x
b_rusi,b_rusi,,Rusi,,,,,,,,,,,x
b_shumen,b_shumen,,Shumen,,,,,,,,,,,x
b_borovo,b_borovo,,Borovo,,,,,,,,,,,x
b_byaladve,b_byaladve,,Byala Dve,,,,,,,,,,,x
b_slivopole,b_slivopole,,Slivo Pole,,,,,,,,,,,x
b_tsenovo,b_tsenovo,,Tsenovo,,,,,,,,,,,x
b_samuil,b_samuil,,Samuil,,,,,,,,,,,x
d_karvuna,d_karvuna,,Karvuna,,,,,,,,,,,x
d_karvuna,d_karvuna_adj,,Karvunian,,,,,,,,,,,x
c_mesembria,PROV498,,Mesembria,,,,,,,,,,,x
c_mesembria,c_mesembria_adj,,Mesembrian,,,,,,,,,,,x
b_mesembria,b_mesembria,,Mesembria,,,,,,,,,,,x
b_varna,b_varna,,Varna,,,,,,,,,,,x
b_anchilios,b_anchilios,,Anchilios,,,,,,,,,,,x
b_aetos,b_aetos,,Aetos,,,,,,,,,,,x
b_sozopolis,b_sozopolis,,Sozopolis,,,,,,,,,,,x
b_odessos,b_odessos,,Odessos,,,,,,,,,,,x
b_bourgas,b_bourgas,,Bourgas,,,,,,,,,,,x
b_valchidol,b_valchidol,,Valchidol,,,,,,,,,,,x
c_karvuna,PROV509,,Karvuna,,,,,,,,,,,x
c_karvuna,c_karvuna_adj,,Karvunan,,,,,,,,,,,x
c_karvuna,greek,,Krounoi,,,,,,,,,,,x
b_karvuna,b_karvuna,,Karvuna,,,,,,,,,,,x
b_karvuna,greek,,Krounoi,,,,,,,,,,,x
b_kaliakra,b_kaliakra,,Kaliakra,,,,,,,,,,,x
b_kaliakra,greek,,Akrai,,,,,,,,,,,x
b_silistria,b_silistria,,Silistria,,,,,,,,,,,x
b_dobrich,b_dobrich,,Balchik,,,,,,,,,,,x
b_dobrich,greek,,Dionysopolis,,,,,,,,,,,x
b_prezlav,b_prezlav,,Prezlav,,,,,,,,,,,x
b_venets,b_venets,,Venets,,,,,,,,,,,x
b_varbitsz,b_varbitsz,,Varbitsz,,,,,,,,,,,x
b_smyadovo,b_smyadovo,,Smyadovo,,,,,,,,,,,x
c_constantia,PROV510,,Constantia,,,,,,,,,,,x
c_constantia,c_constantia_adj,,Constantian,,,,,,,,,,,x
b_constantia,b_constantia,,Constantia,,,,,,,,,,,x
b_carachioi,b_carachioi,,Carachioi,,,,,,,,,,,x
b_adamclisi,b_adamclisi,,Adamclisi,,,,,,,,,,,x
b_mesgidia,b_mesgidia,,Mesgidia,,,,,,,,,,,x
b_cobadin,b_cobadin,,Cobadin,,,,,,,,,,,x
b_cogealac,b_cogealac,,Cogealac,,,,,,,,,,,x
b_mangalia,b_mangalia,,Mangalia,,,,,,,,,,,x
b_topraisar,b_topraisar,,Topraisar,,,,,,,,,,,x
k_serbia,k_serbia,,Serbia,,,,,,,,,,,x
k_serbia,k_serbia_adj,,Serbian,,,,,,,,,,,x
d_rashka,d_rashka,,Rashka,,,,,,,,,,,x
d_rashka,d_rashka_adj,,Rashkan,,,,,,,,,,,x
d_rashka,greek,,Rascia,,,,,,,,,,,x
c_rashka,PROV502,,Rashka,,,,,,,,,,,x
c_rashka,c_rashka_adj,,Rashkan,,,,,,,,,,,x
c_rashka,greek,,Rascia,,,,,,,,,,,x
b_prizren,b_prizren,,Prizren,,,,,,,,,,,x
b_prizren,greek,,Petrizen,,,,,,,,,,,x
b_decani,b_decani,,Decani,,,,,,,,,,,x
b_dioclea,b_dioclea,,Dioclea,,,,,,,,,,,x
b_svetispas,b_svetispas,,Svetie Spas,,,,,,,,,,,x
b_trepca,b_trepca,,Trepca,,,,,,,,,,,x
b_zvecan,b_zvecan,,Zvecan,,,,,,,,,,,x
b_djakovica,b_djakovica,,Djakovica,,,,,,,,,,,x
b_polog,b_polog,,Polog,,,,,,,,,,,x
c_hum,PROV503,,Hum,,,,,,,,,,,x
c_hum,c_hum_adj,,Humian,,,,,,,,,,,x
c_hum,greek,,Arsa,,,,,,,,,,,x
b_plav,b_plav,,Plav,,,,,,,,,,,x
b_pec,b_pec,,Pec,,,,,,,,,,,x
b_novipazar,b_novipazar,,Trgovite,,,,,,,,,,,x
b_novipazar,greek,,Arsa,,,,,,,,,,,x
b_stupovi,b_stupovi,,Stupovi,,,,,,,,,,,x
b_belacrkva,b_belacrkva,,Bela Crkva,,,,,,,,,,,x
b_bradarevo,b_bradarevo,,Bradarevo,,,,,,,,,,,x
b_moraca,b_moraca,,Moraca,,,,,,,,,,,x
b_medun,b_medun,,Medun,,,,,,,,,,,x
c_belgrade,PROV505,,Belgrade,,,,,,,,,,,x
c_belgrade,c_belgrade_adj,,Belgradian,,,,,,,,,,,x
c_belgrade,bulgarian,,Belgrad,,,,,,,,,,,x
c_belgrade,croatian,,Belgrad,,,,,,,,,,,x
c_belgrade,greek,,Singidounon,,,,,,,,,,,x
c_belgrade,serbian,,Belgrad,,,,,,,,,,,x
b_belgrade,b_belgrade,,Belgrade,,,,,,,,,,,x
b_belgrade,bulgarian,,Belgrad,,,,,,,,,,,x
b_belgrade,croatian,,Belgrad,,,,,,,,,,,x
b_belgrade,greek,,Singidounon,,,,,,,,,,,x
b_belgrade,serbian,,Belgrad,,,,,,,,,,,x
b_zemun,b_zemun,,Zemlin,,,,,,,,,,,x
b_smederevo,b_smederevo,,Smederevo,,,,,,,,,,,x
b_kragujevac,b_kragujevac,,Kragujevac,,,,,,,,,,,x
b_rudnik,b_rudnik,,Rudnik,,,,,,,,,,,x
b_branicevo,b_branicevo,,Branicevo,,,,,,,,,,,x
b_pozarevac,b_pozarevac,,Pozarevac,,,,,,,,,,,x
b_lipovic,b_lipovic,,Lipovic,,,,,,,,,,,x
d_dioclea,d_dioclea,,Dioclea,,,,,,,,,,,x
d_dioclea,d_dioclea_adj,,Dioclean,,,,,,,,,,,x
d_dioclea,bulgarian,,Duklja,,,,,,,,,,,x
d_dioclea,croatian,,Duklja,,,,,,,,,,,x
d_dioclea,serbian,,Duklja,,,,,,,,,,,x
c_zeta,PROV469,,Zeta,,,,,,,,,,,x
c_zeta,c_zeta_adj,,Zetan,,,,,,,,,,,x
b_podgorica,b_podgorica,,Podgorica,,,,,,,,,,,x
b_podgorica,greek,,Birziminium,,,,,,,,,,,x
b_bar,b_bar,,Bar,,,,,,,,,,,x
b_bar,greek,,Antivarion,,,,,,,,,,,x
b_bar,italian,,Antivari,,,,,,,,,,,x
b_kotor,b_kotor,,Kotor,,,,,,,,,,,x
b_kotor,greek,,Askrivion,,,,,,,,,,,x
b_kotor,italian,,Cattaro,,,,,,,,,,,x
b_skadar,b_skadar,,Skadar,,,,,,,,,,,x
b_skadar,greek,,Skoutarion,,,,,,,,,,,x
b_skadar,italian,,Scutari,,,,,,,,,,,x
b_ulcinj,b_ulcinj,,Ulcinj,,,,,,,,,,,x
b_budva,b_budva,,Budva,,,,,,,,,,,x
b_danj,b_danj,,Danj,,,,,,,,,,,x
b_drivast,b_drivast,,Drivast,,,,,,,,,,,x
c_ragusa,PROV468,,Ragusa,,,,,,,,,,,x
c_ragusa,c_ragusa_adj,,Ragusan,,,,,,,,,,,x
c_ragusa,croatian,,Dubrovnik,,,,,,,,,,,x
c_ragusa,greek,,Raugia,,,,,,,,,,,x
c_ragusa,serbian,,Dubrovnik,,,,,,,,,,,x
b_ragusa,b_ragusa,,Ragusa,,,,,,,,,,,x
b_ragusa,croatian,,Dubrovnik,,,,,,,,,,,x
b_ragusa,greek,,Raugia,,,,,,,,,,,x
b_ragusa,serbian,,Dubrovnik,,,,,,,,,,,x
b_narona,b_narona,,Narona,,,,,,,,,,,x
b_cavtat,b_cavtat,,Cavtat,,,,,,,,,,,x
b_cavtat,greek,,Epidauros,,,,,,,,,,,x
b_cavtat,italian,,Ragusavecchia,,,,,,,,,,,x
b_zaton,b_zaton,,Zaton,,,,,,,,,,,x
b_slano,b_slano,,Slano,,,,,,,,,,,x
b_mljet,b_mljet,,Mljet,,,,,,,,,,,x
b_kolocep,b_kolocep,,Kolocep,,,,,,,,,,,x
b_sipan,b_sipan,,Sipan,,,,,,,,,,,x
k_croatia,k_croatia,,Croatia,,,,,,,,,,,x
k_croatia,k_croatia_adj,,Croatian,,,,,,,,,,,x
d_slavonia,d_slavonia,,Slavonia,,,,,,,,,,,x
d_slavonia,d_slavonia_adj,,Slavonian,,,,,,,,,,,x
c_krizevci,PROV462,,Krizevci,,,,,,,,,,,x
c_krizevci,c_krizevci_adj,,Krizevcian,,,,,,,,,,,x
b_krizevci,b_krizevci,,Krizevci,,,,,,,,,,,x
b_koprivnica,b_koprivnica,,Koprivnica,,,,,,,,,,,x
b_osijek,b_osijek,,Osijek,,,,,,,,,,,x
b_vinkovci,b_vinkovci,,Vinkovci,,,,,,,,,,,x
b_vukovar,b_vukovar,,Vukovar,,,,,,,,,,,x
b_durdevac,b_durdevac,,Durdevac,,,,,,,,,,,x
b_pozega,b_pozega,,Pozega,,,,,,,,,,,x
b_virovitica,b_virovitica,,Vitrovitica,,,,,,,,,,,x
c_zagreb,PROV461,,Zagreb,,,,,,,,,,,x
c_zagreb,c_zagreb_adj,,Zagrebian,,,,,,,,,,,x
b_zagreb,b_zagreb,,Zagreb,,,,,,,,,,,x
b_sisak,b_sisak,,Sisak,,,,,,,,,,,x
b_karlovac,b_karlovac,,Karlovac,,,,,,,,,,,x
b_cetin,b_cetin,,Cetin,,,,,,,,,,,x
b_zrin,b_zrin,,Zrin,,,,,,,,,,,x
b_dreznik,b_dreznik,,Dreznik,,,,,,,,,,,x
b_stenicnjak,b_stenicnjak,,Stenicnjak,,,,,,,,,,,x
b_ozalj,b_ozalj,,Ozalj,,,,,,,,,,,x
c_varadzin,PROV460,,Varazdin,,,,,,,,,,,x
c_varadzin,c_varadzin_adj,,Varazdinian,,,,,,,,,,,x
b_varazdin,b_varazdin,,Varazdin,,,,,,,,,,,x
b_cakovec,b_cakovec,,Cakovec,,,,,,,,,,,x
b_ludbreg,b_ludbreg,,Ludbreg,,,,,,,,,,,x
b_lepoglava,b_lepoglava,,Lepoglava,,,,,,,,,,,x
b_toplice,b_toplice,,Toplice,,,,,,,,,,,x
b_krapina,b_krapina,,Krapina,,,,,,,,,,,x
b_donjastubica,b_donjastubica,,Donja Stubica,,,,,,,,,,,x
b_oroslavje,b_oroslavje,,Oroslavje,,,,,,,,,,,x
d_bosnia,d_bosnia,,Bosnia,,,,,,,,,,,x
d_bosnia,d_bosnia_adj,,Bosnian,,,,,,,,,,,x
c_rama,PROV504,,Rama,,,,,,,,,,,x
c_rama,c_rama_adj,,Raman,,,,,,,,,,,x
b_rama,b_rama,,Rama,,,,,,,,,,,x
b_samobor,b_samobor,,Samobor,,,,,,,,,,,x
b_usice,b_usice,,Usice,,,,,,,,,,,x
b_borac,b_borac,,Borac,,,,,,,,,,,x
b_srebrenica,b_srebrenica,,Srebrenica,,,,,,,,,,,x
b_srebrnik,b_srebrnik,,Srebrnik,,,,,,,,,,,x
b_zenica,b_zenica,,Zenica,,,,,,,,,,,x
b_zvornik,b_zvornik,,Zvornik,,,,,,,,,,,x
c_usora,PROV463,,Usora,,,,,,,,,,,x
c_usora,c_usora_adj,,Usoran,,,,,,,,,,,x
b_usora,b_usora,,Usora,,,,,,,,,,,x
b_banjaluka,b_banjaluka,,Banja Luka,,,,,,,,,,,x
b_bihac,b_bihac,,Bihac,,,,,,,,,,,x
b_jajce,b_jajce,,Jajce,,,,,,,,,,,x
b_bocac,b_bocac,,Bocac,,,,,,,,,,,x
b_kuljc,b_kuljc,,Kuljc,,,,,,,,,,,x
b_prijedor,b_prijedor,,Prijedor,,,,,,,,,,,x
b_blagaj,b_blagaj,,Blagaj,,,,,,,,,,,x
d_croatia,d_croatia,,Croatia,,,,,,,,,,,x
d_croatia,d_croatia_adj,,Croatian,,,,,,,,,,,x
c_zachlumia,PROV466,,Zachlumia,,,,,,,,,,,x
c_zachlumia,c_zachlumia_adj,,Zachlumian,,,,,,,,,,,x
b_mostar,b_mostar,,Mostar,,,,,,,,,,,x
b_duvno,b_duvno,,Duvno,,,,,,,,,,,x
b_livno,b_livno,,Livno,,,,,,,,,,,x
b_capljina,b_capljina,,Caplijna,,,,,,,,,,,x
b_sirokibrijeg,b_sirokibrijeg,,Siroki Brijeg,,,,,,,,,,,x
b_ljubuski,b_ljubuski,,Ljubuski,,,,,,,,,,,x
b_drvar,b_drvar,,Drvar,,,,,,,,,,,x
b_neretva,b_neretva,,Neretva,,,,,,,,,,,x
c_senj,PROV464,,Senj,,,,,,,,,,,x
c_senj,c_senj_adj,,Senjian,,,,,,,,,,,x
c_senj,german,,Zengg,,,,,,,,,,,x
c_senj,greek,,Attienities,,,,,,,,,,,x
c_senj,hungarian,,Zeng,,,,,,,,,,,x
c_senj,italian,,Segna,,,,,,,,,,,x
b_senj,b_senj,,Senj,,,,,,,,,,,x
b_senj,german,,Zengg,,,,,,,,,,,x
b_senj,greek,,Attienities,,,,,,,,,,,x
b_senj,hungarian,,Zeng,,,,,,,,,,,x
b_senj,italian,,Segna,,,,,,,,,,,x
b_kaseg,b_kaseg,,Kaseg,,,,,,,,,,,x
b_brinje,b_brinje,,Brinje,,,,,,,,,,,x
b_karlobag,b_karlobag,,Karlobag,,,,,,,,,,,x
b_perusic,b_perusic,,Perusic,,,,,,,,,,,x
b_donjilapac,b_donjilapac,,Donji Lapac,,,,,,,,,,,x
b_udbina,b_udbina,,Udbina,,,,,,,,,,,x
b_otocac,b_otocac,,Otocac,,,,,,,,,,,x
c_veglia,PROV459,,Veglia,,,,,,,,,,,x
c_veglia,c_veglia_adj,,Veglian,,,,,,,,,,,x
c_veglia,german,,Vegl,,,,,,,,,,,x
c_veglia,greek,,Kyrikon,,,,,,,,,,,x
b_veglia,b_veglia,,Veglia,,,,,,,,,,,x
b_veglia,german,,Vegl,,,,,,,,,,,x
b_veglia,greek,,Kyrikon,,,,,,,,,,,x
b_krk,b_krk,,Krk,,,,,,,,,,,x
b_kraljevica,b_kraljevica,,Kraljevica,,,,,,,,,,,x
b_frankopan,b_frankopan,,Frankopan,,,,,,,,,,,x
b_bakar,b_bakar,,Bakar,,,,,,,,,,,x
b_crikvenica,b_crikvenica,,Crikvenica,,,,,,,,,,,x
b_cres,b_cres,,Cres,,,,,,,,,,,x
b_vrbovsko,b_vrbovsko,,Vrbovsko,,,,,,,,,,,x
d_dalmatia,d_dalmatia,,Dalmatia,,,,,,,,,,,x
d_dalmatia,d_dalmatia_adj,,Dalmatian,,,,,,,,,,,x
c_split,PROV467,,Split,,,,,,,,,,,x
c_split,c_split_adj,,Splitian,,,,,,,,,,,x
c_split,greek,,Spalathos,,,,,,,,,,,x
c_split,italian,,Spalato,,,,,,,,,,,x
b_split,b_split,,Split,,,,,,,,,,,x
b_split,greek,,Spalathos,,,,,,,,,,,x
b_split,italian,,Spalato,,,,,,,,,,,x
b_hvar,b_hvar,,Hvar,,,,,,,,,,,x
b_trogir,b_trogir,,Trogir,,,,,,,,,,,x
b_trogir,greek,,Tragyrion,,,,,,,,,,,x
b_trogir,hungarian,,Trau,,,,,,,,,,,x
b_trogir,italian,,Trau,,,,,,,,,,,x
b_solin,b_solin,,Solin,,,,,,,,,,,x
b_klis,b_klis,,Klis,,,,,,,,,,,x
b_makarska,b_makarska,,Makarska,,,,,,,,,,,x
b_sinj,b_sinj,,Sinj,,,,,,,,,,,x
b_imotski,b_imotski,,Imotski,,,,,,,,,,,x
c_zadar,PROV465,,Zadar,,,,,,,,,,,x
c_zadar,c_zadar_adj,,Zadarian,,,,,,,,,,,x
c_zadar,greek,,Diadora,,,,,,,,,,,x
c_zadar,italian,,Zara,,,,,,,,,,,x
b_zadar,b_zadar,,Zadar,,,,,,,,,,,x
b_zadar,greek,,Diadora,,,,,,,,,,,x
b_zadar,italian,,Zara,,,,,,,,,,,x
b_nin,b_nin,,Nin,,,,,,,,,,,x
b_knin,b_knin,,Knin,,,,,,,,,,,x
b_sibenik,b_sibenik,,Sibenik,,,,,,,,,,,x
b_novigrad,b_novigrad,,Novigrad,,,,,,,,,,,x
b_benkovac,b_benkovac,,Benkovac,,,,,,,,,,,x
b_obrovac,b_obrovac,,Obrovac,,,,,,,,,,,x
b_pag,b_pag,,Pag,,,,,,,,,,,x
