#TITLE,KEY,VALUE,SWMH,,,,,,,,,,,x
d_nikaea,d_nikaea,,Nikaea,,,,,,,,,,,x
d_nikaea,d_nikaea_adj,,Nikaean,,,,,,,,,,,x
c_nikaea,PROV750,,Nikaea,,,,,,,,,,,x
c_nikaea,c_nikaea_adj,,Nikaean,,,,,,,,,,,x
c_nikaea,turkish,,Iznik,,,,,,,,,,,x
b_nikaea,b_nikaea,,Nikaea,,,,,,,,,,,x
b_nikaea,turkish,,Iznik,,,,,,,,,,,x
b_kios,b_kios,,Kios,,,,,,,,,,,x
b_optimatum,b_optimatum,,Optimatum,,,,,,,,,,,x
b_petobriga,b_petobriga,,Petobriga,,,,,,,,,,,x
b_kotyaion,b_kotyaion,,Kotyaion,,,,,,,,,,,x
b_palaeokastron,b_palaeokastron,,Palaeokastron,,,,,,,,,,,x
b_yalova,b_yalova,,Yalova,,,,,,,,,,,x
b_modrene,b_modrene,,Modrene,,,,,,,,,,,x
c_nikomedeia,PROV741,,Nikomedeia,,,,,,,,,,,x
c_nikomedeia,c_nikomedeia_adj,,Nikomedeian,,,,,,,,,,,x
c_nikomedeia,turkish,,Izmit,,,,,,,,,,,x
b_nikomedeia,b_nikomedeia,,Nikomedeia,,,,,,,,,,,x
b_nikomedeia,turkish,,Izmit,,,,,,,,,,,x
b_chalkedon,b_chalkedon,,Chalkedon,,,,,,,,,,,x
b_chrysopolis,b_chrysopolis,,Chrysopolis,,,,,,,,,,,x
b_praenetos,b_praenetos,,Prae,,,,,,,,,,,x
b_calpe,b_calpe,,Calpe,,,,,,,,,,,x
b_palodes,b_palodes,,Palodes,,,,,,,,,,,x
b_adapazari,b_adapazari,,Adapazari,,,,,,,,,,,x
b_adapazari,greek,,Mesonesion,,,,,,,,,,,x
b_malagina,b_malagina,,Malaginan,,,,,,,,,,,x
c_prusa,PROV742,,Prusa,,,,,,,,,,,x
c_prusa,c_prusa_adj,,Prusanian,,,,,,,,,,,x
c_prusa,turkish,,Bursa,,,,,,,,,,,x
b_prusa,b_prusa,,Prusa,,,,,,,,,,,x
b_prusa,turkish,,Hüdavendigar,,,,,,,,,,,x
b_darieium,b_darieium,,Darieium,,,,,,,,,,,x
b_darieium,greek,,Dorieion,,,,,,,,,,,x
b_darieium,turkish,,Sögüt,,,,,,,,,,,x
b_apamea,b_apamea,,Apamea,,,,,,,,,,,x
b_apamea,greek,,Trigleia,,,,,,,,,,,x
b_apamea,turkish,,Tirilye,,,,,,,,,,,x
b_docimium,b_docimium,,Docimium,,,,,,,,,,,x
b_docimium,greek,,Dokimeion,,,,,,,,,,,x
b_docimium,turkish,,Iscehisar,,,,,,,,,,,x
b_adrastea,b_adrastea,,Adrastea,,,,,,,,,,,x
b_thyatira,b_thyatira,,Thyatira,,,,,,,,,,,x
b_pelopia,b_pelopia,,Pelopia,,,,,,,,,,,x
b_miletopolis,b_miletopolis,,Miletopolis,,,,,,,,,,,x
c_kyzikos,PROV743,,Kyzikos,,,,,,,,,,,x
c_kyzikos,c_kyzikos_adj,,Kyzikosian,,,,,,,,,,,x
c_kyzikos,turkish,,Erdek,,,,,,,,,,,x
b_kyzikos,b_kyzikos,,Kyzikos,,,,,,,,,,,x
b_kyzikos,turkish,,Aydincik,,,,,,,,,,,x
b_artake,b_artake,,Artake,,,,,,,,,,,x
b_artake,turkish,,Erdek,,,,,,,,,,,x
b_militopolis,b_militopolis,,Militopolis,,,,,,,,,,,x
b_kremasti,b_kremasti,,Kremasti,,,,,,,,,,,x
b_adrianutherai,b_adrianutherai,,Adrianutherai,,,,,,,,,,,x
b_myrina,b_myrina,,Myrina,,,,,,,,,,,x
b_percote,b_percote,,Percote,,,,,,,,,,,x
b_arisbe,b_arisbe,,Arisbe,,,,,,,,,,,x
d_samos,d_samos,,Samos,,,,,,,,,,,x
d_samos,d_samos_adj,,Samosian,,,,,,,,,,,x
c_ephesos,PROV746,,Ephesos,,,,,,,,,,,x
c_ephesos,c_ephesos_adj,,Ephesosian,,,,,,,,,,,x
c_ephesos,turkish,,Ayasoluk,,,,,,,,,,,x
b_ephesos,b_ephesos,,Ephesos,,,,,,,,,,,x
b_ephesos,turkish,,Ayasoluk,,,,,,,,,,,x
b_lebedos,b_lebedos,,Lebedos,,,,,,,,,,,x
b_miletos,b_miletos,,Miletos,,,,,,,,,,,x
b_magnesia,b_magnesia,,Magnesia,,,,,,,,,,,x
b_tralles,b_tralles,,Tralles,,,,,,,,,,,x
b_iassos,b_iassos,,Iassos,,,,,,,,,,,x
b_palation,b_palation,,Palation,,,,,,,,,,,x
b_petron,b_petron,,Petron,,,,,,,,,,,x
c_smyrna,PROV745,,Smyrna,,,,,,,,,,,x
c_smyrna,c_smyrna_adj,,Smyrnan,,,,,,,,,,,x
c_smyrna,turkish,,Izmir,,,,,,,,,,,x
b_smyrna,b_smyrna,,Smyrna,,,,,,,,,,,x
b_smyrna,turkish,,Izmir,,,,,,,,,,,x
b_pergamon,b_pergamon,,Pergamon,,,,,,,,,,,x
b_phokaia,b_phokaia,,Pholaia,,,,,,,,,,,x
b_adramyttion,b_adramyttion,,Adramyttion,,,,,,,,,,,x
b_chio,b_chio,,Chio,,,,,,,,,,,x
b_klazomeanai,b_klazomeanai,,Klazomeanai,,,,,,,,,,,x
b_kydonia,b_kydonia,,Kydonia,,,,,,,,,,,x
b_erythrai,b_erythrai,,Erythrai,,,,,,,,,,,x
c_chios,PROV486,,Chios,,,,,,,,,,,x
c_chios,turkish,,Sisam,,,,,,,,,,,x
b_samos,b_samos,,Samos,,,,,,,,,,,x
b_samos,turkish,,Sisam,,,,,,,,,,,x
b_chios,b_chios,,Chios,,,,,,,,,,,x
b_chios,turkish,,Sakiz,,,,,,,,,,,x
b_tigani,b_tigani,,Tigani,,,,,,,,,,,x
b_marathokampos,b_marathokampos,,Marathokampos,,,,,,,,,,,x
b_ikaria,b_ikaria,,Ikaria,,,,,,,,,,,x
b_fourni,b_fourni,,Fourni,,,,,,,,,,,x
b_chrysostomos,b_chrysostomos,,Chrysostomos,,,,,,,,,,,x
b_pagondas,b_pagondas,,Pagondas,,,,,,,,,,,x
d_aegean_islands,d_aegean_islands,,Aegean Islands,,,,,,,,,,,x
d_aegean_islands,d_aegean_islands_adj,,Aegean,,,,,,,,,,,x
c_abydos,PROV744,,Abydos,,,,,,,,,,,x
c_abydos,c_abydos_adj,,Abydosian,,,,,,,,,,,x
c_abydos,turkish,,Balakhisar,,,,,,,,,,,x
b_abydos,b_abydos,,Abydos,,,,,,,,,,,x
b_abydos,turkish,,Balakhisar,,,,,,,,,,,x
b_lampsakos,b_lampsakos,,Lampsakos,,,,,,,,,,,x
b_alexandriatroas,b_alexandriatroas,,Alexandria Troas,,,,,,,,,,,x
b_pigai,b_pigai,,Pigai,,,,,,,,,,,x
b_aegae,b_aegae,,Aegae,,,,,,,,,,,x
b_allianoi,b_allianoi,,Allianoi,,,,,,,,,,,x
b_cebrene,b_cebrene,,Cebrene,,,,,,,,,,,x
b_elaia,b_elaia,,Elaia,,,,,,,,,,,x
c_naxos,PROV484,,Naxos,,,,,,,,,,,x
c_naxos,c_naxos_adj,,Naxosian,,,,,,,,,,,x
c_naxos,italian,,Egeopelagi,,,,,,,,,,,x
c_naxos,turkish,,Kiklad,,,,,,,,,,,x
b_naxos,b_naxos,,Naxos,,,,,,,,,,,x
b_naxos,italian,,Nasso,,,,,,,,,,,x
b_naxos,turkish,,Naksa,,,,,,,,,,,x
b_hermoupolis,b_hermoupolis,,Hermoupolis,,,,,,,,,,,x
b_hermoupolis,italian,,Syra,,,,,,,,,,,x
b_hermoupolis,turkish,,Sire,,,,,,,,,,,x
b_santorini,b_santorini,,Santorini,,,,,,,,,,,x
b_santorini,greek,,Thera,,,,,,,,,,,x
b_santorini,turkish,,Santoron,,,,,,,,,,,x
b_andros,b_andros,,Andros,,,,,,,,,,,x
b_tinos,b_tinos,,Tinos,,,,,,,,,,,x
b_mykonos,b_mykonos,,Mykonos,,,,,,,,,,,x
b_kastraki,b_kastraki,,Kastraki,,,,,,,,,,,x
b_filoti,b_filoti,,Filoti,,,,,,,,,,,x
c_euboia,PROV485,,Euboia,,,,,,,,,,,x
c_euboia,c_euboia_adj,,Euboian,,,,,,,,,,,x
c_euboia,italian,,Negroponte,,,,,,,,,,,x
c_euboia,turkish,,Egriboz,,,,,,,,,,,x
b_chalkis,b_chalkis,,Chalkis,,,,,,,,,,,x
b_chalkis,italian,,Negroponte,,,,,,,,,,,x
b_chalkis,turkish,,Egriboz,,,,,,,,,,,x
b_kymi,b_kymi,,Kými,,,,,,,,,,,x
b_karystos,b_karystos,,Karystos,,,,,,,,,,,x
b_oreoi,b_oreoi,,Oreoi,,,,,,,,,,,x
b_artemisio,b_artemisio,,Artemisio,,,,,,,,,,,x
b_istiaia,b_istiaia,,Istiaia,,,,,,,,,,,x
b_lilantia,b_lilantia,,Lilantia,,,,,,,,,,,x
b_messapia,b_messapia,,Messapia,,,,,,,,,,,x
c_lesbos,PROV487,,Lesbos,,,,,,,,,,,x
c_lesbos,c_lesbos_adj,,Lesbosian,,,,,,,,,,,x
c_lesbos,turkish,,Midilli,,,,,,,,,,,x
b_mytilene,b_mytilene,,Mytilene,,,,,,,,,,,x
b_mytilene,turkish,,Midilli,,,,,,,,,,,x
b_mithymna,b_mithymna,,Mithymna,,,,,,,,,,,x
b_plomari,b_plomari,,Plomari,,,,,,,,,,,x
b_agiasos,b_agiasos,,Agiasos,,,,,,,,,,,x
b_eresos,b_eresos,,Eresos,,,,,,,,,,,x
b_kalloni,b_kalloni,,Kalloni,,,,,,,,,,,x
b_thasos,b_thasos,,Thasos,,,,,,,,,,,x
b_moudros,b_moudros,,Moudros,,,,,,,,,,,x
d_cibyrrhaeot,d_cibyrrhaeot,,Cibyrrhaeot,,,,,,,,,,,x
d_cibyrrhaeot,d_cibyrrhaeot_adj,,Cibyrrhaeotian,,,,,,,,,,,x
c_attaleia,PROV755,,Attaleia,,,,,,,,,,,x
c_attaleia,c_attaleia_adj,,Attaleian,,,,,,,,,,,x
c_attaleia,turkish,,Antalya,,,,,,,,,,,x
b_attaleia,b_attaleia,,Attaleia,,,,,,,,,,,x
b_attaleia,turkish,,Antalya,,,,,,,,,,,x
b_cibyra,b_cibyra,,Cibyra,,,,,,,,,,,x
b_side,b_side,,Side,,,,,,,,,,,x
b_slege,b_slege,,Slege,,,,,,,,,,,x
b_sagalassos,b_sagalassos,,Sagalassos,,,,,,,,,,,x
b_galanauros,b_galanauros,,Galanauros,,,,,,,,,,,x
b_panemotichus,b_panemotichus,,Panemotichus,,,,,,,,,,,x
b_sillyon,b_sillyon,,Sillyon,,,,,,,,,,,x
c_rhodos,PROV483,,Rhodos,,,,,,,,,,,x
c_rhodos,c_rhodos_adj,,Rhodian,,,,,,,,,,,x
b_rhodos,b_rhodos,,Rhodos,,,,,,,,,,,x
b_lindos,b_lindos,,Lindos,,,,,,,,,,,x
b_kos,b_kos,,Kos,,,,,,,,,,,x
b_karpathos,b_karpathos,,Karpathos,,,,,,,,,,,x
b_pefkos,b_pefkos,,Pefkos,,,,,,,,,,,x
b_ialysos,b_ialysos,,Ialysos,,,,,,,,,,,x
b_haraki,b_haraki,,Haraki,,,,,,,,,,,x
b_koskinou,b_koskinou,,Koskinou,,,,,,,,,,,x
c_lykia,PROV747,,Lykia,,,,,,,,,,,x
c_lykia,c_lykia_adj,,Lykian,,,,,,,,,,,x
c_lykia,turkish,,Mugla,,,,,,,,,,,x
b_halikarnassos,b_halikarnassos,,Halikarnassos,,,,,,,,,,,x
b_halikarnassos,turkish,,Bodrum,,,,,,,,,,,x
b_myra,b_myra,,Myra,,,,,,,,,,,x
b_telmissos,b_telmissos,,Telmissos,,,,,,,,,,,x
b_telmissos,turkish,,Mugla,,,,,,,,,,,x
b_kibyra,b_kibyra,,Kibyra,,,,,,,,,,,x
b_patara,b_patara,,Patara,,,,,,,,,,,x
b_mylasa,b_mylasa,,Mylasa,,,,,,,,,,,x
b_mylasa,turkish,,Milas,,,,,,,,,,,x
b_limyra,b_limyra,,Limyra,,,,,,,,,,,x
b_phaselis,b_phaselis,,Phaselis,,,,,,,,,,,x
k_anatolia,k_anatolia,,Anatolia,,,,,,,,,,,x
k_anatolia,k_anatolia_adj,,Anatolian,,,,,,,,,,,x
d_anatolia,d_anatolia,,Anatolia,,,,,,,,,,,x
d_anatolia,d_anatolia_adj,,Anatolian,,,,,,,,,,,x
c_dorylaion,PROV749,,Dorylaion,,,,,,,,,,,x
c_dorylaion,c_dorylaion_adj,,Dorylaionian,,,,,,,,,,,x
c_dorylaion,turkish,,Kütahya,,,,,,,,,,,x
b_dorylaion,b_dorylaion,,Dorylaion,,,,,,,,,,,x
b_dorylaion,turkish,,Eskisehir,,,,,,,,,,,x
b_pessinus,b_pessinus,,Pessinus,,,,,,,,,,,x
b_kotiaion,b_kotiaion,,Kotiaion,,,,,,,,,,,x
b_kotiaion,turkish,,Kütahya,,,,,,,,,,,x
b_orkistos,b_orkistos,,Orkistos,,,,,,,,,,,x
b_polybotos,b_polybotos,,Polybotos,,,,,,,,,,,x
b_iustinianopolis,b_iustinianopolis,,Iustinianopolis,,,,,,,,,,,x
b_carura,b_carura,,Carura,,,,,,,,,,,x
b_germia,b_germia,,Germia,,,,,,,,,,,x
c_ikonion,PROV759,,Ikonion,,,,,,,,,,,x
c_ikonion,c_ikonion_adj,,Ikonionian,,,,,,,,,,,x
c_ikonion,turkish,,Konya,,,,,,,,,,,x
b_ikonion,b_ikonion,,Ikonion,,,,,,,,,,,x
b_ikonion,turkish,,Konya,,,,,,,,,,,x
b_lisdra,b_lisdra,,Lisdra,,,,,,,,,,,x
b_gaspadale,b_gaspadale,,Gaspadale,,,,,,,,,,,x
b_isauria,b_isauria,,Isauria,,,,,,,,,,,x
b_laranda,b_laranda,,Laranda,,,,,,,,,,,x
b_terpe,b_terpe,,Terpe,,,,,,,,,,,x
b_amblada,b_amblada,,Amblada,,,,,,,,,,,x
b_sauatra,b_sauatra,,Sauatra,,,,,,,,,,,x
d_thracesia,d_thracesia,,Thracesia,,,,,,,,,,,x
d_thracesia,d_thracesia_adj,,Thracesian,,,,,,,,,,,x
c_sozopolis,PROV754,,Sozopolis,,,,,,,,,,,x
c_sozopolis,c_sozopolis_adj,,Sozopolisian,,,,,,,,,,,x
c_sozopolis,turkish,,Isparta,,,,,,,,,,,x
b_souzopolis,b_souzopolis,,Sozopolis,,,,,,,,,,,x
b_souzopolis,turkish,,Afyonkarahisar,,,,,,,,,,,x
b_synnada,b_synnada,,Synnada,,,,,,,,,,,x
b_aezani,b_aezani,,Aezani,,,,,,,,,,,x
b_cadi,b_cadi,,Cado,,,,,,,,,,,x
b_polidorion,b_polidorion,,Polidorion,,,,,,,,,,,x
b_kelainai,b_kelainai,,Kelainai,,,,,,,,,,,x
b_dinar,b_dinar,,Dinar,,,,,,,,,,,x
b_isparta,b_isparta,,Isparta,,,,,,,,,,,x
b_isparta,greek,,Baris,,,,,,,,,,,x
c_laodikeia,PROV748,,Laodikeia,,,,,,,,,,,x
c_laodikeia,c_laodikeia_adj,,Laodikeian,,,,,,,,,,,x
c_laodikeia,turkish,,Alasehir,,,,,,,,,,,x
b_laodikeia,b_laodikeia,,Laodikeia,,,,,,,,,,,x
b_philadelphia,b_philadelphia,,Philadelphia,,,,,,,,,,,x
b_philadelphia,turkish,,Alasehir,,,,,,,,,,,x
b_rhoas,b_rhoas,,Rhoas,,,,,,,,,,,x
b_sardes,b_sardes,,Sardes,,,,,,,,,,,x
b_hieropolis,b_hieropolis,,Hieropolis,,,,,,,,,,,x
b_kona,b_kona,,Kona,,,,,,,,,,,x
b_gordes,b_gordes,,Gordes,,,,,,,,,,,x
b_flaviupolis,b_flaviupolis,,Flaviupolis,,,,,,,,,,,x
d_charsianon,d_charsianon,,Charsianon,,,,,,,,,,,x
d_charsianon,d_charsianon_adj,,Charsianine,,,,,,,,,,,x
c_kaisereia,PROV737,,Kaisereia,,,,,,,,,,,x
c_kaisereia,c_kaisereia_adj,,Kaisereian,,,,,,,,,,,x
c_kaisereia,turkish,,Kayseri,,,,,,,,,,,x
b_kaisereia,b_kaisereia,,Kaisereia,,,,,,,,,,,x
b_kaisereia,turkish,,Kayseri,,,,,,,,,,,x
b_misti,b_misti,,Misti,,,,,,,,,,,x
b_talas,b_talas,,Talas,,,,,,,,,,,x
b_sariz,b_sariz,,Sariz,,,,,,,,,,,x
b_masaka,b_masaka,,Masaka,,,,,,,,,,,x
b_dobada,b_dobada,,Dobada,,,,,,,,,,,x
b_venessa,b_venessa,,Venessa,,,,,,,,,,,x
b_zoropassos,b_zoropassos,,Zoropassos,,,,,,,,,,,x
c_galatia,PROV752,,Galatia,,,,,,,,,,,x
c_galatia,c_galatia_adj,,Galatian,,,,,,,,,,,x
c_galatia,turkish,,Kirsehir,,,,,,,,,,,x
b_mikissos,b_mikissos,,Mikissos,,,,,,,,,,,x
b_mikissos,turkish,,Kirsehir,,,,,,,,,,,x
b_tavia,b_tavia,,Tavia,,,,,,,,,,,x
b_asponia,b_asponia,,Asponia,,,,,,,,,,,x
b_nyssa,b_nyssa,,Nyssa,,,,,,,,,,,x
b_carissa,b_carissa,,Carissa,,,,,,,,,,,x
b_kochisar,b_kochisar,,Kochisar,,,,,,,,,,,x
b_karacaviran,b_karacaviran,,Karacaviran,,,,,,,,,,,x
b_garsaura,b_garsaura,,Garsaura,,,,,,,,,,,x
c_tyana,PROV760,,Tyana,,,,,,,,,,,x
c_tyana,c_tyana_adj,,Tyanan,,,,,,,,,,,x
c_tyana,turkish,,Aksaray,,,,,,,,,,,x
b_tyana,b_tyana,,Tyana,,,,,,,,,,,x
b_archelais,b_archelais,,Archelais,,,,,,,,,,,x
b_archelais,turkish,,Aksaray,,,,,,,,,,,x
b_anatoliaheraklea,b_anatoliaheraklea,,Heraklea,,,,,,,,,,,x
b_nazianus,b_nazianus,,Nazianus,,,,,,,,,,,x
b_cybistra,b_cybistra,,Cybistra,,,,,,,,,,,x
b_gamar,b_gamar,,Gamar,,,,,,,,,,,x
b_tomarza,b_tomarza,,Tomarza,,,,,,,,,,,x
b_faustinopolis,b_faustinopolis,,Faustionopolis,,,,,,,,,,,x
d_armeniacon,d_armeniacon,,Armeniacon,,,,,,,,,,,x
d_armeniacon,d_armeniacon_adj,,Armeniaconian,,,,,,,,,,,x
c_amisos,PROV738,,Amisos,,,,,,,,,,,x
c_amisos,c_amisos_adj,,Amisosian,,,,,,,,,,,x
c_amisos,turkish,,Amasya,,,,,,,,,,,x
b_amisos,b_amisos,,Amisos,,,,,,,,,,,x
b_amasia,b_amasia,,Amasia,,,,,,,,,,,x
b_amasia,turkish,,Amasya,,,,,,,,,,,x
b_thermodon,b_thermodon,,Thermodon,,,,,,,,,,,x
b_eupatoria,b_eupatoria,,Eupatoria,,,,,,,,,,,x
b_zela,b_zela,,Zela,,,,,,,,,,,x
b_dazimon,b_dazimon,,Dazimon,,,,,,,,,,,x
b_neokaisarea,b_neokaisarea,,Neokaisarea,,,,,,,,,,,x
b_phadisane,b_phadisane,,Phadisane,,,,,,,,,,,x
c_sinope,PROV739,,Sinope,,,,,,,,,,,x
c_sinope,c_sinope_adj,,Sinopean,,,,,,,,,,,x
b_sinope,b_sinope,,Sinope,,,,,,,,,,,x
b_pompeiopolis,b_pompeiopolis,,Pompeiopolis,,,,,,,,,,,x
b_germanicopolis,b_germanicopolis,,Germanicopolis,,,,,,,,,,,x
b_aboniteichos,b_aboniteichos,,Aboniteichos,,,,,,,,,,,x
b_amastris,b_amastris,,Amastris,,,,,,,,,,,x
b_comana,b_comana,,Comana,,,,,,,,,,,x
b_talaura,b_talaura,,Talaura,,,,,,,,,,,x
b_themiscyra,b_themiscyra,,Themiscyra,,,,,,,,,,,x
d_paphlagonia,d_paphlagonia,,Paphlagonia,,,,,,,,,,,x
d_paphlagonia,d_paphlagonia_adj,,Paphlagonian,,,,,,,,,,,x
c_paphlagonia,PROV751,,Paphlagonia,,,,,,,,,,,x
c_paphlagonia,c_paphlagonia_adj,,Paphlagonian,,,,,,,,,,,x
c_paphlagonia,turkish,,Kastamonu,,,,,,,,,,,x
b_kastamonu,b_kastamonu,,Castra Comnenus,,,,,,,,,,,x
b_anastasiopolis,b_anastasiopolis,,Anastasiopolis,,,,,,,,,,,x
b_gangra,b_gangra,,Gangra,,,,,,,,,,,x
b_safranbolu,b_safranbolu,,Safranbolu,,,,,,,,,,,x
b_cabira,b_cabira,,Cabira,,,,,,,,,,,x
b_bolu,b_bolu,,Bolu,,,,,,,,,,,x
b_zaliscus,b_zaliscus,,Zaliscus,,,,,,,,,,,x
b_leontopolis,b_leontopolis,,Leontopolis,,,,,,,,,,,x
c_herakleia,PROV740,,Herakleia,,,,,,,,,,,x
c_herakleia,c_herakleia_adj,,Herakleian,,,,,,,,,,,x
c_herakleia,turkish,,Eregli,,,,,,,,,,,x
b_herakleia,b_herakleia,,Herakleia,,,,,,,,,,,x
b_herakleia,turkish,,Eregli,,,,,,,,,,,x
b_claudiopolis,b_claudiopolis,,Claudiopolis,,,,,,,,,,,x
b_flaviopolis,b_flaviopolis,,Flaviopolis,,,,,,,,,,,x
b_polis,b_polis,,Polis,,,,,,,,,,,x
b_bithynium,b_bithynium,,Bithynium,,,,,,,,,,,x
b_zephyropoli,b_zephyropoli,,Zephyropoli,,,,,,,,,,,x
b_amastrine,b_amastrine,,Amastrine,,,,,,,,,,,x
b_tium,b_tium,,Tium,,,,,,,,,,,x
c_ankyra,PROV753,,Ancyra,,,,,,,,,,,x
c_ankyra,c_ankyra_adj,,Ancyran,,,,,,,,,,,x
c_ankyra,turkish,,Ankara,,,,,,,,,,,x
b_ankyra,b_ankyra,,Ancyra,,,,,,,,,,,x
b_ankyra,turkish,,Ankara,,,,,,,,,,,x
b_germa,b_germa,,Germa,,,,,,,,,,,x
b_akroynon,b_akroynon,,Akroynon,,,,,,,,,,,x
b_gordium,b_gordium,,Gordium,,,,,,,,,,,x
b_amorion,b_amorion,,Amorion,,,,,,,,,,,x
b_gordoservon,b_gordoservon,,Gordoservon,,,,,,,,,,,x
b_nakoleia,b_nakoleia,,Nakoleia,,,,,,,,,,,x
b_haymana,b_haymana,,Haymana,,,,,,,,,,,x
d_trebizond,d_trebizond,,Trebizond,,,,,,,,,,,x
d_trebizond,d_trebizond_adj,,Trebizondian,,,,,,,,,,,x
c_theodosiopolis,PROV704,,Theodosiopolis,,,,,,,,,,,x
c_theodosiopolis,c_theodosiopolis_adj,,Theodosiopolite,,,,,,,,,,,x
b_theodosiopolis,b_theodosiopolis,,Theodosiopolis,,,,,,,,,,,x
b_argyropolis,b_argyropolis,,Argyropolis,,,,,,,,,,,x
b_citharizum,b_citharizum,,Citharizum,,,,,,,,,,,x
b_satala,b_satala,,Satala,,,,,,,,,,,x
b_thera,b_thera,,Thera,,,,,,,,,,,x
b_oukhiti,b_oukhiti,,Oukhiti,,,,,,,,,,,x
b_askale,b_askale,,Askale,,,,,,,,,,,x
b_tortum,b_tortum,,Tortum,,,,,,,,,,,x
c_trapezous,PROV678,,Trapezous,,,,,,,,,,,x
c_trapezous,c_trapezous_adj,,Trapezousian,,,,,,,,,,,x
b_trapezous,b_trapezous,,Trapezous,,,,,,,,,,,x
b_koralla,b_koralla,,Koralla,,,,,,,,,,,x
b_rizaion,b_rizaion,,Rizaion,,,,,,,,,,,x
b_paiperta,b_paiperta,,Paiperta,,,,,,,,,,,x
b_rizini,b_rizini,,Rizini,,,,,,,,,,,x
b_alucra,b_alucra,,Alucra,,,,,,,,,,,x
b_kelkit,b_kelkit,,Kelkit,,,,,,,,,,,x
b_dereli,b_dereli,,Dereli,,,,,,,,,,,x
c_chaldea,PROV705,,Chaldea,,,,,,,,,,,x
c_chaldea,c_chaldea_adj,,Chaldean,,,,,,,,,,,x
b_kerasous,b_kerasous,,Kerasous,,,,,,,,,,,x
b_cotyora,b_cotyora,,Cotyora,,,,,,,,,,,x
b_camachus,b_camachus,,Camachus,,,,,,,,,,,x
b_ibora,b_ibora,,Ibora,,,,,,,,,,,x
b_podandos,b_podandos,,Podandos,,,,,,,,,,,x
b_tilgarimo,b_tilgarimo,,Tilgarimo,,,,,,,,,,,x
b_sebastea,b_sebastea,,Sebastea,,,,,,,,,,,x
b_sebastea,armenian,,Sebasta,,,,,,,,,,,x
b_sebastea,greek,,Sebasteia,,,,,,,,,,,x
b_sebastea,turkish,,Sivas,,,,,,,,,,,x
b_heracleopolis,b_heracleopolis,,Heracleopolis,,,,,,,,,,,x
d_armenia_minor,d_armenia_minor,,Cilicia,,,,,,,,,,,x
d_armenia_minor,d_armenia_minor_adj,,Cilician,,,,,,,,,,,x
d_armenia_minor,d_armenia_minor_adj_armenian,,Armenian,,,,,,,,,,,x
d_armenia_minor,armenian,,Armenia Minor,,,,,,,,,,,x
c_lykandos,PROV736,,Lykandos,,,,,,,,,,,x
c_lykandos,c_lykandos_adj,,Lykandosian,,,,,,,,,,,x
c_lykandos,turkish,,Elbistan,,,,,,,,,,,x
b_lykandos,b_lykandos,,Lykandos,,,,,,,,,,,x
b_lykandos,turkish,,Elbistan,,,,,,,,,,,x
b_tzamandos,b_tzamandos,,Tzamandos,,,,,,,,,,,x
b_comanagene,b_comanagene,,Comanagene,,,,,,,,,,,x
b_symposion,b_symposion,,Symposion,,,,,,,,,,,x
b_papurius,b_papurius,,Papurius,,,,,,,,,,,x
b_cocussus,b_cocussus,,Cocussus,,,,,,,,,,,x
b_germanikeia,b_germanikeia,,Germanikeia,,,,,,,,,,,x
b_arabissus,b_arabissus,,Arabissus,,,,,,,,,,,x
c_tarsos,PROV761,,Tarsos,,,,,,,,,,,x
c_tarsos,c_tarsos_adj,,Tarsosian,,,,,,,,,,,x
c_tarsos,armenian,,Darson,,,,,,,,,,,x
c_tarsos,turkish,,Mersin,,,,,,,,,,,x
b_tarsos,b_tarsos,,Tarsos,,,,,,,,,,,x
b_tarsos,armenian,,Darson,,,,,,,,,,,x
b_tarsos,turkish,,Mersin,,,,,,,,,,,x
b_lamas,b_lamas,,Lamas,,,,,,,,,,,x
b_castabala,b_castabala,,Castabala,,,,,,,,,,,x
b_lampron,b_lampron,,Lampron,,,,,,,,,,,x
b_zephyrium,b_zephyrium,,Zephyrium,,,,,,,,,,,x
b_pendosis,b_pendosis,,Pendosis,,,,,,,,,,,x
b_korikos,b_korikos,,Korikos,,,,,,,,,,,x
b_bardzerben,b_bardzerben,,Bardzerben,,,,,,,,,,,x
c_adana,PROV762,,Adana,,,,,,,,,,,x
c_adana,c_adana_adj,,Adanan,,,,,,,,,,,x
b_adana,b_adana,,Adana,,,,,,,,,,,x
b_sis,b_sis,,Sis,,,,,,,,,,,x
b_anazarba,b_anazarba,,Anazarba,,,,,,,,,,,x
b_mamistra,b_mamistra,,Mamistra,,,,,,,,,,,x
b_lajazzo,b_lajazzo,,Lajazzo,,,,,,,,,,,x
b_lajazzo,armenian,,Ayas,,,,,,,,,,,x
b_lajazzo,greek,,Aegeas,,,,,,,,,,,x
b_trazak,b_trazak,,Trazak,,,,,,,,,,,x
b_vahka,b_vahka,,Vahka,,,,,,,,,,,x
b_mopsuestia,b_mopsuestia,,Mopsuestia,,,,,,,,,,,x
c_teluch,PROV735,,Teluch,,,,,,,,,,,x
c_teluch,c_teluch_adj,,Teluchian,,,,,,,,,,,x
c_teluch,greek,,Doliche,,,,,,,,,,,x
c_teluch,turkish,,Gâvur,,,,,,,,,,,x
b_teluch,b_teluch,,Teluch,,,,,,,,,,,x
b_teluch,greek,,Doliche,,,,,,,,,,,x
b_teluch,turkish,,Kadirli,,,,,,,,,,,x
b_germanias,b_germanias,,Germanias,,,,,,,,,,,x
b_germanias,turkish,,Haruniye,,,,,,,,,,,x
b_perre,b_perre,,Perre,,,,,,,,,,,x
b_komanal,b_komanal,,Komanal,,,,,,,,,,,x
b_kapan,b_kapan,,Kapan,,,,,,,,,,,x
b_tavplur,b_tavplur,,Tavplur,,,,,,,,,,,x
b_koksen,b_koksen,,Koksen,,,,,,,,,,,x
b_hajin,b_hajin,,Hajin,,,,,,,,,,,x
c_seleukeia,PROV758,,Seleukeia,,,,,,,,,,,x
c_seleukeia,c_seleukeia_adj,,Seleukeian,,,,,,,,,,,x
c_seleukeia,turkish,,Silifke,,,,,,,,,,,x
b_seleukeia,b_seleukeia,,Seleukeia,,,,,,,,,,,x
b_seleukeia,turkish,,Silifke,,,,,,,,,,,x
b_germanak,b_germanak,,Germanak,,,,,,,,,,,x
b_irenopolis,b_irenopolis,,Irenopolis,,,,,,,,,,,x
b_corycus,b_corycus,,Corycus,,,,,,,,,,,x
b_ninica,b_ninica,,Ninica,,,,,,,,,,,x
b_selinus,b_selinus,,Selinus,,,,,,,,,,,x
b_anemurium,b_anemurium,,Anemurium,,,,,,,,,,,x
b_dalisandus,b_dalisandus,,Dalisandus,,,,,,,,,,,x
k_armenia,k_armenia,,Armenia,,,,,,,,,,,x
k_armenia,k_armenia_adj,,Armenian,,,,,,,,,,,x
d_armenia,d_armenia,,Armenia,,,,,,,,,,,x
d_armenia,d_armenia_adj,,Armenian,,,,,,,,,,,x
c_vaspurakan,PROV682,,Vaspurakan,,,,,,,,,,,x
c_vaspurakan,c_vaspurakan_adj,,Vaspurakani,,,,,,,,,,,x
c_vaspurakan,kurdish,,Wan,,,,,,,,,,,x
c_vaspurakan,turkish,,Van,,,,,,,,,,,x
b_haykaberd,b_haykaberd,,Haykaberd,,,,,,,,,,,x
b_van,b_van,,Van,,,,,,,,,,,x
b_surbkhach,b_surbkhach,,Surb Khach,,,,,,,,,,,x
b_vostan,b_vostan,,Vostan,,,,,,,,,,,x
b_varagavank,b_varagavank,,Varagavank,,,,,,,,,,,x
b_aghtamar,b_aghtamar,,Agh'tamar,,,,,,,,,,,x
b_bakear,b_bakear,,Bakear,,,,,,,,,,,x
b_hadamakert,b_hadamakert,,Hadamakert,,,,,,,,,,,x
c_dwin,PROV672,,Dwin,,,,,,,,,,,x
c_dwin,c_dwin_adj,,Dwinian,,,,,,,,,,,x
c_dwin,turkish,,Erivan,,,,,,,,,,,x
b_dvin,b_dvin,,Dvin,,,,,,,,,,,x
b_etchmiadzin,b_etchmiadzin,,Erchmiadzin,,,,,,,,,,,x
b_erebuni,b_erebuni,,Erebuni,,,,,,,,,,,x
b_alaverdi,b_alaverdi,,Alaverdi,,,,,,,,,,,x
b_khorvirap,b_khorvirap,,KhorVirap,,,,,,,,,,,x
b_matsnaberd,b_matsnaberd,,Matsnaberd,,,,,,,,,,,x
b_tumanyan,b_tumanyan,,Tumanyan,,,,,,,,,,,x
c_ani,PROV681,,Ani,,,,,,,,,,,x
c_ani,c_ani_adj,,Anian,,,,,,,,,,,x
c_ani,turkish,,Kars,,,,,,,,,,,x
b_midjnaberd,b_midjnaberd,,Midjnaberd,,,,,,,,,,,x
b_ani,b_ani,,Ani,,,,,,,,,,,x
b_surpasdvadzadzin,b_surpasdvadzadzin,,Surp Asdvadzadzin,,,,,,,,,,,x
b_karutsberd,b_karutsberd,,Karuts Berd,,,,,,,,,,,x
b_karuts,b_karuts,,Karuts,,,,,,,,,,,x
b_artashat,b_artashat,,Arashat,,,,,,,,,,,x
b_oshakan,b_oshakan,,Oshakan,,,,,,,,,,,x
b_zvartnots,b_zvartnots,,Zvartnots,,,,,,,,,,,x
c_lori,PROV1013,,Lori,,,,,,,,,,,x
c_lori,c_lori_adj,,Lorian,,,,,,,,,,,x
b_lori_berd,b_lori_berd,,Lori Berd,,,,,,,,,,,x
b_dzegh,b_dzegh,,Dzegh,,,,,,,,,,,x
b_dmanis,b_dmanis,,Dmanis,,,,,,,,,,,x
b_agarak,b_agarak,,Agarak,,,,,,,,,,,x
b_hovk,b_hovk,,Hovk,,,,,,,,,,,x
b_sanahin,b_sanahin,,Sanahin,,,,,,,,,,,x
b_erkan,b_erkan,,Erkan,,,,,,,,,,,x
d_mesopotamia,d_mesopotamia,,Mesopotamia,,,,,,,,,,,x
d_mesopotamia,d_mesopotamia_adj,,Mesopotamian,,,,,,,,,,,x
c_karin,PROV703,,Karin,,,,,,,,,,,x
c_karin,c_karin_adj,,Karinian,,,,,,,,,,,x
c_karin,turkish,,Erzurum,,,,,,,,,,,x
b_daroynk,b_daroynk,,Daroynk,,,,,,,,,,,x
b_karin,b_karin,,Karin,,,,,,,,,,,x
b_karin,turkish,,Erzurum,,,,,,,,,,,x
b_owshank,b_owshank,,Owshank,,,,,,,,,,,x
b_mardin,b_mardin,,Mardin,,,,,,,,,,,x
b_baghesh,b_baghesh,,Baghesh,,,,,,,,,,,x
b_pasen,b_pasen,,Pasen,,,,,,,,,,,x
b_tercan,b_tercan,,Tercan,,,,,,,,,,,x
b_kirklarkilisesi,b_kirklarkilisesi,,Kirklar Kilisesi,,,,,,,,,,,x
c_mesopotamia,PROV702,,Khliat,,,,,,,,,,,x
c_mesopotamia,c_mesopotamia_adj,,Khliatian,,,,,,,,,,,x
b_tzimisca,b_tzimisca,,Tzimisca,,,,,,,,,,,x
b_martyropolis,b_martyropolis,,Martyrpolis,,,,,,,,,,,x
b_mayafaraqin,b_mayafaraqin,,Mayafaraqin,,,,,,,,,,,x
b_jermuk,b_jermuk,,Jermuk,,,,,,,,,,,x
b_arghana,b_arghana,,Arghana,,,,,,,,,,,x
b_hani,b_hani,,Hani,,,,,,,,,,,x
b_lice,b_lice,,Lice,,,,,,,,,,,x
b_tigranakert,b_tigranakert,,Tigranakert,,,,,,,,,,,x
c_taron,PROV701,,Taron,,,,,,,,,,,x
c_taron,c_taron_adj,,Taronian,,,,,,,,,,,x
b_manzikert,b_manzikert,,Manzikert,,,,,,,,,,,x
b_mush,b_mush,,Mush,,,,,,,,,,,x
b_glak,b_glak,,Glak,,,,,,,,,,,x
b_ararati,b_ararati,,Ararati,,,,,,,,,,,x
b_artchesh,b_artchesh,,Archesh,,,,,,,,,,,x
b_arakelots,b_arakelots,,Arakelots,,,,,,,,,,,x
b_akhlat,b_akhlat,,Akhlat,,,,,,,,,,,x
b_sason,b_sason,,Sason,,,,,,,,,,,x
d_edessa,d_edessa,,Edessa,,,,,,,,,,,x
d_edessa,d_edessa_adj,,Edessan,,,,,,,,,,,x
c_edessa,PROV699,,Edessa,,,,,,,,,,,x
c_edessa,c_edessa_adj,,Edessan,,,,,,,,,,,x
b_edessa,b_edessa,,Edessa,,,,,,,,,,,x
b_sruk,b_sruk,,Sruk,,,,,,,,,,,x
b_bile,b_bile,,Bile,,,,,,,,,,,x
b_tulupe,b_tulupe,,Tulupe,,,,,,,,,,,x
b_kaisun,b_kaisun,,Kaisun,,,,,,,,,,,x
b_samsat,b_samsat,,Samsat,,,,,,,,,,,x
b_harran,b_harran,,Harran,,,,,,,,,,,x
b_edesurfa,b_edesurfa,,Urfa,,,,,,,,,,,x
c_tell_bashir,PROV708,,Tell Bashir,,,,,,,,,,,x
c_tell_bashir,c_tell_bashir_adj,,Tell Bashirian,,,,,,,,,,,x
b_turbessel,b_turbessel,,Turbessel,,,,,,,,,,,x
b_buzaa,b_buzaa,,Buza'a,,,,,,,,,,,x
b_manbij,b_manbij,,Manbij,,,,,,,,,,,x
b_nizip,b_nizip,,Nizip,,,,,,,,,,,x
b_zeugma,b_zeugma,,Zeugma,,,,,,,,,,,x
b_makedonopolis,b_makedonopolis,,Makedonopolis,,,,,,,,,,,x
b_birtha,b_birtha,,Birtha,,,,,,,,,,,x
b_jarabulus,b_jarabulus,,Jarabulus,,,,,,,,,,,x
c_aintab,PROV734,,Aintab,,,,,,,,,,,x
c_aintab,c_aintab_adj,,Aintabian,,,,,,,,,,,x
b_aintab,b_aintab,,Aintab,,,,,,,,,,,x
b_marash,b_marash,,Marash,,,,,,,,,,,x
b_kyrrhos,b_kyrrhos,,Kyrrhos,,,,,,,,,,,x
b_ravendan,b_ravendan,,Ravendan,,,,,,,,,,,x
b_duluk,b_duluk,,Duluk,,,,,,,,,,,x
b_hromgla,b_hromgla,,Hromgla,,,,,,,,,,,x
b_raban,b_raban,,Raban,,,,,,,,,,,x
b_amanus,b_amanus,,Amanus,,,,,,,,,,,x
d_coloneia,d_coloneia,,Coloneia,,,,,,,,,,,x
d_coloneia,d_coloneia_adj,,Coloneian,,,,,,,,,,,x
c_koloneia,PROV706,,Koloneia,,,,,,,,,,,x
c_koloneia,c_koloneia_adj,,Coloneian,,,,,,,,,,,x
b_koloneia,b_koloneia,,Koloneia,,,,,,,,,,,x
b_anatolnikopolis,b_anatolnikopolis,,Nikopolis,,,,,,,,,,,x
b_tephrice,b_tephrice,,Tephrice,,,,,,,,,,,x
b_mazaka,b_mazaka,,Mazaka,,,,,,,,,,,x
b_celtzene,b_celtzene,,Celtzene,,,,,,,,,,,x
b_gamakh,b_gamakh,,Gamakh,,,,,,,,,,,x
b_akn,b_akn,,Akn,,,,,,,,,,,x
b_gerjanis,b_gerjanis,,Gerjanis,,,,,,,,,,,x
c_melitene,PROV707,,Melitene,,,,,,,,,,,x
c_melitene,c_melitene_adj,,Melitenian,,,,,,,,,,,x
b_melitene,b_melitene,,Melitene,,,,,,,,,,,x
b_arca,b_arca,,Arca,,,,,,,,,,,x
b_samosata,b_samosata,,Samosata,,,,,,,,,,,x
b_corduene,b_corduene,,Corduene,,,,,,,,,,,x
b_seneqerim,b_seneqerim,,Senegerim,,,,,,,,,,,x
b_arguvan,b_arguvan,,Arguvan,,,,,,,,,,,x
b_kigi,b_kigi,,Kigi,,,,,,,,,,,x
b_yedisu,b_yedisu,,Yedisu,,,,,,,,,,,x
k_georgia,k_georgia,,Georgia,,,,,,,,,,,x
k_georgia,k_georgia_adj,,Georgian,,,,,,,,,,,x
d_kartli,d_kartli,,Kartli,,,,,,,,,,,x
d_kartli,d_kartli_adj,,Kartlian,,,,,,,,,,,x
c_kartli,PROV679,,Kartli,,,,,,,,,,,x
c_kartli,c_kartli_adj,,Kartlian,,,,,,,,,,,x
b_narikala,b_narikala,,Narikala,,,,,,,,,,,x
b_tbilisi,b_tbilisi,,Tbilisi,,,,,,,,,,,x
b_svetitskhoveli,b_svetitskhoveli,,Svetitskhoveli,,,,,,,,,,,x
b_djvari,b_djvari,,Djavri,,,,,,,,,,,x
b_mtskheta,b_mtskheta,,Mtskheta,,,,,,,,,,,x
b_sioni,b_sioni,,Sioni,,,,,,,,,,,x
b_gori,b_gori,,Gori,,,,,,,,,,,x
b_bebristsikhe,b_bebristsikhe,,Bebris Tsikhe,,,,,,,,,,,x
c_tao,PROV680,,Tao,,,,,,,,,,,x
c_tao,c_tao_adj,,Taoian,,,,,,,,,,,x
c_tao,turkish,,Ahiska,,,,,,,,,,,x
b_panaskerti,b_panaskerti,,Panaskerti,,,,,,,,,,,x
b_artanuji,b_artanuji,,Artanuji,,,,,,,,,,,x
b_khakhuli,b_khakhuli,,Khakhuli,,,,,,,,,,,x
b_khertvisi,b_khertvisi,,Khertvisi,,,,,,,,,,,x
b_akhaltsikhe,b_akhaltsikhe,,Akhaltsikhe,,,,,,,,,,,x
b_oshki,b_oshki,,Oshki,,,,,,,,,,,x
b_vardzia,b_vardzia,,Vardzia,,,,,,,,,,,x
b_ughtik,b_ughtik,,Ughtik,,,,,,,,,,,x
c_guria,PROV677,,Guria,,,,,,,,,,,x
c_guria,c_guria_adj,,Gurian,,,,,,,,,,,x
c_guria,armenian,,Yeger,,,,,,,,,,,x
c_guria,greek,,Lazike,,,,,,,,,,,x
c_guria,turkish,,Batum,,,,,,,,,,,x
b_bukistsikhe,b_bukistsikhe,,Bukistsikhe,,,,,,,,,,,x
b_batum,b_batum,,Batum,,,,,,,,,,,x
b_udabno,b_udabno,,Udabno,,,,,,,,,,,x
b_gonio,b_gonio,,Gonio,,,,,,,,,,,x
b_ozurgeti,b_ozurgeti,,Ozurgeti,,,,,,,,,,,x
b_skhalta,b_skhalta,,Skhalta,,,,,,,,,,,x
b_tsikhisdziri,b_tsikhisdziri,,Tsikhusdziri,,,,,,,,,,,x
b_khula,b_khula,,Khula,,,,,,,,,,,x
c_kakheti,PROV676,,Kakheti,,,,,,,,,,,x
c_kakheti,c_kakheti_adj,,Kakhetian,,,,,,,,,,,x
b_zedazaden,b_zedazaden,,Zeda-Zaden,,,,,,,,,,,x
b_telavi,b_telavi,,Telavi,,,,,,,,,,,x
b_sighnaghi,b_sighnaghi,,Sighnaghi,,,,,,,,,,,x
b_dzveligalavani,b_dzveligalavani,,Dzveli Galavani,,,,,,,,,,,x
b_bochorma,b_bochorma,,Bochorma,,,,,,,,,,,x
b_davidgareja,b_davidgareja,,David Gareja,,,,,,,,,,,x
b_gremi,b_gremi,,Gremi,,,,,,,,,,,x
b_bodbe,b_bodbe,,Bodbe,,,,,,,,,,,x
d_derbent,d_derbent,,Derbent,,,,,,,,,,,x
d_derbent,d_derbent_adj,,Derbenti,,,,,,,,,,,x
d_derbent,alan,,Aghbania,,,,,,,,,,,x
d_derbent,armenian,,Aghbania,,,,,,,,,,,x
d_derbent,georgian,,Aghbania,,,,,,,,,,,x
d_derbent,greek,,Albania,,,,,,,,,,,x
c_albania,PROV673,,Albania,,,,,,,,,,,x
c_albania,c_albania_adj,,Albanian,,,,,,,,,,,x
c_albania,armenian,,Aghvank,,,,,,,,,,,x
c_albania,georgian,,Albaneti,,,,,,,,,,,x
b_chukhurkabala,b_chukhurkabala,,Chukhur Kabala,,,,,,,,,,,x
b_chukhurkabala,alan,,Kabala,,,,,,,,,,,x
b_chukhurkabala,armenian,,Kabalak,,,,,,,,,,,x
b_chukhurkabala,georgian,,Kabala,,,,,,,,,,,x
b_ganja,b_ganja,,Ganja,,,,,,,,,,,x
b_ganja,alan,,Gandza,,,,,,,,,,,x
b_ganja,armenian,,Gandzak,,,,,,,,,,,x
b_ganja,georgian,,Gandza,,,,,,,,,,,x
b_shaki,b_shaki,,Shaki,,,,,,,,,,,x
b_shaki,alan,,Shake,,,,,,,,,,,x
b_shaki,armenian,,Shake,,,,,,,,,,,x
b_shaki,georgian,,Shake,,,,,,,,,,,x
b_darussoltan,b_darussoltan,,Dar-us Soltan,,,,,,,,,,,x
b_darussoltan,alan,,Kaladasht,,,,,,,,,,,x
b_darussoltan,armenian,,Kaladasht,,,,,,,,,,,x
b_darussoltan,georgian,,Kaladasht,,,,,,,,,,,x
b_barda,b_barda,,Barda,,,,,,,,,,,x
b_barda,alan,,Partavi,,,,,,,,,,,x
b_barda,armenian,,Partav,,,,,,,,,,,x
b_barda,georgian,,Bardavi,,,,,,,,,,,x
b_emli,b_emli,,Emli,,,,,,,,,,,x
b_emli,alan,,Kish,,,,,,,,,,,x
b_emli,armenian,,Surp Yeghishe,,,,,,,,,,,x
b_emli,georgian,,Gish,,,,,,,,,,,x
b_gelersengorersen,b_gelersengorersen,,Gelersen-Görersen,,,,,,,,,,,x
b_gelersengorersen,alan,,Kalaberd,,,,,,,,,,,x
b_gelersengorersen,armenian,,Kalaberd,,,,,,,,,,,x
b_gelersengorersen,georgian,,Kalaberd,,,,,,,,,,,x
b_kabala,b_kabala,,Kabala,,,,,,,,,,,x
b_kabala,alan,,Vartashen,,,,,,,,,,,x
b_kabala,armenian,,Vartashen,,,,,,,,,,,x
b_kabala,georgian,,Vardashen,,,,,,,,,,,x
c_derbent,PROV674,,Derbent,,,,,,,,,,,x
c_derbent,c_derbent_adj,,Derbentian,,,,,,,,,,,x
b_narinkala,b_narinkala,,Narin-Kala,,,,,,,,,,,x
b_derbent,b_derbent,,Derbent,,,,,,,,,,,x
b_juma,b_juma,,Juma,,,,,,,,,,,x
b_chikkulkan,b_chikkulkan,,Chikkul-Kan,,,,,,,,,,,x
b_kuli,b_kuli,,Kuli,,,,,,,,,,,x
b_tayus,b_tayus,,Tayus,,,,,,,,,,,x
b_humraj,b_humraj,,Humraj,,,,,,,,,,,x
b_datuna,b_datuna,,Datuna,,,,,,,,,,,x
c_semender,PROV675,,Semender,,,,,,,,,,,x
c_semender,c_semender_adj,,Semenderian,,,,,,,,,,,x
b_kumukh,b_kumukh,,Kumukh,,,,,,,,,,,x
b_semender,b_semender,,Semender,,,,,,,,,,,x
b_khattibaku,b_khattibaku,,Khatti-Baku,,,,,,,,,,,x
b_khannalkala,b_khannalkala,,Khannal-Kala,,,,,,,,,,,x
b_balanjar,b_balanjar,,Balanjar,,,,,,,,,,,x
b_urtseki,b_urtseki,,Urtseki,,,,,,,,,,,x
b_burgaikala,b_burgaikala,,Burgai-Kala ,,,,,,,,,,,x
b_tarki,b_tarki,,Tarki,,,,,,,,,,,x
d_abkhazia,d_abkhazia,,Abkhazia,,,,,,,,,,,x
d_abkhazia,d_abkhazia_adj,,Abkhazian,,,,,,,,,,,x
c_imeretia,PROV601,,Imeretia,,,,,,,,,,,x
c_imeretia,c_imeretia_adj,,Imeretian,,,,,,,,,,,x
b_geguti,b_geguti,,Geguti,,,,,,,,,,,x
b_kutaisi,b_kutaisi,,Kutaisi,,,,,,,,,,,x
b_bagrati,b_bagrati,,Bagrati,,,,,,,,,,,x
b_tsikhegoji,b_tsikhegoji,,Tsikhegoji,,,,,,,,,,,x
b_khoni,b_khoni,,Khoni,,,,,,,,,,,x
b_ghelati,b_ghelati,,Ghelati,,,,,,,,,,,x
b_lentekhi,b_lentekhi,,Lentekhi,,,,,,,,,,,x
b_motsameta,b_motsameta,,Motsameta,,,,,,,,,,,x
c_abkhazia,PROV600,,Abkhazia,,,,,,,,,,,x
c_abkhazia,c_abkhazia_adj,,Abkhazian,,,,,,,,,,,x
b_abaatha,b_abaatha,,Abaatha,,,,,,,,,,,x
b_tskhoumi,b_tskhoumi,,Tskhoumi,,,,,,,,,,,x
b_pitsunda,b_pitsunda,,Pitsunda,,,,,,,,,,,x
b_anakopia,b_anakopia,,Anakopia,,,,,,,,,,,x
b_gagra,b_gagra,,Gagra,,,,,,,,,,,x
b_egrisi,b_egrisi,,Egrisi,,,,,,,,,,,x
b_bzyb,b_bzyb,,Bzyb,,,,,,,,,,,x
b_zugdidi,b_zugdidi,,Zugdidi,,,,,,,,,,,x
