#TITLE,KEY,VALUE,SWMH,,,,,,,,,,,x
d_brabant,d_brabant,,Brabant,,,,,,,,,,,x
d_brabant,d_brabant_adj,,Brabantian,,,,,,,,,,,x
c_brabant,PROV117,,Leuven,,,,,,,,,,,x
c_brabant,c_brabant_adj,,Brabantian,,,,,,,,,,,x
c_brabant,dutch,,Leuven,,,,,,,,,,,x
c_brabant,frankish,,Louvain,,,,,,,,,,,x
c_brabant,german,,Löwen,,,,,,,,,,,x
b_leuven,b_leuven,,Leuven,,,,,,,,,,,x
b_leuven,dutch,,Leuven,,,,,,,,,,,x
b_leuven,frankish,,Louvain,,,,,,,,,,,x
b_leuven,german,,Löwen,,,,,,,,,,,x
b_tienen,b_tienen,,Tienen,,,,,,,,,,,x
b_horstcastle,b_horstcastle,,Horst,,,,,,,,,,,x
b_diestcity,b_diestcity,,Diest,,,,,,,,,,,x
b_aarschot,b_aarschot,,Aarschot,,,,,,,,,,,x
b_aarschot,dutch,,Aarschot,,,,,,,,,,,x
b_aarschot,frankish,,Aerschot,,,,,,,,,,,x
b_aarschot,german,,Aarschot,,,,,,,,,,,x
c_brussel,PROV1019,,Brussel,,,,,,,,,,,x
c_brussel,c_brussel_adj,,Brussel,,,,,,,,,,,x
c_brussel,dutch,,Broekzele,,,,,,,,,,,x
c_brussel,frankish,,Bruxelles,,,,,,,,,,,x
c_brussel,german,,Brüssel,,,,,,,,,,,x
b_coudeberg,b_coudeberg,,Coudeberg,,,,,,,,,,,x
b_coudeberg,dutch,,Coudenberg,,,,,,,,,,,x
b_coudeberg,frankish,,Coudenberg,,,,,,,,,,,x
b_coudeberg,german,,Coudenberg,,,,,,,,,,,x
b_affligem,b_affligem,,Affligem,,,,,,,,,,,x
b_affligem,frankish,,Afflighem,,,,,,,,,,,x
b_grimbergen,b_grimbergen,,Grimbergen,,,,,,,,,,,x
b_mechelen,b_mechelen,,Mechelen,,,,,,,,,,,x
b_mechelen,dutch,,Mechelen,,,,,,,,,,,x
b_mechelen,frankish,,Malines,,,,,,,,,,,x
b_mechelen,german,,Mecheln,,,,,,,,,,,x
b_brussel,b_brussel,,Brussel,,,,,,,,,,,x
b_brussel,dutch,,Brussel,,,,,,,,,,,x
b_brussel,frankish,,Bruxelles,,,,,,,,,,,x
b_brussel,german,,Brüssel,,,,,,,,,,,x
c_breda,PROV92,,Antwerp,,,,,,,,,,,x
c_breda,c_breda_adj,,Bredian,,,,,,,,,,,x
c_breda,dutch,,Antwerpen,,,,,,,,,,,x
c_breda,frankish,,Anvers,,,,,,,,,,,x
c_breda,german,,Antorf,,,,,,,,,,,x
b_breda,b_breda,,Breda,,,,,,,,,,,x
b_breda,frankish,,Bréda,,,,,,,,,,,x
b_lier,b_lier,,Lier,,,,,,,,,,,x
b_lier,frankish,,Lierre,,,,,,,,,,,x
b_turnhout,b_turnhout,,Turnhout,,,,,,,,,,,x
b_turnhout,frankish,,Thourout,,,,,,,,,,,x
b_turnhout,old_frankish,,Turholt,,,,,,,,,,,x
b_antwerpen,b_antwerpen,,Antwerpen,,,,,,,,,,,x
b_antwerpen,dutch,,Antwerpen,,,,,,,,,,,x
b_antwerpen,frankish,,Anvers,,,,,,,,,,,x
b_antwerpen,german,,Antorf,,,,,,,,,,,x
b_tilburg,b_tilburg,,Tilburg,,,,,,,,,,,x
b_tilburg,frankish,,Tilbourg,,,,,,,,,,,x
b_bergenopzoom,b_bergenopzoom,,Bergenopzoom,,,,,,,,,,,x
b_bergenopzoom,frankish,,Berg-op-Zoom,,,,,,,,,,,x
c_namur,PROV1056,,Namur,,,,,,,,,,,x
c_namur,c_namur_adj,,Namurische,,,,,,,,,,,x
c_namur,dutch,,Namen,,,,,,,,,,,x
c_namur,german,,Namür,,,,,,,,,,,x
b_namur,b_namur,,Namur,,,,,,,,,,,x
b_namur,dutch,,Namen,,,,,,,,,,,x
b_namur,german,,Namür,,,,,,,,,,,x
b_andenne,b_andenne,,Andenne,,,,,,,,,,,x
b_dinant,b_dinant,,Dinant,,,,,,,,,,,x
d_hainaut,d_hainaut,,Hainaut,,,,,,,,,,,x
d_hainaut,d_hainaut_adj,,Wallon,,,,,,,,,,,x
d_hainaut,dutch,,Henegouwen,,,,,,,,,,,x
d_hainaut,german,,Hennegau,,,,,,,,,,,x
d_hainaut,name_tier,,count,,,,,,,,,,,x
c_hainaut,PROV94,,Mons,,,,,,,,,,,x
c_hainaut,c_hainaut_adj,,Hainautian,,,,,,,,,,,x
c_hainaut,dutch,,Bergen,,,,,,,,,,,x
c_hainaut,german,,Bergen,,,,,,,,,,,x
b_hallen,b_hallen,,Halle,,,,,,,,,,,x
b_hallen,dutch,,Halle,,,,,,,,,,,x
b_hallen,frankish,,Hal,,,,,,,,,,,x
b_soignies,b_soignies,,Soignies,,,,,,,,,,,x
b_soignies,dutch,,Zinnik,,,,,,,,,,,x
b_soignies,german,,Söglingen,,,,,,,,,,,x
b_lessines,b_lessines,,Lessines,,,,,,,,,,,x
b_lessines,dutch,,Lessen,,,,,,,,,,,x
b_mons,b_mons,,Bergen,,,,,,,,,,,x
b_mons,dutch,,Bergen,,,,,,,,,,,x
b_mons,german,,Bergen,,,,,,,,,,,x
b_enghien,b_enghien,,Enghien,,,,,,,,,,,x
b_enghien,dutch,,Edingen,,,,,,,,,,,x
c_valenciennes,PROV1022,,Valenciennes,,,,,,,,,,,x
c_valenciennes,c_valenciennes_adj,,Valenciennes,,,,,,,,,,,x
c_valenciennes,dutch,,Valencijn,,,,,,,,,,,x
b_valenciennes,b_valenciennes,,Valenciennes,,,,,,,,,,,x
b_valenciennes,dutch,,Valencijn,,,,,,,,,,,x
b_cihmay,b_cihmay,,Chimay,,,,,,,,,,,x
b_cihmay,frankish,,Chimay,,,,,,,,,,,x
b_avesnes,b_avesnes,,Avesnes,,,,,,,,,,,x
b_avesnes,dutch,,Avenne,,,,,,,,,,,x
b_maubeuge,b_maubeuge,,Maubeuge,,,,,,,,,,,x
b_maubeuge,dutch,,Mabuse,,,,,,,,,,,x
c_cambrai,PROV1024,,Cambrai,,,,,,,,,,,x
c_cambrai,c_cambrai_adj,,Cambrai,,,,,,,,,,,x
c_cambrai,dutch,,Kamerijk,,,,,,,,,,,x
c_cambrai,german,,Kamerich,,,,,,,,,,,x
b_arleux,b_arleux,,Arleux,,,,,,,,,,,x
b_cambrai,b_cambrai,,Cambrai,,,,,,,,,,,x
b_cambrai,dutch,,Kamerijk,,,,,,,,,,,x
b_cambrai,german,,Kamerich,,,,,,,,,,,x
b_saintspouplet,b_saintspouplet,,Saint-Souplet,,,,,,,,,,,x
e_france,e_france,,France,,,,,,,,,,,x
e_france,e_france_adj,,Français,,,,,,,,,,,x
k_burgundy,k_burgundy,,Bourgogne,,,,,,,,,,,x
k_burgundy,k_burgundy_adj,,Bourguignon,,,,,,,,,,,x
k_burgundy,german,,Burgund,,,,,,,,,,,x
d_arles,d_arles,,Arles,,,,,,,,,,,x
d_arles,d_arles_adj,,Arlésien,,,,,,,,,,,x
d_arles,greek,,Arelate,,,,,,,,,,,x
d_arles,roman,,Arelate,,,,,,,,,,,x
c_arles,PROV1047,,Arle,,,,,,,,,,,x
c_arles,c_arles_adj,,Arles,,,,,,,,,,,x
c_arles,greek,,Arelate,,,,,,,,,,,x
c_arles,roman,,Arelate,,,,,,,,,,,x
b_arles,b_arles,,Arles,,,,,,,,,,,x
b_arles,greek,,Arelate,,,,,,,,,,,x
b_arles,roman,,Arelate,,,,,,,,,,,x
b_chateaudelemperi,b_chateaudelemperi,,Castèu de l'Empèri,,,,,,,,,,,x
b_salondeprovence,b_salondeprovence,,Selon,,,,,,,,,,,x
d_provence,d_provence,,Provença,,,,,,,,,,,x
d_provence,d_provence_adj,,Provençal,,,,,,,,,,,x
d_provence,name_tier,,count,,,,,,,,,,,x
c_provence,PROV221,,Provence,,,,,,,,,,,x
c_provence,c_provence_adj,,Provencal,,,,,,,,,,,x
c_provence,greek,,Massalia,,,,,,,,,,,x
c_provence,roman,,Massilia,,,,,,,,,,,x
b_aix,b_aix,,Aix,,,,,,,,,,,x
b_aix,greek,,Ydata Sextia,,,,,,,,,,,x
b_aix,roman,,Aquae Sextiae,,,,,,,,,,,x
b_marseille,b_marseille,,Marseille,,,,,,,,,,,x
b_marseille,greek,,Massalia,,,,,,,,,,,x
b_marseille,roman,,Massilia,,,,,,,,,,,x
b_grimaud,b_grimaud,,Grimaud,,,,,,,,,,,x
b_frejus,b_frejus,,Fréjus,,,,,,,,,,,x
b_frejus,greek,,Forum Iulii,,,,,,,,,,,x
b_frejus,roman,,Forum Iulii,,,,,,,,,,,x
b_grasse,b_grasse,,Grasse,,,,,,,,,,,x
b_castellane,b_castellane,,Castellane,,,,,,,,,,,x
c_forcalquier,PROV229,,Auta Provença,,,,,,,,,,,x
c_forcalquier,c_forcalquier_adj,,Haute Provence,,,,,,,,,,,x
b_forcalquier,b_forcalquier,,Forcalquier,,,,,,,,,,,x
b_sisteron,b_sisteron,,Sisteron,,,,,,,,,,,x
b_sisteron,greek,,Segustero,,,,,,,,,,,x
b_sisteron,roman,,Segustero,,,,,,,,,,,x
b_sault,b_sault,,Sault,,,,,,,,,,,x
b_digne,b_digne,,Dihna,,,,,,,,,,,x
c_nice,PROV230,,Nissa,,,,,,,,,,,x
c_nice,c_nice_adj,,Niçois,,,,,,,,,,,x
c_nice,greek,,Antipolis,,,,,,,,,,,x
c_nice,roman,,Antipolis,,,,,,,,,,,x
b_nizza,b_nizza,,Nissa,,,,,,,,,,,x
b_nizza,greek,,Nikaia,,,,,,,,,,,x
b_nizza,roman,,Nicaea,,,,,,,,,,,x
b_antibes,b_antibes,,Antibes,,,,,,,,,,,x
b_antibes,greek,,Antipolis,,,,,,,,,,,x
b_antibes,roman,,Antipolis,,,,,,,,,,,x
b_lantosque,b_lantosque,,Lantosque,,,,,,,,,,,x
b_contes,b_contes,,Contes,,,,,,,,,,,x
c_venaissin,PROV222,,Venaissin,,,,,,,,,,,x
c_venaissin,c_venaissin_adj,,Venaissinian,,,,,,,,,,,x
c_venaissin,greek,,Auenion,,,,,,,,,,,x
c_venaissin,roman,,Avenio,,,,,,,,,,,x
b_orange,b_orange,,Orange,,,,,,,,,,,x
b_orange,greek,,Arausion,,,,,,,,,,,x
b_orange,roman,,Arausio,,,,,,,,,,,x
b_avignon,b_avignon,,Avignon,,,,,,,,,,,x
b_avignon,greek,,Auenion,,,,,,,,,,,x
b_avignon,roman,,Avenio,,,,,,,,,,,x
b_venasque,b_venasque,,Veasque,,,,,,,,,,,x
b_carpentras,b_carpentras,,Carpentras,,,,,,,,,,,x
b_stpaul,b_stpaul,,St. Paul,,,,,,,,,,,x
c_viviers,PROV223,,Vivarés,,,,,,,,,,,x
c_viviers,c_viviers_adj,,Vivieran,,,,,,,,,,,x
b_aubenas,b_aubenas,,Aubenàs,,,,,,,,,,,x
b_tournon,b_tournon,,Tornon,,,,,,,,,,,x
b_viviers,b_viviers,,Vivièrs,,,,,,,,,,,x
b_largentiere,b_largentiere,,L'Argentièira,,,,,,,,,,,x
d_lyon,d_lyon,,Lyon,,,,,,,,,,,x
d_lyon,d_lyon_adj,,Lyonnaise,,,,,,,,,,,x
d_lyon,greek,,Lougdounon,,,,,,,,,,,x
d_lyon,roman,,Lugdunum,,,,,,,,,,,x
c_lyon,PROV227,,Lyon,,,,,,,,,,,x
c_lyon,c_lyon_adj,,Lyonnais,,,,,,,,,,,x
c_lyon,greek,,Lougdounon,,,,,,,,,,,x
c_lyon,roman,,Lugdunum,,,,,,,,,,,x
b_brindas,b_brindas,,Brindas,,,,,,,,,,,x
b_stjeanbaptiste,b_stjeanbaptiste,,St Jean-Baptiste,,,,,,,,,,,x
b_lyon,b_lyon,,Lyon,,,,,,,,,,,x
b_lyon,greek,,Lougdounon,,,,,,,,,,,x
b_lyon,roman,,Lugdunum,,,,,,,,,,,x
b_anse,b_anse,,Anse,,,,,,,,,,,x
b_pusignan,b_pusignan,,Pusignan,,,,,,,,,,,x
d_dauphine,d_dauphine,,Dauphiné,,,,,,,,,,,x
d_dauphine,d_dauphine_adj,,Dauphinian,,,,,,,,,,,x
c_dauphine_viennois,PROV228,,Viennois,,,,,,,,,,,x
c_dauphine_viennois,c_dauphine_viennois_adj,,Viennois,,,,,,,,,,,x
c_dauphine_viennois,greek,,Ouienna,,,,,,,,,,,x
c_dauphine_viennois,roman,,Vienna,,,,,,,,,,,x
b_albon,b_albon,,Albon,,,,,,,,,,,x
b_vienne,b_vienne,,Vièna,,,,,,,,,,,x
b_vienne,greek,,Ouienna,,,,,,,,,,,x
b_vienne,roman,,Vienna,,,,,,,,,,,x
b_chateaudeclermont,b_chateaudeclermont,,Clermont,,,,,,,,,,,x
b_chateaudeclermont,greek,,Augoustonemeton,,,,,,,,,,,x
b_chateaudeclermont,roman,,Augustonemetum,,,,,,,,,,,x
b_chateaudefallavier,b_chateaudefallavier,,Fallavier,,,,,,,,,,,x
c_valentinois,PROV1252,,Valentinois,,,,,,,,,,,x
c_valentinois,c_valentinois_adj,,Valentinois,,,,,,,,,,,x
c_valentinois,greek,,Oualentia,,,,,,,,,,,x
c_valentinois,roman,,Valentia,,,,,,,,,,,x
b_chateaudesadhemar,b_chateaudesadhemar,,Castèu de Adhémar,,,,,,,,,,,x
b_valence,b_valence,,Valence,,,,,,,,,,,x
b_valence,greek,,Oualentia,,,,,,,,,,,x
b_valence,roman,,Valentia,,,,,,,,,,,x
b_stantoine,b_stantoine,,Saint Antoine,,,,,,,,,,,x
b_die,b_die,,Diá,,,,,,,,,,,x
c_gapencais,PROV1049,,Gapençais,,,,,,,,,,,x
c_gapencais,c_gapencais_adj,,Gapençais,,,,,,,,,,,x
c_gapencais,greek,,Vappincum,,,,,,,,,,,x
c_gapencais,roman,,Vappincum,,,,,,,,,,,x
b_embrun,b_embrun,,Embrun,,,,,,,,,,,x
b_gap,b_gap,,Gap,,,,,,,,,,,x
b_gap,greek,,Vappincum,,,,,,,,,,,x
b_gap,roman,,Vappincum,,,,,,,,,,,x
b_briancon,b_briancon,,Briançon,,,,,,,,,,,x
b_stbonnet,b_stbonnet,,Saint Bonnet,,,,,,,,,,,x
c_graisivaudan,PROV1048,,Graisivaudan,,,,,,,,,,,x
c_graisivaudan,c_graisivaudan_adj,,Graisivaudan,,,,,,,,,,,x
c_graisivaudan,greek,,Gratianopolis,,,,,,,,,,,x
c_graisivaudan,roman,,Gratianopolis,,,,,,,,,,,x
b_vif,b_vif,,Vif,,,,,,,,,,,x
b_grenoble,b_grenoble,,Grenoble,,,,,,,,,,,x
b_grenoble,greek,,Gratianopolis,,,,,,,,,,,x
b_grenoble,roman,,Gratianopolis,,,,,,,,,,,x
b_voreppe,b_voreppe,,Voreppe,,,,,,,,,,,x
b_valbonnais,b_valbonnais,,Valbonnais,,,,,,,,,,,x
k_brittany,k_brittany,,Breizh,,,,,,,,,,,x
k_brittany,k_brittany_adj,,Brezhoneg,,,,,,,,,,,x
k_brittany,norse,,Bertangaland,,,,,,,,,,,x
d_brittany,d_brittany,,Breizh,,,,,,,,,,,x
d_brittany,d_brittany_adj,,Brezhoneg,,,,,,,,,,,x
d_brittany,norse,,Bertangaland,,,,,,,,,,,x
c_vannes,PROV105,,Gwened,,,,,,,,,,,x
c_vannes,c_vannes_adj,,Vannesian,,,,,,,,,,,x
c_vannes,greek,,Darioriton,,,,,,,,,,,x
c_vannes,roman,,Darioritum,,,,,,,,,,,x
b_vannes,b_vannes,,Vannes,,,,,,,,,,,x
b_vannes,greek,,Darioriton,,,,,,,,,,,x
b_vannes,roman,,Darioritum,,,,,,,,,,,x
b_josselin,b_josselin,,Josselin,,,,,,,,,,,x
b_locmine,b_locmine,,Locminé,,,,,,,,,,,x
b_hennebont,b_hennebont,,Hennebont,,,,,,,,,,,x
c_cornouaille,PROV104,,Gernev,,,,,,,,,,,x
c_cornouaille,c_cornouaille_adj,,Cornouaillian,,,,,,,,,,,x
c_cornouaille,greek,,Ouorgion,,,,,,,,,,,x
c_cornouaille,roman,,Vorgium,,,,,,,,,,,x
b_quimper,b_quimper,,Quimper,,,,,,,,,,,x
b_carhaix,b_carhaix,,Carhaix,,,,,,,,,,,x
b_carhaix,greek,,Ouorgion,,,,,,,,,,,x
b_carhaix,roman,,Vorgium,,,,,,,,,,,x
b_quimperle,b_quimperle,,Quimperlé,,,,,,,,,,,x
b_landevennec,b_landevennec,,Landévennec,,,,,,,,,,,x
b_langonnet,b_langonnet,,Langonnet,,,,,,,,,,,x
c_french_leon,PROV103,,Leon,,,,,,,,,,,x
c_french_leon,c_french_leon_adj,,Leonian,,,,,,,,,,,x
c_french_leon,greek,,Gesocribate,,,,,,,,,,,x
c_french_leon,roman,,Gesocribate,,,,,,,,,,,x
b_brest,b_brest,,Brest,,,,,,,,,,,x
b_st_pol_de_leon,b_st_pol_de_leon,,Saint-Pol-de-Léon,,,,,,,,,,,x
b_roscoff,b_roscoff,,Roscoff,,,,,,,,,,,x
b_plougonven,b_plougonven,,Plougonven,,,,,,,,,,,x
b_st_meen,b_st_meen,,Saint-Méen,,,,,,,,,,,x
c_nantes,PROV106,,Naoned,,,,,,,,,,,x
c_nantes,c_nantes_adj,,Nantesian,,,,,,,,,,,x
c_nantes,greek,,Portus Namnetum,,,,,,,,,,,x
c_nantes,roman,,Portus Namnetum,,,,,,,,,,,x
b_nantes,b_nantes,,Nantes,,,,,,,,,,,x
b_nantes,greek,,Portus Namnetum,,,,,,,,,,,x
b_nantes,roman,,Portus Namnetum,,,,,,,,,,,x
b_chateaubriant,b_chateaubriant,,Châteaubriant,,,,,,,,,,,x
b_redon,b_redon,,Redon,,,,,,,,,,,x
b_guerande,b_guerande,,Guérande,,,,,,,,,,,x
b_clisson,b_clisson,,Clisson,,,,,,,,,,,x
b_donges,b_donges,,Donges,,,,,,,,,,,x
c_penthievre,PROV102,,Turnagoued,,,,,,,,,,,x
c_penthievre,c_penthievre_adj,,Penthièvrian,,,,,,,,,,,x
b_verdelet,b_verdelet,,Verdelet,,,,,,,,,,,x
b_st_brieuc,b_st_brieuc,,Saint-Brieuc,,,,,,,,,,,x
b_monkontour,b_monkontour,,Moncontour,,,,,,,,,,,x
b_paimpol,b_paimpol,,Paimpol,,,,,,,,,,,x
c_tregor,PROV1248,,Trégor,,,,,,,,,,,x
c_tregor,c_tregor_adj,,Trégorian,,,,,,,,,,,x
b_morlaix,b_morlaix,,Montroulez,,,,,,,,,,,x
b_treguier,b_treguier,,Tréguier,,,,,,,,,,,x
b_guingamp,b_guingamp,,Guingamp,,,,,,,,,,,x
b_chatelaudren,b_chatelaudren,,Châtelaudren,,,,,,,,,,,x
c_rennes,PROV101,,Roazhon,,,,,,,,,,,x
c_rennes,c_rennes_adj,,Rennesian,,,,,,,,,,,x
c_rennes,greek,,Kondate,,,,,,,,,,,x
c_rennes,roman,,Condate Redonum,,,,,,,,,,,x
b_rennes,b_rennes,,Rennes,,,,,,,,,,,x
b_rennes,greek,,Kondate,,,,,,,,,,,x
b_rennes,roman,,Condate Redonum,,,,,,,,,,,x
b_fougeres,b_fougeres,,Fougères,,,,,,,,,,,x
b_st_michel,b_st_michel,,Saint-Michel,,,,,,,,,,,x
b_vitre,b_vitre,,Gwitreg,,,,,,,,,,,x
c_porhoet,PROV1175,,Porhoët,,,,,,,,,,,x
c_porhoet,c_porhoet_adj,,Porhoët,,,,,,,,,,,x
b_cancale,b_cancale,,Konkaven,,,,,,,,,,,x
b_st_malo,b_st_malo,,Saint-Malo,,,,,,,,,,,x
b_porhoet,b_porhoet,,Porhoët,,,,,,,,,,,x
b_gael,b_gael,,Gwazel,,,,,,,,,,,x
d_lowerbrittany,d_lowerbrittany,,Breizh Izel,,,,,,,,,,,x
d_lowerbrittany,d_lowerbrittany_adj,,Breizh Brezhoneg,,,,,,,,,,,x
k_france,k_france,,France,,,,,,,,,,,x
k_france,k_france_adj,,French,,,,,,,,,,,x
k_france,aragonese,,Franza,,,,,,,,,,,x
k_france,basque,,Frantzia,,,,,,,,,,,x
k_france,castillan,,Francia,,,,,,,,,,,x
k_france,catalan,,França,,,,,,,,,,,x
k_france,greek,,Gallia,,,,,,,,,,,x
k_france,occitan,,França,,,,,,,,,,,x
k_france,roman,,Galliae,,,,,,,,,,,x
k_france,saxon,,Francland,,,,,,,,,,,x
d_flanders,d_flanders,,Flanders,,,,,,,,,,,x
d_flanders,d_flanders_adj,,Flemish,,,,,,,,,,,x
d_flanders,name_tier,,count,,,,,,,,,,,x
c_gent,PROV93,,Gent,,,,,,,,,,,x
c_gent,c_gent_adj,,Gentian,,,,,,,,,,,x
b_gent,b_gent,,Gent,,,,,,,,,,,x
b_oudenaarde,b_oudenaarde,,Oudenaarde,,,,,,,,,,,x
b_aalst,b_aalst,,Aalst,,,,,,,,,,,x
b_st_niklaas,b_st_niklaas,,St. Niklaas,,,,,,,,,,,x
b_gravensteencastle,b_gravensteencastle,,Gravensteen,,,,,,,,,,,x
b_saintbavo,b_saintbavo,,Sint-Baafs,,,,,,,,,,,x
b_saintbavo,dutch,,Sint Baafs,,,,,,,,,,,x
c_lille,PROV1179,,Rijsel,,,,,,,,,,,x
c_lille,c_lille_adj,,Lillian,,,,,,,,,,,x
c_lille,dutch,,Rijsel,,,,,,,,,,,x
b_kortrijk,b_kortrijk,,Kortrijk,,,,,,,,,,,x
b_lille,b_lille,,Rijsel,,,,,,,,,,,x
b_lille,dutch,,Rijsel,,,,,,,,,,,x
b_bouvines,b_bouvines,,Bouvines,,,,,,,,,,,x
b_mouscron,b_mouscron,,Moeskroen,,,,,,,,,,,x
b_mouscron,dutch,,Moeskroen,,,,,,,,,,,x
c_tournai,PROV1178,,Doornik,,,,,,,,,,,x
c_tournai,c_tournai_adj,,Tournaian,,,,,,,,,,,x
c_tournai,dutch,,Doornik,,,,,,,,,,,x
c_tournai,greek,,Turnacum,,,,,,,,,,,x
c_tournai,roman,,Turnacum,,,,,,,,,,,x
b_doornik,b_doornik,,Doornik,,,,,,,,,,,x
b_doornik,dutch,,Doornik,,,,,,,,,,,x
b_doornik,greek,,Turnacum,,,,,,,,,,,x
b_doornik,roman,,Turnacum,,,,,,,,,,,x
b_douai,b_douai,,Dowaai,,,,,,,,,,,x
b_douai,dutch,,Dowaai,,,,,,,,,,,x
b_orchies,b_orchies,,Orchies,,,,,,,,,,,x
b_orchies,dutch,,Oorschie,,,,,,,,,,,x
c_yperen,PROV76,,Yperen,,,,,,,,,,,x
c_yperen,c_yperen_adj,,Yperenian,,,,,,,,,,,x
c_yperen,dutch,,Ieper,,,,,,,,,,,x
b_ypres,b_ypres,,Ypres,,,,,,,,,,,x
b_ypres,dutch,,Ieper,,,,,,,,,,,x
b_rosebeke,b_rosebeke,,Rosebeke,,,,,,,,,,,x
b_cassel,b_cassel,,Cassel,,,,,,,,,,,x
b_cassel,dutch,,Kassel,,,,,,,,,,,x
b_roeselare,b_roeselare,,Roeselare,,,,,,,,,,,x
b_poperinge,b_poperinge,,Poperinge,,,,,,,,,,,x
c_brugge,PROV78,,Brugge,,,,,,,,,,,x
c_brugge,c_brugge_adj,,Bruggian,,,,,,,,,,,x
b_brugge,b_brugge,,Brugge,,,,,,,,,,,x
b_damme,b_damme,,Damme,,,,,,,,,,,x
b_sluys,b_sluys,,Sluys,,,,,,,,,,,x
b_oostende,b_oostende,,Oostende,,,,,,,,,,,x
b_male,b_male,,Male,,,,,,,,,,,x
b_nieuwpoort,b_nieuwpoort,,Nieuwpoort,,,,,,,,,,,x
b_torhout,b_torhout,,Torhout,,,,,,,,,,,x
d_artois,d_artois,,Artois,,,,,,,,,,,x
d_artois,d_artois_adj,,Artoisien,,,,,,,,,,,x
d_artois,dutch,,Artesië,,,,,,,,,,,x
c_artois,PROV77,,Artois,,,,,,,,,,,x
c_artois,c_artois_adj,,Artois,,,,,,,,,,,x
c_artois,dutch,,Artesië,,,,,,,,,,,x
b_arras,b_arras,,Arras,,,,,,,,,,,x
b_arras,dutch,,Atrecht,,,,,,,,,,,x
b_bethune,b_bethune,,Bethune,,,,,,,,,,,x
b_bethune,dutch,,Bethune,,,,,,,,,,,x
b_lens,b_lens,,Lens,,,,,,,,,,,x
b_bapaume,b_bapaume,,Bapaume,,,,,,,,,,,x
b_bapaume,dutch,,Bapalmen,,,,,,,,,,,x
b_therouanne,b_therouanne,,Therouanne,,,,,,,,,,,x
b_therouanne,dutch,,Terwaan,,,,,,,,,,,x
c_boulogne,PROV75,,Boulogne,,,,,,,,,,,x
c_boulogne,c_boulogne_adj,,Boulognian,,,,,,,,,,,x
c_boulogne,dutch,,Bonen,,,,,,,,,,,x
b_boulogne,b_boulogne,,Boulogne,,,,,,,,,,,x
b_boulogne,dutch,,Bonen,,,,,,,,,,,x
b_fauquembergues,b_fauquembergues,,Fauquembergues,,,,,,,,,,,x
b_fauquembergues,dutch,,Falkenberge,,,,,,,,,,,x
b_etaples,b_etaples,,Étaples,,,,,,,,,,,x
b_etaples,dutch,,Stapel,,,,,,,,,,,x
b_saintwulmer,b_saintwulmer,,Saint-Wulmer,,,,,,,,,,,x
b_saintwulmer,dutch,,Sint Wulmar,,,,,,,,,,,x
c_saintpol,PROV1180,,Saint- Pol,,,,,,,,,,,x
c_saintpol,c_saintpol_adj,,Saint-Polan,,,,,,,,,,,x
c_saintpol,dutch,,Ternas,,,,,,,,,,,x
b_auchyleshesdin,b_auchyleshesdin,,Auchy,,,,,,,,,,,x
b_saintpol,b_saintpol,,Saint-Pol,,,,,,,,,,,x
b_saintpol,dutch,,Sint Pols,,,,,,,,,,,x
b_hesdin,b_hesdin,,Hesdin,,,,,,,,,,,x
b_hesdin,dutch,,Heusden,,,,,,,,,,,x
b_auxilechateau,b_auxilechateau,,Auxi-le-Château,,,,,,,,,,,x
c_ponthieu,PROV1170,,Ponthieu,,,,,,,,,,,x
c_ponthieu,c_ponthieu_adj,,Ponthieu,,,,,,,,,,,x
b_montreuil,b_montreuil,,Montreuil,,,,,,,,,,,x
b_lecrotoy,b_lecrotoy,,Crotoy,,,,,,,,,,,x
b_abbeville,b_abbeville,,Abbeville,,,,,,,,,,,x
b_saintriquier,b_saintriquier,,Saint-Riquier,,,,,,,,,,,x
b_crecyenponthieu,b_crecyenponthieu,,Crécy,,,,,,,,,,,x
c_guines,PROV74,,Guines,,,,,,,,,,,x
c_guines,c_guines_adj,,Guinesian,,,,,,,,,,,x
c_guines,dutch,,Giezene,,,,,,,,,,,x
b_guines,b_guines,,Guines,,,,,,,,,,,x
b_guines,dutch,,Giezene,,,,,,,,,,,x
b_saintomer,b_saintomer,,Saint-Omer,,,,,,,,,,,x
b_saintomer,dutch,,Sint Omaars,,,,,,,,,,,x
b_calais,b_calais,,Calais,,,,,,,,,,,x
b_calais,dutch,,Kales,,,,,,,,,,,x
b_bourbourg,b_bourbourg,,Bourbourg,,,,,,,,,,,x
b_bourbourg,dutch,,Broekburg,,,,,,,,,,,x
d_burgundy,d_burgundy,,Bourgogne,,,,,,,,,,,x
d_burgundy,d_burgundy_adj,,Bourguigon,,,,,,,,,,,x
c_dijon,PROV136,,Dijon,,,,,,,,,,,x
c_dijon,c_dijon_adj,,Dijonian,,,,,,,,,,,x
b_gevrey,b_gevrey,,Gevrey,,,,,,,,,,,x
b_dijon,b_dijon,,Dijon,,,,,,,,,,,x
b_autun,b_autun,,Autun,,,,,,,,,,,x
b_autun,greek,,Augustodunum,,,,,,,,,,,x
b_autun,roman,,Augustodunum,,,,,,,,,,,x
b_champagny,b_champagny,,Champagny,,,,,,,,,,,x
b_citeaux,b_citeaux,,Cîteaux,,,,,,,,,,,x
b_beaune,b_beaune,,Beaune,,,,,,,,,,,x
c_auxois,PROV1159,,Auxois,,,,,,,,,,,x
c_auxois,c_auxois_adj,,Auxois,,,,,,,,,,,x
b_semur,b_semur,,Semur,,,,,,,,,,,x
b_avallon,b_avallon,,Avallon,,,,,,,,,,,x
b_arnay,b_arnay,,Arnay,,,,,,,,,,,x
b_saulieu,b_saulieu,,Saulieu,,,,,,,,,,,x
c_macon,PROV225,,Mâcon,,,,,,,,,,,x
c_macon,c_macon_adj,,Maconian,,,,,,,,,,,x
b_fuisse,b_fuisse,,Fuissé,,,,,,,,,,,x
b_macon,b_macon,,Mâcon,,,,,,,,,,,x
b_cluny,b_cluny,,Cluny,,,,,,,,,,,x
b_beaujeu,b_beaujeu,,Beaujeu,,,,,,,,,,,x
c_charolais,PROV226,,Charolais,,,,,,,,,,,x
c_charolais,c_charolais_adj,,Charolaian,,,,,,,,,,,x
b_montstvincent,b_montstvincent,,Mont-St Vincent,,,,,,,,,,,x
b_charolles,b_charolles,,Charolles,,,,,,,,,,,x
b_semurenbrionnais,b_semurenbrionnais,,Semur-en-Brionnais,,,,,,,,,,,x
b_perrecy,b_perrecy,,Perrecy,,,,,,,,,,,x
c_chalons,PROV240,,Chalons,,,,,,,,,,,x
c_chalons,c_chalons_adj,,Chalonnianj,,,,,,,,,,,x
b_brancion,b_brancion,,Brancion,,,,,,,,,,,x
b_chalon,b_chalon,,Chalon,,,,,,,,,,,x
b_tournus,b_tournus,,Tournus,,,,,,,,,,,x
b_louhans,b_louhans,,Louhans,,,,,,,,,,,x
b_seurre,b_seurre,,Seurre,,,,,,,,,,,x
d_bourbon,d_bourbon,,Bourbon,,,,,,,,,,,x
d_bourbon,d_bourbon_adj,,Bourbon,,,,,,,,,,,x
c_bourbon,PROV146,,Bourbon,,,,,,,,,,,x
c_bourbon,c_bourbon_adj,,Bourbon,,,,,,,,,,,x
b_bourbon,b_bourbon,,Bourbon,,,,,,,,,,,x
b_moulins,b_moulins,,Moulins,,,,,,,,,,,x
b_lancy,b_lancy,,Lancy,,,,,,,,,,,x
b_montlucon,b_montlucon,,Montluçon,,,,,,,,,,,x
b_souvigny,b_souvigny,,Souvigny,,,,,,,,,,,x
c_forez,PROV224,,Forez,,,,,,,,,,,x
c_forez,c_forez_adj,,Forezian,,,,,,,,,,,x
b_couzan,b_couzan,,Couzan,,,,,,,,,,,x
b_montbrison,b_montbrison,,Montbrison,,,,,,,,,,,x
b_feurs,b_feurs,,Feurs,,,,,,,,,,,x
b_roanne,b_roanne,,Roanne,,,,,,,,,,,x
b_charlieu,b_charlieu,,Charlieu,,,,,,,,,,,x
d_anjou,d_anjou,,Anjou,,,,,,,,,,,x
d_anjou,d_anjou_adj,,Angevin,,,,,,,,,,,x
c_anjou,PROV107,,Anjou,,,,,,,,,,,x
c_anjou,c_anjou_adj,,Angevin,,,,,,,,,,,x
c_anjou,greek,,Iouliomagos,,,,,,,,,,,x
c_anjou,roman,,Iuliomagus,,,,,,,,,,,x
b_vihiers,b_vihiers,,Vihiers,,,,,,,,,,,x
b_angers,b_angers,,Angers,,,,,,,,,,,x
b_angers,greek,,Iouliomagos,,,,,,,,,,,x
b_angers,roman,,Iuliomagus,,,,,,,,,,,x
b_fontevraud,b_fontevraud,,Fontevraud,,,,,,,,,,,x
b_saumur,b_saumur,,Saumur,,,,,,,,,,,x
b_cholet,b_cholet,,Cholet,,,,,,,,,,,x
c_maine,PROV108,,Maine,,,,,,,,,,,x
c_maine,c_maine_adj,,Mainian,,,,,,,,,,,x
c_maine,greek,,Ouindinon,,,,,,,,,,,x
c_maine,roman,,Vindunum,,,,,,,,,,,x
b_le_mans,b_le_mans,,Le Mans,,,,,,,,,,,x
b_le_mans,greek,,Ouindinon,,,,,,,,,,,x
b_le_mans,roman,,Vindunum,,,,,,,,,,,x
b_beaumont,b_beaumont,,Beaumont,,,,,,,,,,,x
b_evron,b_evron,,Evron,,,,,,,,,,,x
b_mayenne,b_mayenne,,Mayenne,,,,,,,,,,,x
b_laval,b_laval,,Laval,,,,,,,,,,,x
c_tourraine,PROV140,,Tours,,,,,,,,,,,x
c_tourraine,c_tourraine_adj,,Tourrainian,,,,,,,,,,,x
b_chinon,b_chinon,,Chinon,,,,,,,,,,,x
b_tours,b_tours,,Tours,,,,,,,,,,,x
b_beaulieu,b_beaulieu,,Beaulieu,,,,,,,,,,,x
b_amboise,b_amboise,,Amboise,,,,,,,,,,,x
c_vendome,PROV109,,Vendôme,,,,,,,,,,,x
c_vendome,c_vendome_adj,,Vendomian,,,,,,,,,,,x
b_lavardin,b_lavardin,,Lavardin,,,,,,,,,,,x
b_vendome,b_vendome,,Vendôme,,,,,,,,,,,x
b_cloyes,b_cloyes,,Cloyes,,,,,,,,,,,x
b_freteval,b_freteval,,Fréteval,,,,,,,,,,,x
b_chateaurenault,b_chateaurenault,,Château-Renault,,,,,,,,,,,x
d_normandy,d_normandy,,Normandy,,,,,,,,,,,x
d_normandy,d_normandy_adj,,Norman,,,,,,,,,,,x
d_normandy,castillan,,Normandía,,,,,,,,,,,x
d_normandy,catalan,,Normandia,,,,,,,,,,,x
d_normandy,english,,Normandie,,,,,,,,,,,x
d_normandy,frankish,,Normandie,,,,,,,,,,,x
d_normandy,norman,,Nourmaundie,,,,,,,,,,,x
d_normandy,saxon,,Normandig,,,,,,,,,,,x
c_evreux,PROV99,,Évreux,,,,,,,,,,,x
c_evreux,c_evreux_adj,,Evreuxian,,,,,,,,,,,x
b_evreux,b_evreux,,Évreux,,,,,,,,,,,x
b_lisieux,b_lisieux,,Lisieux,,,,,,,,,,,x
b_lisieux,greek,,Noiomagos,,,,,,,,,,,x
b_lisieux,roman,,Noviomagus Lexoviorum,,,,,,,,,,,x
b_verneuil,b_verneuil,,Verneuil,,,,,,,,,,,x
b_honfleur,b_honfleur,,Honfleur,,,,,,,,,,,x
b_ivry,b_ivry,,Ivry,,,,,,,,,,,x
c_avranches,PROV100,,Avranches,,,,,,,,,,,x
c_avranches,c_avranches_adj,,Avranchesian,,,,,,,,,,,x
c_avranches,greek,,Ingena,,,,,,,,,,,x
c_avranches,roman,,Ingena,,,,,,,,,,,x
b_avranches,b_avranches,,Avranches,,,,,,,,,,,x
b_avranches,greek,,Ingena,,,,,,,,,,,x
b_avranches,roman,,Ingena,,,,,,,,,,,x
b_percy,b_percy,,Perci,,,,,,,,,,,x
b_granville,b_granville,,Roque de Lihou,,,,,,,,,,,x
c_mortain,PROV1256,,Mortain,,,,,,,,,,,x
c_mortain,c_mortain_adj,,Mortain,,,,,,,,,,,x
b_abbayedelonlay,b_abbayedelonlay,,Abbaye de Lonlay,,,,,,,,,,,x
b_mortain,b_mortain,,Mortain,,,,,,,,,,,x
b_domfront,b_domfront,,Domfront,,,,,,,,,,,x
c_bayeux,PROV1172,,Bayeux,,,,,,,,,,,x
c_bayeux,c_bayeux_adj,,Bayeuxan,,,,,,,,,,,x
c_bayeux,greek,,Baiocassion,,,,,,,,,,,x
c_bayeux,roman,,Baiocassium,,,,,,,,,,,x
b_caen,b_caen,,Caen,,,,,,,,,,,x
b_bayeux,b_bayeux,,Bayeux,,,,,,,,,,,x
b_bayeux,greek,,Baiocassion,,,,,,,,,,,x
b_bayeux,roman,,Baiocassium,,,,,,,,,,,x
b_falaise,b_falaise,,Falaise,,,,,,,,,,,x
b_creully,b_creully,,Creull,,,,,,,,,,,x
b_saintmartindemondaye,b_saintmartindemondaye,,Saint-Martin de Mondaye,,,,,,,,,,,x
b_vire,b_vire,,Vire,,,,,,,,,,,x
c_coustance,PROV1173,,Cherbourg,,,,,,,,,,,x
c_coustance,c_coustance_adj,,Coustancean,,,,,,,,,,,x
c_coustance,greek,,Konstantia,,,,,,,,,,,x
c_coustance,roman,,Constantia,,,,,,,,,,,x
b_coutances,b_coutances,,Coutances,,,,,,,,,,,x
b_coutances,greek,,Konstantia,,,,,,,,,,,x
b_coutances,roman,,Constantia,,,,,,,,,,,x
b_Regneville,b_Regneville,,Regnéville,,,,,,,,,,,x
b_saintlo,b_saintlo,,Saint-Lô,,,,,,,,,,,x
b_barfleur,b_barfleur,,Barfleur,,,,,,,,,,,x
b_cherbourg,b_cherbourg,,Cherbourg,,,,,,,,,,,x
b_cherbourg,greek,,Coriallon,,,,,,,,,,,x
b_cherbourg,roman,,Coriallum,,,,,,,,,,,x
c_vexin,PROV98,,Vexin,,,,,,,,,,,x
c_vexin,c_vexin_adj,,Vexinian,,,,,,,,,,,x
b_andely,b_andely,,Andely,,,,,,,,,,,x
b_gisors,b_gisors,,Gisors,,,,,,,,,,,x
b_abbayedemortemer,b_abbayedemortemer,,Abbaye de Mortemer,,,,,,,,,,,x
b_neauflessaintmartin,b_neauflessaintmartin,,Neaufles,,,,,,,,,,,x
c_arques,PROV97,,Rouen,,,,,,,,,,,x
c_arques,c_arques_adj,,Arquesian,,,,,,,,,,,x
b_fecamp,b_fecamp,,Fecamp,,,,,,,,,,,x
b_rouen,b_rouen,,Rouen,,,,,,,,,,,x
b_rouen,greek,,Ratomagos,,,,,,,,,,,x
b_rouen,roman,,Rotomagus,,,,,,,,,,,x
b_lillebonne,b_lillebonne,,Lillebonne,,,,,,,,,,,x
b_arques,b_arques,,Arques,,,,,,,,,,,x
b_jumieges,b_jumieges,,Jumieges,,,,,,,,,,,x
b_longueville,b_longueville,,Longueville,,,,,,,,,,,x
c_eu,PROV96,,Eu,,,,,,,,,,,x
c_eu,c_eu_adj,,Euian,,,,,,,,,,,x
b_eu,b_eu,,Eu,,,,,,,,,,,x
b_aumale,b_aumale,,Aumale,,,,,,,,,,,x
b_forges,b_forges,,Forges,,,,,,,,,,,x
d_alencon,d_alencon,,Alençon,,,,,,,,,,,x
d_alencon,d_alencon_adj,,Alençonne,,,,,,,,,,,x
c_alencon,PROV1171,,Alençon,,,,,,,,,,,x
c_alencon,c_alencon_adj,,Alenconan,,,,,,,,,,,x
b_alencon,b_alencon,,Alençon,,,,,,,,,,,x
b_argentan,b_argentan,,Argentan,,,,,,,,,,,x
b_sees,b_sees,,Sees,,,,,,,,,,,x
b_saintgeorgesdannebecq,b_saintgeorgesdannebecq,,Anslebec,,,,,,,,,,,x
c_perche,PROV1163,,Perche,,,,,,,,,,,x
c_perche,c_perche_adj,,Perche,,,,,,,,,,,x
b_nogentlerotrou,b_nogentlerotrou,,Nogent-Le-Rotrou,,,,,,,,,,,x
b_belleme,b_belleme,,Bellême,,,,,,,,,,,x
b_authon,b_authon,,Authon,,,,,,,,,,,x
b_senonche,b_senonche,,Senonche,,,,,,,,,,,x
c_dreux,PROV1174,,Dreux,,,,,,,,,,,x
c_dreux,c_dreux_adj,,Dreuxan,,,,,,,,,,,x
b_montfortlamaury,b_montfortlamaury,,Montfort,,,,,,,,,,,x
b_dreux,b_dreux,,Dreux,,,,,,,,,,,x
b_epernon,b_epernon,,Épernon,,,,,,,,,,,x
b_brezolles,b_brezolles,,Brezolles,,,,,,,,,,,x
d_orleans,d_orleans,,Orleans,,,,,,,,,,,x
d_orleans,d_orleans_adj,,Orleanaise,,,,,,,,,,,x
c_orleans,PROV138,,Orléans,,,,,,,,,,,x
c_orleans,c_orleans_adj,,Orleanian,,,,,,,,,,,x
c_orleans,greek,,Kenabon,,,,,,,,,,,x
c_orleans,roman,,Cenabum,,,,,,,,,,,x
b_orleans,b_orleans,,Orléans,,,,,,,,,,,x
b_orleans,greek,,Kenabon,,,,,,,,,,,x
b_orleans,roman,,Cenabum,,,,,,,,,,,x
b_fleury,b_fleury,,Fleury,,,,,,,,,,,x
b_lepuiset,b_lepuiset,,Le Puiset,,,,,,,,,,,x
b_sully,b_sully,,Sully,,,,,,,,,,,x
b_jargeau,b_jargeau,,Jargeau,,,,,,,,,,,x
c_gatinas,PROV1189,,Gâtinais,,,,,,,,,,,x
c_gatinas,c_gatinas_adj,,Gâtinais,,,,,,,,,,,x
b_montargis,b_montargis,,Montargis,,,,,,,,,,,x
b_courtenay,b_courtenay,,Courtenay,,,,,,,,,,,x
b_nemours,b_nemours,,Nemours,,,,,,,,,,,x
b_chateaulandon,b_chateaulandon,,Château-Landon,,,,,,,,,,,x
d_blois,d_blois,,Blois,,,,,,,,,,,x
d_blois,d_blois_adj,,Blésois,,,,,,,,,,,x
d_blois,name_tier,,count,,,,,,,,,,,x
c_chartres,PROV111,,Chartres,,,,,,,,,,,x
c_chartres,c_chartres_adj,,Chartresian,,,,,,,,,,,x
b_chartres,b_chartres,,Chartres,,,,,,,,,,,x
b_gallardon,b_gallardon,,Gallardon,,,,,,,,,,,x
b_tiron,b_tiron,,Tiron,,,,,,,,,,,x
b_sours,b_sours,,Sours,,,,,,,,,,,x
c_blois,PROV110,,Blois,,,,,,,,,,,x
c_blois,c_blois_adj,,Bloisian,,,,,,,,,,,x
b_bourgmoyen,b_bourgmoyen,,Bourgmoyen,,,,,,,,,,,x
b_blois,b_blois,,Blois,,,,,,,,,,,x
b_staignan,b_staignan,,St Aignan,,,,,,,,,,,x
b_romorantin,b_romorantin,,Romorantin,,,,,,,,,,,x
c_chateaudun,PROV1186,,Chateaudun,,,,,,,,,,,x
c_chateaudun,c_chateaudun_adj,,Chateaudun,,,,,,,,,,,x
b_chateaudun,b_chateaudun,,Châteaudun,,,,,,,,,,,x
b_beaugency,b_beaugency,,Beaugency,,,,,,,,,,,x
b_bonneval,b_bonneval,,Bonneval,,,,,,,,,,,x
d_berry,d_berry,,Berry,,,,,,,,,,,x
d_berry,d_berry_adj,,Berrian,,,,,,,,,,,x
c_bourges,PROV139,,Bourges,,,,,,,,,,,x
c_bourges,c_bourges_adj,,Bourges,,,,,,,,,,,x
c_bourges,greek,,Avaricum,,,,,,,,,,,x
c_bourges,roman,,Avaricum,,,,,,,,,,,x
b_vierzon,b_vierzon,,Vierzon,,,,,,,,,,,x
b_bourges,b_bourges,,Bourges,,,,,,,,,,,x
b_bourges,greek,,Avaricum,,,,,,,,,,,x
b_bourges,roman,,Avaricum,,,,,,,,,,,x
b_bourges,foa,,VICOMTE_FOA,,,,,,,,,,,x
b_bourges,title,,VICOMTE,,,,,,,,,,,x
b_bourges,title_female,,VICOMTESSE,,,,,,,,,,,x
b_bourges,title_prefix,,VICOMTE_OF,,,,,,,,,,,x
b_chateauroux,b_chateauroux,,Châteauroux,,,,,,,,,,,x
b_deols,b_deols,,Déols,,,,,,,,,,,x
c_sancerre,PROV1160,,Sancerre,,,,,,,,,,,x
c_sancerre,c_sancerre_adj,,Sancerre,,,,,,,,,,,x
b_sancerre,b_sancerre,,Sancerre,,,,,,,,,,,x
b_stbrisson,b_stbrisson,,Saint-Brisson,,,,,,,,,,,x
b_gien,b_gien,,Gien,,,,,,,,,,,x
d_nevers,d_nevers,,Nevers,,,,,,,,,,,x
d_nevers,d_nevers_adj,,Nivernais,,,,,,,,,,,x
d_nevers,name_tier,,count,,,,,,,,,,,x
c_nevers,PROV137,,Nevers,,,,,,,,,,,x
c_nevers,c_nevers_adj,,Neverian,,,,,,,,,,,x
c_nevers,greek,,Nevirnum,,,,,,,,,,,x
c_nevers,roman,,Nevirnum,,,,,,,,,,,x
b_nevers,b_nevers,,Nevers,,,,,,,,,,,x
b_nevers,greek,,Nevirnum,,,,,,,,,,,x
b_nevers,roman,,Nevirnum,,,,,,,,,,,x
b_lacharite,b_lacharite,,La Charité,,,,,,,,,,,x
b_donzy,b_donzy,,Donzy,,,,,,,,,,,x
b_clamecy,b_clamecy,,Clamecy,,,,,,,,,,,x
c_tonnerre,PROV1164,,Tonnerre,,,,,,,,,,,x
c_tonnerre,c_tonnerre_adj,,Tonnerre,,,,,,,,,,,x
b_chablis,b_chablis,,Chablis,,,,,,,,,,,x
b_tonnerre,b_tonnerre,,Tonnerre,,,,,,,,,,,x
b_saintflorentin,b_saintflorentin,,Saint-Florentin,,,,,,,,,,,x
b_noyers,b_noyers,,Noyers,,,,,,,,,,,x
c_auxerre,PROV132,,Auxerre,,,,,,,,,,,x
c_auxerre,c_auxerre_adj,,Auxerrian,,,,,,,,,,,x
c_auxerre,greek,,Autessiodurum,,,,,,,,,,,x
c_auxerre,roman,,Autessiodurum,,,,,,,,,,,x
b_auxerre,b_auxerre,,Auxerre,,,,,,,,,,,x
b_auxerre,greek,,Autessiodurum,,,,,,,,,,,x
b_auxerre,roman,,Autessiodurum,,,,,,,,,,,x
b_druyes,b_druyes,,Druyes,,,,,,,,,,,x
b_pontigny,b_pontigny,,Pontigny,,,,,,,,,,,x
b_cravant,b_cravant,,Cravant,,,,,,,,,,,x
d_archreims,d_archreims,,Reims,,,,,,,,,,,x
d_archreims,d_archreims_adj,,Reims,,,,,,,,,,,x
d_archreims,greek,,Remos,,,,,,,,,,,x
d_archreims,roman,,Remos,,,,,,,,,,,x
c_reims,PROV114,,Reims,,,,,,,,,,,x
c_reims,c_reims_adj,,Reimsian,,,,,,,,,,,x
c_reims,greek,,Remos,,,,,,,,,,,x
c_reims,roman,,Remos,,,,,,,,,,,x
b_reims,b_reims,,Reims,,,,,,,,,,,x
b_reims,greek,,Remos,,,,,,,,,,,x
b_reims,roman,,Remos,,,,,,,,,,,x
b_vitry,b_vitry,,Vitry,,,,,,,,,,,x
b_chalons,b_chalons,,Châlons,,,,,,,,,,,x
b_louvois,b_louvois,,Louvois,,,,,,,,,,,x
d_champagne,d_champagne,,Champagne,,,,,,,,,,,x
d_champagne,d_champagne_adj,,Champagne,,,,,,,,,,,x
d_champagne,name_tier,,count,,,,,,,,,,,x
c_champagne,PROV130,,Troyes,,,,,,,,,,,x
c_champagne,c_champagne_adj,,Troyes,,,,,,,,,,,x
c_champagne,greek,,Augoustobona,,,,,,,,,,,x
c_champagne,roman,,Augustobona,,,,,,,,,,,x
b_troyes,b_troyes,,Troyes,,,,,,,,,,,x
b_troyes,greek,,Augoustobona,,,,,,,,,,,x
b_troyes,roman,,Augustobona,,,,,,,,,,,x
b_romilly,b_romilly,,Romilly,,,,,,,,,,,x
b_brienne,b_brienne,,Brienne,,,,,,,,,,,x
b_clairvaux,b_clairvaux,,Clairvaux,,,,,,,,,,,x
c_brie,PROV1166,,Meaux,,,,,,,,,,,x
c_brie,c_brie_adj,,Brie,,,,,,,,,,,x
c_brie,greek,,Iatinon,,,,,,,,,,,x
c_brie,roman,,Iatinum,,,,,,,,,,,x
b_meaux,b_meaux,,Meaux,,,,,,,,,,,x
b_meaux,greek,,Iatinon,,,,,,,,,,,x
b_meaux,roman,,Iatinum,,,,,,,,,,,x
b_provins,b_provins,,Provins,,,,,,,,,,,x
b_montmirail_brie,b_montmirail_brie,,Montmirail,,,,,,,,,,,x
b_chateauthierry,b_chateauthierry,,Château-Thierry,,,,,,,,,,,x
c_vertus,PROV1185,,Vertus,,,,,,,,,,,x
c_vertus,c_vertus_adj,,Vertus,,,,,,,,,,,x
b_chatillon,b_chatillon,,Châtillon,,,,,,,,,,,x
b_montmort,b_montmort,,Montmort,,,,,,,,,,,x
b_vertus,b_vertus,,Vertus,,,,,,,,,,,x
c_sens,PROV131,,Sens,,,,,,,,,,,x
c_sens,c_sens_adj,,Sensian,,,,,,,,,,,x
c_sens,greek,,Agedincum,,,,,,,,,,,x
c_sens,roman,,Agedincum,,,,,,,,,,,x
b_sens,b_sens,,Sens,,,,,,,,,,,x
b_sens,greek,,Agedincum,,,,,,,,,,,x
b_sens,roman,,Agedincum,,,,,,,,,,,x
b_nogentsurseine,b_nogentsurseine,,Nogent-Sur-Seine,,,,,,,,,,,x
b_joigny,b_joigny,,Joigny,,,,,,,,,,,x
c_langres,PROV1165,,Langres,,,,,,,,,,,x
c_langres,c_langres_adj,,Langres,,,,,,,,,,,x
b_langres,b_langres,,Langres,,,,,,,,,,,x
b_chaumont,b_chaumont,,Chaumont,,,,,,,,,,,x
b_bourmont,b_bourmont,,Bourmont,,,,,,,,,,,x
d_rethel,d_rethel,,Rethel,,,,,,,,,,,x
d_rethel,d_rethel_adj,,Rethélois,,,,,,,,,,,x
d_rethel,name_tier,,count,,,,,,,,,,,x
c_rethel,PROV1162,,Réthel,,,,,,,,,,,x
c_rethel,c_rethel_adj,,Réthel,,,,,,,,,,,x
b_rethel,b_rethel,,Réthel,,,,,,,,,,,x
b_grandpre,b_grandpre,,Grandpré,,,,,,,,,,,x
b_buzancy,b_buzancy,,Buzancy,,,,,,,,,,,x
b_attignyardennes,b_attignyardennes,,Attigny,,,,,,,,,,,x
c_porcien,PROV1181,,Porcien,,,,,,,,,,,x
c_porcien,c_porcien_adj,,Porcien,,,,,,,,,,,x
b_signylabbeye,b_signylabbeye,,Signy,,,,,,,,,,,x
b_porcien,b_porcien,,Porcien,,,,,,,,,,,x
b_rumigny,b_rumigny,,Rumigny,,,,,,,,,,,x
d_valois,d_valois,,Valois,,,,,,,,,,,x
d_valois,d_valois_adj,,Valoisaine,,,,,,,,,,,x
c_ile_de_france,PROV112,,Paris,,,,,,,,,,,x
c_ile_de_france,c_ile_de_france_adj,,Ile de Francian,,,,,,,,,,,x
c_ile_de_france,greek,,Loukotekia,,,,,,,,,,,x
c_ile_de_france,roman,,Lutetia,,,,,,,,,,,x
b_paris,b_paris,,Paris,,,,,,,,,,,x
b_paris,greek,,Loukotekia,,,,,,,,,,,x
b_paris,roman,,Lutetia,,,,,,,,,,,x
b_chevreuse,b_chevreuse,,Chevreuse,,,,,,,,,,,x
b_melun,b_melun,,Melun,,,,,,,,,,,x
b_stdenis,b_stdenis,,Saint-Denis,,,,,,,,,,,x
b_rambouillet,b_rambouillet,,Rambouillet,,,,,,,,,,,x
b_etampes,b_etampes,,Étampes,,,,,,,,,,,x
b_compiegne,b_compiegne,,Compiègne,,,,,,,,,,,x
c_valois,PROV1176,,Valois,,,,,,,,,,,x
c_valois,c_valois_adj,,Valoisan,,,,,,,,,,,x
b_laon,b_laon,,Laon,,,,,,,,,,,x
b_crepy,b_crepy,,Crépy,,,,,,,,,,,x
b_soissons,b_soissons,,Soissons,,,,,,,,,,,x
b_soissons,greek,,Augousta Suessionum,,,,,,,,,,,x
b_soissons,roman,,Augusta Suessionum,,,,,,,,,,,x
b_noyon,b_noyon,,Noyon,,,,,,,,,,,x
b_senlis,b_senlis,,Senlis,,,,,,,,,,,x
b_senlis,greek,,Augoustomagos,,,,,,,,,,,x
b_senlis,roman,,Augustomagus,,,,,,,,,,,x
c_southvexin,PROV1177,,Vexin Français,,,,,,,,,,,x
c_southvexin,c_southvexin_adj,,Sud Vexian,,,,,,,,,,,x
b_larocheguyon,b_larocheguyon,,La Roche-Guyon,,,,,,,,,,,x
b_mantes,b_mantes,,Mantes,,,,,,,,,,,x
b_pontoise,b_pontoise,,Pontoise,,,,,,,,,,,x
c_vermandois,PROV113,,Vermandois,,,,,,,,,,,x
c_vermandois,c_vermandois_adj,,Vermandoisian,,,,,,,,,,,x
b_coucy,b_coucy,,Coucy,,,,,,,,,,,x
b_stquentin,b_stquentin,,St Quentin,,,,,,,,,,,x
b_montaigu,b_montaigu,,Montaigu,,,,,,,,,,,x
b_guise,b_guise,,Guise,,,,,,,,,,,x
b_signy,b_signy,,Signy,,,,,,,,,,,x
c_amiens,PROV95,,Amiens,,,,,,,,,,,x
c_amiens,c_amiens_adj,,Amienian,,,,,,,,,,,x
c_amiens,greek,,Samarobriva,,,,,,,,,,,x
c_amiens,roman,,Samarobriva,,,,,,,,,,,x
b_peronne,b_peronne,,Péronne,,,,,,,,,,,x
b_nesle,b_nesle,,Nesle,,,,,,,,,,,x
b_amiens,b_amiens,,Amiens,,,,,,,,,,,x
b_amiens,greek,,Samarobriva,,,,,,,,,,,x
b_amiens,roman,,Samarobriva,,,,,,,,,,,x
b_corbie,b_corbie,,Corbie,,,,,,,,,,,x
c_beauvais,PROV1169,,Beauvais,,,,,,,,,,,x
c_beauvais,c_beauvais_adj,,Beauvais,,,,,,,,,,,x
c_beauvais,greek,,Kaisaromagos,,,,,,,,,,,x
c_beauvais,roman,,Caesaromagus,,,,,,,,,,,x
b_beauvais,b_beauvais,,Beauvais,,,,,,,,,,,x
b_beauvais,greek,,Kaisaromagos,,,,,,,,,,,x
b_beauvais,roman,,Caesaromagus,,,,,,,,,,,x
b_breteuil,b_breteuil,,Breteuil,,,,,,,,,,,x
b_clermont,b_clermont,,Clermont,,,,,,,,,,,x
b_liancourt,b_liancourt,,Liancourt,,,,,,,,,,,x
k_aquitaine,k_aquitaine,,Aquitaine,,,,,,,,,,,x
k_aquitaine,k_aquitaine_adj,,Aquitanian,,,,,,,,,,,x
k_aquitaine,greek,,Septem Provinciae,,,,,,,,,,,x
k_aquitaine,roman,,Septem Provinciae,,,,,,,,,,,x
d_toulouse,d_toulouse,,Tolosa,,,,,,,,,,,x
d_toulouse,d_toulouse_adj,,Tolosa,,,,,,,,,,,x
d_toulouse,greek,,Tolosa,,,,,,,,,,,x
d_toulouse,roman,,Tolosa,,,,,,,,,,,x
c_toulouse,PROV214,,Tolosa,,,,,,,,,,,x
c_toulouse,c_toulouse_adj,,Toulousian,,,,,,,,,,,x
c_toulouse,greek,,Tolosa,,,,,,,,,,,x
c_toulouse,roman,,Tolosa,,,,,,,,,,,x
b_castelnaudary,b_castelnaudary,,Castèlnòu d'Arri,,,,,,,,,,,x
b_toulouse,b_toulouse,,Tolosoa,,,,,,,,,,,x
b_toulouse,greek,,Tolosa,,,,,,,,,,,x
b_toulouse,roman,,Tolosa,,,,,,,,,,,x
b_toulouse,foa,,CAPITOUL_FOA,,,,,,,,,,,x
b_toulouse,title,,CAPITOUL,,,,,,,,,,,x
b_montauban,b_montauban,,Montalban,,,,,,,,,,,x
b_lombez,b_lombez,,Lombèrs,,,,,,,,,,,x
b_hautpoul,b_hautpoul,,Hautpoul,,,,,,,,,,,x
b_lislejourdain,b_lislejourdain,,L'Isla de Baish,,,,,,,,,,,x
c_quercy,PROV1188,,Quercy,,,,,,,,,,,x
c_quercy,c_quercy_adj,,Quercy,,,,,,,,,,,x
b_cahors,b_cahors,,Cahors,,,,,,,,,,,x
b_figeac,b_figeac,,Figeac,,,,,,,,,,,x
b_morlhorn,b_morlhorn,,Morlhorn,,,,,,,,,,,x
b_saintantonin,b_saintantonin,,Sant Antonin,,,,,,,,,,,x
c_rouergue,PROV218,,Roergue,,,,,,,,,,,x
c_rouergue,c_rouergue_adj,,Rouerguian,,,,,,,,,,,x
b_rodez,b_rodez,,Rodés,,,,,,,,,,,x
b_vabres,b_vabres,,Vabre,,,,,,,,,,,x
b_najac,b_najac,,Najac,,,,,,,,,,,x
b_villefranche,b_villefranche,,Villefranche,,,,,,,,,,,x
b_caylus,b_caylus,,Cailutz,,,,,,,,,,,x
c_albi,PROV1167,,Albi,,,,,,,,,,,x
c_albi,c_albi_adj,,Albi,,,,,,,,,,,x
b_fayet,b_fayet,,Faiet,,,,,,,,,,,x
b_albioccitiania,b_albioccitiania,,Albi,,,,,,,,,,,x
b_lavaur,b_lavaur,,La Vaur,,,,,,,,,,,x
b_castres,b_castres,,Castrés,,,,,,,,,,,x
b_lombers,b_lombers,,Lombèrs,,,,,,,,,,,x
d_gevaudan,d_gevaudan,,Gévaudan,,,,,,,,,,,x
d_gevaudan,d_gevaudan_adj,,Gévaudan,,,,,,,,,,,x
d_gevaudan,name_tier,,count,,,,,,,,,,,x
c_milau,PROV1250,,Milau,,,,,,,,,,,x
c_milau,c_milau_adj,,Milau,,,,,,,,,,,x
c_milau,foa,,VICOMTE_FOA,,,,,,,,,,,x
c_milau,title,,VICOMTE,,,,,,,,,,,x
c_milau,title_female,,VICOMTESSE,,,,,,,,,,,x
c_milau,title_prefix,,VICOMTE_OF,,,,,,,,,,,x
b_nantmillau,b_nantmillau,,Nant,,,,,,,,,,,x
b_millau,b_millau,,Milhau,,,,,,,,,,,x
b_templarlacavalerie,b_templarlacavalerie,,La Cavalariá,,,,,,,,,,,x
b_rivieresurtarn,b_rivieresurtarn,,Castèl de Pèira Lada,,,,,,,,,,,x
c_gevaudan,PROV219,,Gavaudan,,,,,,,,,,,x
c_gevaudan,c_gevaudan_adj,,Gevaudanian,,,,,,,,,,,x
c_gevaudan,foa,,VICOMTE_FOA,,,,,,,,,,,x
c_gevaudan,title,,VICOMTE,,,,,,,,,,,x
c_gevaudan,title_female,,VICOMTESSE,,,,,,,,,,,x
c_gevaudan,title_prefix,,VICOMTE_OF,,,,,,,,,,,x
b_grezes,b_grezes,,Grésas,,,,,,,,,,,x
b_mende,b_mende,,Mende,,,,,,,,,,,x
b_apchier,b_apchier,,Apchier,,,,,,,,,,,x
b_marvejols,b_marvejols,,Maruèjols,,,,,,,,,,,x
d_foix,d_foix,,Pirenèus,,,,,,,,,,,x
d_foix,d_foix_adj,,Pirenèusen,,,,,,,,,,,x
c_foix,PROV210,,Fois,,,,,,,,,,,x
c_foix,c_foix_adj,,Foixian,,,,,,,,,,,x
b_foix,b_foix,,Fois,,,,,,,,,,,x
b_castagnac,b_castagnac,,Castanhac,,,,,,,,,,,x
b_mirepoix,b_mirepoix,,Mirapeis,,,,,,,,,,,x
b_roquefeuil,b_roquefeuil,,Ròcafuèlh,,,,,,,,,,,x
c_comminges,PROV1157,,Comminges,,,,,,,,,,,x
c_comminges,c_comminges_adj,,Comenge,,,,,,,,,,,x
b_stbertrand,b_stbertrand,,Sent Bertran,,,,,,,,,,,x
b_stgaudens,b_stgaudens,,Sent Gaudenç,,,,,,,,,,,x
b_aspet,b_aspet,,Aspèth,,,,,,,,,,,x
b_muret,b_muret,,Murèth,,,,,,,,,,,x
b_chateaumirabat,b_chateaumirabat,,Castèu de Mirabat,,,,,,,,,,,x
c_bearn,PROV208,,Béarn,,,,,,,,,,,x
c_bearn,c_bearn_adj,,Bearnian,,,,,,,,,,,x
c_bearn,foa,,VICOMTE_FOA,,,,,,,,,,,x
c_bearn,title,,VICOMTE,,,,,,,,,,,x
c_bearn,title_female,,VICOMTESSE,,,,,,,,,,,x
c_bearn,title_prefix,,VICOMTE_OF,,,,,,,,,,,x
b_pau,b_pau,,Pau,,,,,,,,,,,x
b_morlaas,b_morlaas,,Morlaàs,,,,,,,,,,,x
b_lescar,b_lescar,,Lescar,,,,,,,,,,,x
b_orthez,b_orthez,,Orthez,,,,,,,,,,,x
c_bigorre,PROV1187,,Bigorre,,,,,,,,,,,x
c_bigorre,c_bigorre_adj,,Bigorre,,,,,,,,,,,x
b_lourdes,b_lourdes,,Lourde,,,,,,,,,,,x
b_vicenbigorre,b_vicenbigorre,,Vic,,,,,,,,,,,x
b_tarbes,b_tarbes,,Tarbes,,,,,,,,,,,x
d_septimania,d_septimania,,Septimania,,,,,,,,,,,x
d_septimania,d_septimania_adj,,Septimania,,,,,,,,,,,x
c_narbonne,PROV212,,Narbona,,,,,,,,,,,x
c_narbonne,c_narbonne_adj,,Narbonnian,,,,,,,,,,,x
c_narbonne,greek,,Narbonesios,,,,,,,,,,,x
c_narbonne,roman,,Narbo Martius,,,,,,,,,,,x
c_narbonne,foa,,VICOMTE_FOA,,,,,,,,,,,x
c_narbonne,title,,VICOMTE,,,,,,,,,,,x
c_narbonne,title_female,,VICOMTESSE,,,,,,,,,,,x
c_narbonne,title_prefix,,VICOMTE_OF,,,,,,,,,,,x
b_cruzycastle,b_cruzycastle,,Crusi,,,,,,,,,,,x
b_narbonne_temple,b_narbonne_temple,,Narbona,,,,,,,,,,,x
b_narbonne_temple,greek,,Narbonesios,,,,,,,,,,,x
b_narbonne_temple,roman,,Narbo Martius,,,,,,,,,,,x
b_durbancorbires,b_durbancorbires,,Durban,,,,,,,,,,,x
b_fabrezan,b_fabrezan,,Fabresan,,,,,,,,,,,x
c_montpellier,PROV220,,Melguèlh,,,,,,,,,,,x
c_montpellier,c_montpellier_adj,,Montpellierian,,,,,,,,,,,x
b_montpellier,b_montpellier,,Montpelhièr,,,,,,,,,,,x
b_maguelone,b_maguelone,,Magalona,,,,,,,,,,,x
b_melgueil,b_melgueil,,Melguèlh,,,,,,,,,,,x
b_brissac,b_brissac,,Briçac,,,,,,,,,,,x
b_lodeve,b_lodeve,,Lodeva,,,,,,,,,,,x
c_nimes,PROV1249,,Nimes,,,,,,,,,,,x
c_nimes,c_nimes_adj,,Nimes,,,,,,,,,,,x
c_nimes,greek,,Nemausos,,,,,,,,,,,x
c_nimes,roman,,Nemausus,,,,,,,,,,,x
c_nimes,foa,,VICOMTE_FOA,,,,,,,,,,,x
c_nimes,title,,VICOMTE,,,,,,,,,,,x
c_nimes,title_female,,VICOMTESSE,,,,,,,,,,,x
c_nimes,title_prefix,,VICOMTE_OF,,,,,,,,,,,x
b_nimes,b_nimes,,Nimes,,,,,,,,,,,x
b_nimes,greek,,Nemausos,,,,,,,,,,,x
b_nimes,roman,,Nemausus,,,,,,,,,,,x
b_uzes,b_uzes,,Banhòus de Céser,,,,,,,,,,,x
b_chateaudebeucaire,b_chateaudebeucaire,,Bèucaire,,,,,,,,,,,x
b_saingilles,b_saingilles,,Sant Geli,,,,,,,,,,,x
c_carcassonne,PROV213,,Carcassona,,,,,,,,,,,x
c_carcassonne,c_carcassonne_adj,,Carcassonian,,,,,,,,,,,x
c_carcassonne,foa,,VICOMTE_FOA,,,,,,,,,,,x
c_carcassonne,title,,VICOMTE,,,,,,,,,,,x
c_carcassonne,title_female,,VICOMTESSE,,,,,,,,,,,x
c_carcassonne,title_prefix,,VICOMTE_OF,,,,,,,,,,,x
b_saissac,b_saissac,,Saissac,,,,,,,,,,,x
b_carcassonne_villebasse,b_carcassonne_villebasse,,Carcassonna,,,,,,,,,,,x
b_rases,b_rases,,Rasès,,,,,,,,,,,x
b_limoux,b_limoux,,Limós,,,,,,,,,,,x
b_lastours,b_lastours,,Las Tors,,,,,,,,,,,x
b_chateaudetermes,b_chateaudetermes,,Tèrme,,,,,,,,,,,x
c_beziers,PROV1168,,Béziers,,,,,,,,,,,x
c_beziers,c_beziers_adj,,Besièrs,,,,,,,,,,,x
c_beziers,greek,,Baitarra,,,,,,,,,,,x
c_beziers,roman,,Baeterrae,,,,,,,,,,,x
c_beziers,foa,,VICOMTE_FOA,,,,,,,,,,,x
c_beziers,title,,VICOMTE,,,,,,,,,,,x
c_beziers,title_female,,VICOMTESSE,,,,,,,,,,,x
c_beziers,title_prefix,,VICOMTE_OF,,,,,,,,,,,x
b_beziers,b_beziers,,Besièrs,,,,,,,,,,,x
b_beziers,greek,,Baitarra,,,,,,,,,,,x
b_beziers,roman,,Baeterrae,,,,,,,,,,,x
b_minerve,b_minerve,,Menèrba,,,,,,,,,,,x
b_pezenas,b_pezenas,,Pesenàs,,,,,,,,,,,x
b_agde,b_agde,,Agde,,,,,,,,,,,x
b_agde,greek,,Agathe Tyche,,,,,,,,,,,x
b_agde,roman,,Agatha,,,,,,,,,,,x
b_castelnaudeguers,b_castelnaudeguers,,Guèrs,,,,,,,,,,,x
d_gascogne,d_gascogne,,Gascogne,,,,,,,,,,,x
d_gascogne,d_gascogne_adj,,Gascognian,,,,,,,,,,,x
c_armagnac,PROV209,,Armagnac,,,,,,,,,,,x
c_armagnac,c_armagnac_adj,,Armagnacs,,,,,,,,,,,x
b_condom,b_condom,,Condom,,,,,,,,,,,x
b_lisle,b_lisle,,L'Isle,,,,,,,,,,,x
b_eauze,b_eauze,,Eauze,,,,,,,,,,,x
b_laujuzan,b_laujuzan,,Laur Jusan,,,,,,,,,,,x
b_auch,b_auch,,Auch,,,,,,,,,,,x
b_lectoure,b_lectoure,,Lectoure,,,,,,,,,,,x
c_labourd,PROV151,,Dax,,,,,,,,,,,x
c_labourd,c_labourd_adj,,Labourdian,,,,,,,,,,,x
c_labourd,foa,,VICOMTE_FOA,,,,,,,,,,,x
c_labourd,title,,VICOMTE,,,,,,,,,,,x
c_labourd,title_female,,VICOMTESSE,,,,,,,,,,,x
c_labourd,title_prefix,,VICOMTE_OF,,,,,,,,,,,x
b_sauveterre,b_sauveterre,,Sauveterre,,,,,,,,,,,x
b_bayonne,b_bayonne,,Bayonne,,,,,,,,,,,x
b_dax,b_dax,,Dax,,,,,,,,,,,x
b_aire,b_aire,,Aire,,,,,,,,,,,x
c_albret,PROV150,,Labrit,,,,,,,,,,,x
c_albret,c_albret_adj,,Albretian,,,,,,,,,,,x
b_labrit,b_labrit,,Labrit,,,,,,,,,,,x
b_tartas,b_tartas,,Tartàs,,,,,,,,,,,x
b_bazas,b_bazas,,Vasats,,,,,,,,,,,x
b_villandraut,b_villandraut,,Vilandraut,,,,,,,,,,,x
c_marsan,PROV1253,,Marsan,,,,,,,,,,,x
c_marsan,c_marsan_adj,,Marsan,,,,,,,,,,,x
b_donjonlacataye,b_donjonlacataye,,Lacataye,,,,,,,,,,,x
b_chateaunolibos,b_chateaunolibos,,Nolivòls,,,,,,,,,,,x
b_roquefort,b_roquefort,,Ròcahòrt,,,,,,,,,,,x
b_montdemarsan,b_montdemarsan,,Lo Mont de Marsan,,,,,,,,,,,x
d_aquitaine,d_aquitaine,,Aquitània,,,,,,,,,,,x
d_aquitaine,d_aquitaine_adj,,Aquitain,,,,,,,,,,,x
c_bordeaux,PROV149,,Bordeaux,,,,,,,,,,,x
c_bordeaux,c_bordeaux_adj,,Bordelais,,,,,,,,,,,x
c_bordeaux,greek,,Bourdigala,,,,,,,,,,,x
c_bordeaux,roman,,Burdigala,,,,,,,,,,,x
b_castillon,b_castillon,,Castillon,,,,,,,,,,,x
b_bordeaux,b_bordeaux,,Bordeaux,,,,,,,,,,,x
b_bordeaux,greek,,Bourdigala,,,,,,,,,,,x
b_bordeaux,roman,,Burdigala,,,,,,,,,,,x
b_stemilion,b_stemilion,,Stemilion,,,,,,,,,,,x
b_blaye,b_blaye,,Blaye,,,,,,,,,,,x
b_lasauve,b_lasauve,,Lasauve,,,,,,,,,,,x
b_libourne,b_libourne,,Libourne,,,,,,,,,,,x
c_agen,PROV215,,Agen,,,,,,,,,,,x
c_agen,c_agen_adj,,Agenian,,,,,,,,,,,x
b_casseneuil,b_casseneuil,,Casseneuil,,,,,,,,,,,x
b_abbayedeysses,b_abbayedeysses,,Abbaye d'Eysses,,,,,,,,,,,x
b_penne,b_penne,,Penne,,,,,,,,,,,x
b_agen,b_agen,,Agen,,,,,,,,,,,x
c_perigord,PROV216,,Périgord,,,,,,,,,,,x
c_perigord,c_perigord_adj,,Perigordian,,,,,,,,,,,x
c_perigord,greek,,Ouesouna,,,,,,,,,,,x
c_perigord,roman,,Vesunna,,,,,,,,,,,x
b_perigueux,b_perigueux,,Périgueux,,,,,,,,,,,x
b_perigueux,greek,,Ouesouna,,,,,,,,,,,x
b_perigueux,roman,,Vesunna,,,,,,,,,,,x
b_sarlat,b_sarlat,,Sarlat,,,,,,,,,,,x
b_bergerac,b_bergerac,,Bergerac,,,,,,,,,,,x
b_chancelade,b_chancelade,,Chancelade,,,,,,,,,,,x
d_auvergne,d_auvergne,,Auvèrnhe,,,,,,,,,,,x
d_auvergne,d_auvergne_adj,,Auvèrnhenan,,,,,,,,,,,x
c_auvergne,PROV217,,Auvèrnhe,,,,,,,,,,,x
c_auvergne,c_auvergne_adj,,Auvergnian,,,,,,,,,,,x
b_montferrand,b_montferrand,,Montferrand,,,,,,,,,,,x
b_brioude,b_brioude,,Brioude,,,,,,,,,,,x
b_clairmont,b_clairmont,,Clairmont,,,,,,,,,,,x
b_riom,b_riom,,Riom,,,,,,,,,,,x
b_chateaudopme,b_chateaudopme,,Castèu d'Opme,,,,,,,,,,,x
c_dauphinedeauvergne,PROV1255,,Dauphin d'auvergne,,,,,,,,,,,x
c_dauphinedeauvergne,c_dauphinedeauvergne_adj,,Auvèrnhe,,,,,,,,,,,x
c_dauphinedeauvergne,short_name,,yes,,,,,,,,,,,x
b_vodable,b_vodable,,Vodable,,,,,,,,,,,x
b_labbeyblese,b_labbeyblese,,Blesle,,,,,,,,,,,x
b_auriacleglise,b_auriacleglise,,Auriac,,,,,,,,,,,x
b_murol,b_murol,,Murol,,,,,,,,,,,x
c_carlades,PROV1251,,Carlat,,,,,,,,,,,x
c_carlades,c_carlades_adj,,Carladés,,,,,,,,,,,x
c_carlades,foa,,VICOMTE_FOA,,,,,,,,,,,x
c_carlades,title,,VICOMTE,,,,,,,,,,,x
c_carlades,title_female,,VICOMTESSE,,,,,,,,,,,x
c_carlades,title_prefix,,VICOMTE_OF,,,,,,,,,,,x
b_carlat,b_carlat,,Carlat,,,,,,,,,,,x
b_murat,b_murat,,Murat,,,,,,,,,,,x
b_leabbeysauxillanges,b_leabbeysauxillanges,,Sauxillanges,,,,,,,,,,,x
b_auvergnepleaux,b_auvergnepleaux,,Pleaux,,,,,,,,,,,x
b_aurillac,b_aurillac,,Orlhac,,,,,,,,,,,x
b_stflour,b_stflour,,Saint Flour,,,,,,,,,,,x
c_velay,PROV1156,,Velay,,,,,,,,,,,x
c_velay,c_velay_adj,,Velai,,,,,,,,,,,x
b_lachaisedieu,b_lachaisedieu,,La-Chaise-Dieu,,,,,,,,,,,x
b_lepuy,b_lepuy,,Le Puy,,,,,,,,,,,x
b_monistrol,b_monistrol,,Monistrol,,,,,,,,,,,x
b_yssingeaux,b_yssingeaux,,Yssingeaux,,,,,,,,,,,x
d_poitou,d_poitou,,Poitou,,,,,,,,,,,x
d_poitou,d_poitou_adj,,Poitevin,,,,,,,,,,,x
c_lusignan,PROV144,,Lusignan,,,,,,,,,,,x
c_lusignan,c_lusignan_adj,,Lusignian,,,,,,,,,,,x
b_lusignan,b_lusignan,,Lusignan,,,,,,,,,,,x
b_charroux,b_charroux,,Charroux,,,,,,,,,,,x
b_niort,b_niort,,Niort,,,,,,,,,,,x
b_melle,b_melle,,Melle,,,,,,,,,,,x
c_saintonge,PROV143,,Saintonge,,,,,,,,,,,x
c_saintonge,c_saintonge_adj,,Saintongian,,,,,,,,,,,x
b_montguyon,b_montguyon,,Montguyon,,,,,,,,,,,x
b_saintes,b_saintes,,Saintes,,,,,,,,,,,x
b_stjeandangely,b_stjeandangely,,St Jean-d'Angély,,,,,,,,,,,x
b_villeneuve,b_villeneuve,,Villeneuve,,,,,,,,,,,x
b_royan,b_royan,,Royan,,,,,,,,,,,x
c_poitiers,PROV141,,Poitiers,,,,,,,,,,,x
c_poitiers,c_poitiers_adj,,Poitierian,,,,,,,,,,,x
c_poitiers,greek,,Limounon,,,,,,,,,,,x
c_poitiers,roman,,Lemonum,,,,,,,,,,,x
b_chauvigny,b_chauvigny,,Chauvigny,,,,,,,,,,,x
b_poitiers,b_poitiers,,Poitiers,,,,,,,,,,,x
b_poitiers,greek,,Limounon,,,,,,,,,,,x
b_poitiers,roman,,Lemonum,,,,,,,,,,,x
b_stsavin,b_stsavin,,St Savin,,,,,,,,,,,x
b_moncontour,b_moncontour,,Montcontour,,,,,,,,,,,x
b_chatellerault,b_chatellerault,,Châtellerault,,,,,,,,,,,x
c_thouars,PROV142,,Thouars,,,,,,,,,,,x
c_thouars,c_thouars_adj,,Thouarian,,,,,,,,,,,x
b_thouars,b_thouars,,Thouars,,,,,,,,,,,x
b_lucon,b_lucon,,Luçon,,,,,,,,,,,x
b_bressuire,b_bressuire,,Bressuire,,,,,,,,,,,x
b_olonne,b_olonne,,Olonne,,,,,,,,,,,x
c_aunis,PROV1246,,Aunis,,,,,,,,,,,x
c_aunis,c_aunis_adj,,Aunis,,,,,,,,,,,x
b_surgeres,b_surgeres,,Surgères,,,,,,,,,,,x
b_larochelle,b_larochelle,,La Rochelle,,,,,,,,,,,x
b_chatelaillon,b_chatelaillon,,Castrym Allionis,,,,,,,,,,,x
b_godsgrace,b_godsgrace,,Grâce-Dieu,,,,,,,,,,,x
c_angouleme,PROV148,,Angoulême,,,,,,,,,,,x
c_angouleme,c_angouleme_adj,,Angoulemian,,,,,,,,,,,x
c_angouleme,greek,,Iculisma,,,,,,,,,,,x
c_angouleme,roman,,Iculisma,,,,,,,,,,,x
b_jarnac,b_jarnac,,Jarnac,,,,,,,,,,,x
b_angouleme,b_angouleme,,Angoulême,,,,,,,,,,,x
b_angouleme,greek,,Iculisma,,,,,,,,,,,x
b_angouleme,roman,,Iculisma,,,,,,,,,,,x
b_bassac,b_bassac,,Bassac,,,,,,,,,,,x
b_larochefoucauld,b_larochefoucauld,,La Rochefoucauld,,,,,,,,,,,x
b_cognac,b_cognac,,Cognac,,,,,,,,,,,x
d_limousin,d_limousin,,Lemosin,,,,,,,,,,,x
d_limousin,d_limousin_adj,,Lemosinan,,,,,,,,,,,x
c_la_marche,PROV145,,La Marche,,,,,,,,,,,x
c_la_marche,c_la_marche_adj,,La Marchian,,,,,,,,,,,x
b_bellac,b_bellac,,Bellac,,,,,,,,,,,x
b_gueret,b_gueret,,Guéret,,,,,,,,,,,x
b_aubusson,b_aubusson,,Aubusson,,,,,,,,,,,x
c_limousin,PROV147,,Limousin,,,,,,,,,,,x
c_limousin,c_limousin_adj,,Limousinian,,,,,,,,,,,x
c_limousin,greek,,Augoustoriton,,,,,,,,,,,x
c_limousin,roman,,Augustoritum,,,,,,,,,,,x
b_limotges,b_limotges,,Limòtges,,,,,,,,,,,x
b_limotges,greek,,Augoustoriton,,,,,,,,,,,x
b_limotges,roman,,Augustoritum,,,,,,,,,,,x
b_rochechouart,b_rochechouart,,Rechoard,,,,,,,,,,,x
b_chalus,b_chalus,,Chasluç,,,,,,,,,,,x
b_stleonard,b_stleonard,,Sent Liunard,,,,,,,,,,,x
c_ventadour,PROV1161,,Ventadour,,,,,,,,,,,x
c_ventadour,c_ventadour_adj,,Ventadour,,,,,,,,,,,x
b_comborn,b_comborn,,Combòrn,,,,,,,,,,,x
b_ventadour,b_ventadour,,Ventadorn,,,,,,,,,,,x
b_donzenac,b_donzenac,,Domzenac,,,,,,,,,,,x
